{"type": "FeatureCollection", "features": [{"type": "Feature", "geometry": {"type": "Polygon", "coordinates": [[[83.37455634513873, 26.757527673579244], [83.37396023564956, 26.759197931713764], [83.37197869370003, 26.75948449965905], [83.37059329352493, 26.75810082876105], [83.37118940629297, 26.75643058366703], [83.37317091595838, 26.756143996430083], [83.37455634513873, 26.757527673579244]]]}, "properties": {"h3_id": "893c14004b7ffff", "eligible_devices": 5, "qualifying_events": 2, "events_1_to_3_hours": 2, "events_over_3_hours": 0, "worst_affected_devices": 4, "worst_affected_share": 0.8, "longest_event_minutes": 80.0, "latest_event_start_ist": "2026-07-06 02:25:00", "latest_event_end_ist": "2026-07-06 03:35:00", "severity": "1_to_3_hours"}}, {"type": "Feature", "geometry": {"type": "Polygon", "coordinates": [[[83.35872204600211, 26.74397655343685], [83.35812593909988, 26.745646914272008], [83.3561447052679, 26.745933383607124], [83.35475961062896, 26.744549511424992], [83.35535572078805, 26.742879163654393], [83.3573369223304, 26.74259267500096], [83.35872204600211, 26.74397655343685]]]}, "properties": {"h3_id": "893c14004cbffff", "eligible_devices": 11, "qualifying_events": 1, "events_1_to_3_hours": 0, "events_over_3_hours": 1, "worst_affected_devices": 8, "worst_affected_share": 0.7273, "longest_event_minutes": 185.0, "latest_event_start_ist": "2026-07-25 08:25:00", "latest_event_end_ist": "2026-07-25 11:30:00", "severity": "over_3_hours"}}, {"type": "Feature", "geometry": {"type": "Polygon", "coordinates": [[[83.35414591617544, 26.76206214740543], [83.3535497629207, 26.763732107607932], [83.35156846158834, 26.764018324361746], [83.35018334580818, 26.762634600230534], [83.35077950231394, 26.76096465308234], [83.35276077134995, 26.760678417010638], [83.35414591617544, 26.76206214740543]]]}, "properties": {"h3_id": "893c1402207ffff", "eligible_devices": 8, "qualifying_events": 1, "events_1_to_3_hours": 1, "events_over_3_hours": 0, "worst_affected_devices": 6, "worst_affected_share": 0.75, "longest_event_minutes": 150.0, "latest_event_start_ist": "2026-07-18 03:00:00", "latest_event_end_ist": "2026-07-18 05:30:00", "severity": "1_to_3_hours"}}, {"type": "Feature", "geometry": {"type": "Polygon", "coordinates": [[[83.38444854220207, 26.77193666024353], [83.38385241841517, 26.773606737767178], [83.3818706417835, 26.773893306917856], [83.3804850212219, 26.772509817817248], [83.38108114830158, 26.770839753314387], [83.38306289265121, 26.77055316489092], [83.38444854220207, 26.77193666024353]]]}, "properties": {"h3_id": "893c1402337ffff", "eligible_devices": 6, "qualifying_events": 1, "events_1_to_3_hours": 1, "events_over_3_hours": 0, "worst_affected_devices": 6, "worst_affected_share": 1.0, "longest_event_minutes": 75.0, "latest_event_start_ist": "2026-07-27 11:50:00", "latest_event_end_ist": "2026-07-27 13:05:00", "severity": "1_to_3_hours"}}, {"type": "Feature", "geometry": {"type": "Polygon", "coordinates": [[[83.41238985185669, 26.77264511053419], [83.41179377353426, 26.77431546018042], [83.40981161932201, 26.774602439874098], [83.40842557570022, 26.773219089155408], [83.40902165735375, 26.771548752505588], [83.41100377929914, 26.77126175357762], [83.41238985185669, 26.77264511053419]]]}, "properties": {"h3_id": "893c1402a97ffff", "eligible_devices": 5, "qualifying_events": 1, "events_1_to_3_hours": 1, "events_over_3_hours": 0, "worst_affected_devices": 5, "worst_affected_share": 1.0, "longest_event_minutes": 170.0, "latest_event_start_ist": "2026-07-21 07:55:00", "latest_event_end_ist": "2026-07-21 10:45:00", "severity": "1_to_3_hours"}}, {"type": "Feature", "geometry": {"type": "Polygon", "coordinates": [[[83.3979192056574, 26.776323634400246], [83.397323095088, 26.777993763969825], [83.3953411075063, 26.778280489887894], [83.3939552627708, 26.7768971054887], [83.39455137665156, 26.775226988925027], [83.3965333319576, 26.774940243754227], [83.3979192056574, 26.776323634400246]]]}, "properties": {"h3_id": "893c1402e03ffff", "eligible_devices": 5, "qualifying_events": 3, "events_1_to_3_hours": 1, "events_over_3_hours": 2, "worst_affected_devices": 5, "worst_affected_share": 1.0, "longest_event_minutes": 555.0, "latest_event_start_ist": "2026-07-28 13:45:00", "latest_event_end_ist": "2026-07-28 15:05:00", "severity": "over_3_hours"}}, {"type": "Feature", "geometry": {"type": "Polygon", "coordinates": [[[83.39870899585027, 26.779377122170256], [83.39811288006855, 26.781047200040685], [83.39613086021093, 26.78133390670824], [83.39474498841211, 26.779950554755484], [83.3953411075063, 26.778280489887894], [83.397323095088, 26.777993763969825], [83.39870899585027, 26.779377122170256]]]}, "properties": {"h3_id": "893c1402e17ffff", "eligible_devices": 6, "qualifying_events": 3, "events_1_to_3_hours": 2, "events_over_3_hours": 1, "worst_affected_devices": 6, "worst_affected_share": 1.0, "longest_event_minutes": 350.0, "latest_event_start_ist": "2026-07-28 13:45:00", "latest_event_end_ist": "2026-07-28 15:05:00", "severity": "over_3_hours"}}, {"type": "Feature", "geometry": {"type": "Polygon", "coordinates": [[[83.39949880789372, 26.782430525786623], [83.39890268689986, 26.784100551951177], [83.39692063476605, 26.78438723937045], [83.39553473590342, 26.78300391987305], [83.39613086021093, 26.78133390670824], [83.39811288006855, 26.781047200040685], [83.39949880789372, 26.782430525786623]]]}, "properties": {"h3_id": "893c1402ebbffff", "eligible_devices": 5, "qualifying_events": 2, "events_1_to_3_hours": 1, "events_over_3_hours": 1, "worst_affected_devices": 5, "worst_affected_share": 1.0, "longest_event_minutes": 355.0, "latest_event_start_ist": "2026-07-28 13:50:00", "latest_event_end_ist": "2026-07-28 15:05:00", "severity": "over_3_hours"}}, {"type": "Feature", "geometry": {"type": "Polygon", "coordinates": [[[83.39118365639506, 26.774130278063833], [83.39058753920762, 26.775800381617902], [83.3886056570783, 26.776087029141014], [83.38721992441639, 26.77470359237239], [83.3878160449059, 26.773033501831673], [83.38979789475636, 26.772746835045805], [83.39118365639506, 26.774130278063833]]]}, "properties": {"h3_id": "893c1402ecfffff", "eligible_devices": 5, "qualifying_events": 3, "events_1_to_3_hours": 1, "events_over_3_hours": 2, "worst_affected_devices": 5, "worst_affected_share": 1.0, "longest_event_minutes": 565.0, "latest_event_start_ist": "2026-07-28 13:50:00", "latest_event_end_ist": "2026-07-28 15:05:00", "severity": "over_3_hours"}}, {"type": "Feature", "geometry": {"type": "Polygon", "coordinates": [[[83.35793302400748, 26.740922262550917], [83.3573369223304, 26.74259267500096], [83.35535572078805, 26.742879163654393], [83.35397065321331, 26.741495259177952], [83.35456675814608, 26.73982485979555], [83.35654792739905, 26.739538351821558], [83.35793302400748, 26.740922262550917]]]}, "properties": {"h3_id": "893c1403127ffff", "eligible_devices": 17, "qualifying_events": 1, "events_1_to_3_hours": 0, "events_over_3_hours": 1, "worst_affected_devices": 13, "worst_affected_share": 0.7647, "longest_event_minutes": 185.0, "latest_event_start_ist": "2026-07-25 08:25:00", "latest_event_end_ist": "2026-07-25 11:30:00", "severity": "over_3_hours"}}, {"type": "Feature", "geometry": {"type": "Polygon", "coordinates": [[[77.72422803097632, 29.465831110077207], [77.7250653415695, 29.464168197274546], [77.72722275438065, 29.46397576900513], [77.728542954864, 29.465446231467126], [77.72770572243788, 29.467109182732994], [77.72554821135775, 29.467301633074584], [77.72422803097632, 29.465831110077207]]]}, "properties": {"h3_id": "893d123982fffff", "eligible_devices": 5, "qualifying_events": 1, "events_1_to_3_hours": 0, "events_over_3_hours": 1, "worst_affected_devices": 4, "worst_affected_share": 0.8, "longest_event_minutes": 225.0, "latest_event_start_ist": "2026-07-15 11:25:00", "latest_event_end_ist": "2026-07-15 15:10:00", "severity": "over_3_hours"}}, {"type": "Feature", "geometry": {"type": "Polygon", "coordinates": [[[77.70539544713814, 29.45003982658575], [77.7062330686241, 29.448377285989068], [77.70839011817161, 29.44818522948542], [77.70970964447766, 29.44965569155827], [77.70887210107666, 29.45131827065509], [77.70671495328106, 29.451510349179834], [77.70539544713814, 29.45003982658575]]]}, "properties": {"h3_id": "893d1239a8fffff", "eligible_devices": 5, "qualifying_events": 3, "events_1_to_3_hours": 2, "events_over_3_hours": 1, "worst_affected_devices": 4, "worst_affected_share": 0.8, "longest_event_minutes": 295.0, "latest_event_start_ist": "2026-07-28 14:20:00", "latest_event_end_ist": "2026-07-28 16:15:00", "severity": "over_3_hours"}}, {"type": "Feature", "geometry": {"type": "Polygon", "coordinates": [[[77.6903107754577, 29.479970192190883], [77.69114918498806, 29.478307163878437], [77.69330733141494, 29.478115210138117], [77.69462716666567, 29.479586262718414], [77.69378883525498, 29.48124932956255], [77.6916305904703, 29.481441305295608], [77.6903107754577, 29.479970192190883]]]}, "properties": {"h3_id": "893d1239c03ffff", "eligible_devices": 25, "qualifying_events": 1, "events_1_to_3_hours": 1, "events_over_3_hours": 0, "worst_affected_devices": 24, "worst_affected_share": 0.96, "longest_event_minutes": 135.0, "latest_event_start_ist": "2026-07-20 09:50:00", "latest_event_end_ist": "2026-07-20 12:05:00", "severity": "1_to_3_hours"}}, {"type": "Feature", "geometry": {"type": "Polygon", "coordinates": [[[77.69378883525498, 29.48124932956255], [77.69462716666567, 29.479586262718414], [77.69678532691074, 29.479394247797742], [77.69810525409832, 29.48086527772042], [77.69726700081857, 29.482528383089363], [77.69510874221669, 29.482720420011734], [77.69378883525498, 29.48124932956255]]]}, "properties": {"h3_id": "893d1239c07ffff", "eligible_devices": 13, "qualifying_events": 1, "events_1_to_3_hours": 1, "events_over_3_hours": 0, "worst_affected_devices": 13, "worst_affected_share": 1.0, "longest_event_minutes": 135.0, "latest_event_start_ist": "2026-07-20 09:50:00", "latest_event_end_ist": "2026-07-20 12:05:00", "severity": "1_to_3_hours"}}, {"type": "Feature", "geometry": {"type": "Polygon", "coordinates": [[[77.68982944167894, 29.47683608865237], [77.69066782455504, 29.47517312021005], [77.69282587263275, 29.474981188460358], [77.69414563617994, 29.476452203163277], [77.69330733141494, 29.478115210138117], [77.69114918498806, 29.478307163878437], [77.68982944167894, 29.47683608865237]]]}, "properties": {"h3_id": "893d1239c0bffff", "eligible_devices": 11, "qualifying_events": 1, "events_1_to_3_hours": 1, "events_over_3_hours": 0, "worst_affected_devices": 9, "worst_affected_share": 0.8182, "longest_event_minutes": 135.0, "latest_event_start_ist": "2026-07-20 09:50:00", "latest_event_end_ist": "2026-07-20 12:05:00", "severity": "1_to_3_hours"}}, {"type": "Feature", "geometry": {"type": "Polygon", "coordinates": [[[77.69330733141494, 29.478115210138117], [77.69414563617994, 29.476452203163277], [77.69630369807686, 29.476260210242177], [77.69762355355333, 29.47773120229726], [77.69678532691074, 29.479394247797742], [77.69462716666567, 29.479586262718414], [77.69330733141494, 29.478115210138117]]]}, "properties": {"h3_id": "893d1239c0fffff", "eligible_devices": 27, "qualifying_events": 1, "events_1_to_3_hours": 1, "events_over_3_hours": 0, "worst_affected_devices": 27, "worst_affected_share": 1.0, "longest_event_minutes": 140.0, "latest_event_start_ist": "2026-07-20 09:45:00", "latest_event_end_ist": "2026-07-20 12:05:00", "severity": "1_to_3_hours"}}, {"type": "Feature", "geometry": {"type": "Polygon", "coordinates": [[[77.68731403020361, 29.48182515637795], [77.68815254450631, 29.48016210673956], [77.6903107754577, 29.479970192190883], [77.6916305904703, 29.481441305295608], [77.69079215428448, 29.483104393471784], [77.68863382496562, 29.48329633000636], [77.68731403020361, 29.48182515637795]]]}, "properties": {"h3_id": "893d1239c13ffff", "eligible_devices": 10, "qualifying_events": 1, "events_1_to_3_hours": 1, "events_over_3_hours": 0, "worst_affected_devices": 9, "worst_affected_share": 0.9, "longest_event_minutes": 135.0, "latest_event_start_ist": "2026-07-20 09:50:00", "latest_event_end_ist": "2026-07-20 12:05:00", "severity": "1_to_3_hours"}}, {"type": "Feature", "geometry": {"type": "Polygon", "coordinates": [[[77.69079215428448, 29.483104393471784], [77.6916305904703, 29.481441305295608], [77.69378883525498, 29.48124932956255], [77.69510874221669, 29.482720420011734], [77.69427038415908, 29.48438354671879], [77.69211204100795, 29.4845755444467], [77.69079215428448, 29.483104393471784]]]}, "properties": {"h3_id": "893d1239c17ffff", "eligible_devices": 23, "qualifying_events": 1, "events_1_to_3_hours": 1, "events_over_3_hours": 0, "worst_affected_devices": 23, "worst_affected_share": 1.0, "longest_event_minutes": 140.0, "latest_event_start_ist": "2026-07-20 09:45:00", "latest_event_end_ist": "2026-07-20 12:05:00", "severity": "1_to_3_hours"}}, {"type": "Feature", "geometry": {"type": "Polygon", "coordinates": [[[77.68683282144762, 29.478690970991117], [77.6876713090863, 29.47702798121727], [77.68982944167894, 29.47683608865237], [77.69114918498806, 29.478307163878437], [77.6903107754577, 29.479970192190883], [77.68815254450631, 29.48016210673956], [77.68683282144762, 29.478690970991117]]]}, "properties": {"h3_id": "893d1239c1bffff", "eligible_devices": 8, "qualifying_events": 1, "events_1_to_3_hours": 1, "events_over_3_hours": 0, "worst_affected_devices": 7, "worst_affected_share": 0.875, "longest_event_minutes": 140.0, "latest_event_start_ist": "2026-07-20 09:45:00", "latest_event_end_ist": "2026-07-20 12:05:00", "severity": "1_to_3_hours"}}, {"type": "Feature", "geometry": {"type": "Polygon", "coordinates": [[[77.70026342814552, 29.480673201614458], [77.70110157665437, 29.479010117595255], [77.70325966614145, 29.47881800231657], [77.70457970546227, 29.48028894904049], [77.70374163509844, 29.481952071571527], [77.70158344726518, 29.4821442088677], [77.70026342814552, 29.480673201614458]]]}, "properties": {"h3_id": "893d1239c23ffff", "eligible_devices": 23, "qualifying_events": 1, "events_1_to_3_hours": 0, "events_over_3_hours": 1, "worst_affected_devices": 22, "worst_affected_share": 0.9565, "longest_event_minutes": 365.0, "latest_event_start_ist": "2026-07-20 09:45:00", "latest_event_end_ist": "2026-07-20 15:50:00", "severity": "over_3_hours"}}, {"type": "Feature", "geometry": {"type": "Polygon", "coordinates": [[[77.70374163509844, 29.481952071571527], [77.70457970546227, 29.48028894904049], [77.70673780872032, 29.480096772575603], [77.70805793995618, 29.481567696616203], [77.7072199477487, 29.483230857652178], [77.70506174614546, 29.48342305614351], [77.70374163509844, 29.481952071571527]]]}, "properties": {"h3_id": "893d1239c27ffff", "eligible_devices": 8, "qualifying_events": 1, "events_1_to_3_hours": 0, "events_over_3_hours": 1, "worst_affected_devices": 6, "worst_affected_share": 0.75, "longest_event_minutes": 410.0, "latest_event_start_ist": "2026-07-20 09:50:00", "latest_event_end_ist": "2026-07-20 16:40:00", "severity": "over_3_hours"}}, {"type": "Feature", "geometry": {"type": "Polygon", "coordinates": [[[77.69978162925335, 29.477539148199835], [77.70061975113478, 29.47587612405466], [77.70277774228435, 29.47568403079134], [77.7040977098864, 29.477154939658742], [77.70325966614145, 29.47881800231657], [77.70110157665437, 29.479010117595255], [77.69978162925335, 29.477539148199835]]]}, "properties": {"h3_id": "893d1239c2bffff", "eligible_devices": 9, "qualifying_events": 1, "events_1_to_3_hours": 0, "events_over_3_hours": 1, "worst_affected_devices": 9, "worst_affected_share": 1.0, "longest_event_minutes": 350.0, "latest_event_start_ist": "2026-07-20 09:45:00", "latest_event_end_ist": "2026-07-20 15:35:00", "severity": "over_3_hours"}}, {"type": "Feature", "geometry": {"type": "Polygon", "coordinates": [[[77.70325966614145, 29.47881800231657], [77.7040977098864, 29.477154939658742], [77.70625571480794, 29.476962785218184], [77.70757577431746, 29.47843367141203], [77.70673780872032, 29.480096772575603], [77.70457970546227, 29.48028894904049], [77.70325966614145, 29.47881800231657]]]}, "properties": {"h3_id": "893d1239c2fffff", "eligible_devices": 7, "qualifying_events": 3, "events_1_to_3_hours": 1, "events_over_3_hours": 2, "worst_affected_devices": 6, "worst_affected_share": 0.8571, "longest_event_minutes": 415.0, "latest_event_start_ist": "2026-07-20 09:45:00", "latest_event_end_ist": "2026-07-20 16:40:00", "severity": "over_3_hours"}}, {"type": "Feature", "geometry": {"type": "Polygon", "coordinates": [[[77.70074527212772, 29.483807352754564], [77.70158344726518, 29.4821442088677], [77.70374163509844, 29.481952071571527], [77.70506174614546, 29.48342305614351], [77.70422364916159, 29.485086238541385], [77.70206536297351, 29.485278397857172], [77.70074527212772, 29.483807352754564]]]}, "properties": {"h3_id": "893d1239c37ffff", "eligible_devices": 9, "qualifying_events": 1, "events_1_to_3_hours": 0, "events_over_3_hours": 1, "worst_affected_devices": 7, "worst_affected_share": 0.7778, "longest_event_minutes": 290.0, "latest_event_start_ist": "2026-07-20 09:50:00", "latest_event_end_ist": "2026-07-20 14:40:00", "severity": "over_3_hours"}}, {"type": "Feature", "geometry": {"type": "Polygon", "coordinates": [[[77.69678532691074, 29.479394247797742], [77.69762355355333, 29.47773120229726], [77.69978162925335, 29.477539148199835], [77.70110157665437, 29.479010117595255], [77.70026342814552, 29.480673201614458], [77.69810525409832, 29.48086527772042], [77.69678532691074, 29.479394247797742]]]}, "properties": {"h3_id": "893d1239c3bffff", "eligible_devices": 8, "qualifying_events": 3, "events_1_to_3_hours": 1, "events_over_3_hours": 2, "worst_affected_devices": 8, "worst_affected_share": 1.0, "longest_event_minutes": 460.0, "latest_event_start_ist": "2026-07-27 15:50:00", "latest_event_end_ist": "2026-07-27 19:05:00", "severity": "over_3_hours"}}, {"type": "Feature", "geometry": {"type": "Polygon", "coordinates": [[[77.69582211431063, 29.473126270437547], [77.69666028768248, 29.471463344693138], [77.69881816671413, 29.471271334606456], [77.7001379707002, 29.472742228260778], [77.69929987544496, 29.474405192525545], [77.69714189808347, 29.474597224616556], [77.69582211431063, 29.473126270437547]]]}, "properties": {"h3_id": "893d1239c63ffff", "eligible_devices": 5, "qualifying_events": 6, "events_1_to_3_hours": 4, "events_over_3_hours": 2, "worst_affected_devices": 4, "worst_affected_share": 0.8, "longest_event_minutes": 375.0, "latest_event_start_ist": "2026-07-23 08:35:00", "latest_event_end_ist": "2026-07-23 10:25:00", "severity": "over_3_hours"}}, {"type": "Feature", "geometry": {"type": "Polygon", "coordinates": [[[77.69282587263275, 29.474981188460358], [77.69366415075324, 29.47331824136117], [77.69582211431063, 29.473126270437547], [77.69714189808347, 29.474597224616556], [77.69630369807686, 29.476260210242177], [77.69414563617994, 29.476452203163277], [77.69282587263275, 29.474981188460358]]]}, "properties": {"h3_id": "893d1239c73ffff", "eligible_devices": 6, "qualifying_events": 1, "events_1_to_3_hours": 1, "events_over_3_hours": 0, "worst_affected_devices": 5, "worst_affected_share": 0.8333, "longest_event_minutes": 135.0, "latest_event_start_ist": "2026-07-20 09:50:00", "latest_event_end_ist": "2026-07-20 12:05:00", "severity": "1_to_3_hours"}}, {"type": "Feature", "geometry": {"type": "Polygon", "coordinates": [[[77.69630369807686, 29.476260210242177], [77.69714189808347, 29.474597224616556], [77.69929987544496, 29.474405192525545], [77.70061975113478, 29.47587612405466], [77.69978162925335, 29.477539148199835], [77.69762355355333, 29.47773120229726], [77.69630369807686, 29.476260210242177]]]}, "properties": {"h3_id": "893d1239c77ffff", "eligible_devices": 13, "qualifying_events": 1, "events_1_to_3_hours": 0, "events_over_3_hours": 1, "worst_affected_devices": 12, "worst_affected_share": 0.9231, "longest_event_minutes": 300.0, "latest_event_start_ist": "2026-07-20 09:45:00", "latest_event_end_ist": "2026-07-20 14:45:00", "severity": "over_3_hours"}}, {"type": "Feature", "geometry": {"type": "Polygon", "coordinates": [[[77.69234445890213, 29.4718472645441], [77.69318271037929, 29.470184377326945], [77.69534057560584, 29.469992428398687], [77.69666028768248, 29.471463344693138], [77.69582211431063, 29.473126270437547], [77.69366415075324, 29.47331824136117], [77.69234445890213, 29.4718472645441]]]}, "properties": {"h3_id": "893d1239c7bffff", "eligible_devices": 5, "qualifying_events": 2, "events_1_to_3_hours": 2, "events_over_3_hours": 0, "worst_affected_devices": 4, "worst_affected_share": 0.8, "longest_event_minutes": 125.0, "latest_event_start_ist": "2026-07-23 08:30:00", "latest_event_end_ist": "2026-07-23 10:35:00", "severity": "1_to_3_hours"}}, {"type": "Feature", "geometry": {"type": "Polygon", "coordinates": [[[77.68827658283622, 29.488093820351196], [77.68911515047051, 29.486430651002806], [77.69127357816548, 29.486238692480246], [77.69259353660729, 29.487709881316864], [77.69175504710697, 29.489373089201404], [77.68959652102725, 29.489565069714082], [77.68827658283622, 29.488093820351196]]]}, "properties": {"h3_id": "893d1239c87ffff", "eligible_devices": 5, "qualifying_events": 1, "events_1_to_3_hours": 1, "events_over_3_hours": 0, "worst_affected_devices": 4, "worst_affected_share": 0.8, "longest_event_minutes": 135.0, "latest_event_start_ist": "2026-07-20 09:50:00", "latest_event_end_ist": "2026-07-20 12:05:00", "severity": "1_to_3_hours"}}, {"type": "Feature", "geometry": {"type": "Polygon", "coordinates": [[[77.6843170956511, 29.48368010267685], [77.68515571473311, 29.482017031724133], [77.68731403020361, 29.48182515637795], [77.68863382496562, 29.48329633000636], [77.68779528399773, 29.484959439502934], [77.68563687015013, 29.485151336828157], [77.6843170956511, 29.48368010267685]]]}, "properties": {"h3_id": "893d1239c8bffff", "eligible_devices": 10, "qualifying_events": 1, "events_1_to_3_hours": 1, "events_over_3_hours": 0, "worst_affected_devices": 10, "worst_affected_share": 1.0, "longest_event_minutes": 140.0, "latest_event_start_ist": "2026-07-20 09:45:00", "latest_event_end_ist": "2026-07-20 12:05:00", "severity": "1_to_3_hours"}}, {"type": "Feature", "geometry": {"type": "Polygon", "coordinates": [[[77.68779528399773, 29.484959439502934], [77.68863382496562, 29.48329633000636], [77.69079215428448, 29.483104393471784], [77.69211204100795, 29.4845755444467], [77.69127357816548, 29.486238692480246], [77.68911515047051, 29.486430651002806], [77.68779528399773, 29.484959439502934]]]}, "properties": {"h3_id": "893d1239c8fffff", "eligible_devices": 11, "qualifying_events": 1, "events_1_to_3_hours": 1, "events_over_3_hours": 0, "worst_affected_devices": 10, "worst_affected_share": 0.9091, "longest_event_minutes": 135.0, "latest_event_start_ist": "2026-07-20 09:50:00", "latest_event_end_ist": "2026-07-20 12:05:00", "severity": "1_to_3_hours"}}, {"type": "Feature", "geometry": {"type": "Polygon", "coordinates": [[[77.68527939816975, 29.48994893030917], [77.68611807060289, 29.488285739657574], [77.68827658283622, 29.488093820351196], [77.68959652102725, 29.489565069714082], [77.68875792672534, 29.491228298907913], [77.6865993160976, 29.491420240197527], [77.68527939816975, 29.48994893030917]]]}, "properties": {"h3_id": "893d1239c97ffff", "eligible_devices": 6, "qualifying_events": 1, "events_1_to_3_hours": 1, "events_over_3_hours": 0, "worst_affected_devices": 6, "worst_affected_share": 1.0, "longest_event_minutes": 140.0, "latest_event_start_ist": "2026-07-20 09:45:00", "latest_event_end_ist": "2026-07-20 12:05:00", "severity": "1_to_3_hours"}}, {"type": "Feature", "geometry": {"type": "Polygon", "coordinates": [[[77.68131997179864, 29.485535031065066], [77.68215869566693, 29.483871938809667], [77.6843170956511, 29.48368010267685], [77.68563687015013, 29.485151336828157], [77.68479822439318, 29.486814467633497], [77.68263972602227, 29.487006325738502], [77.68131997179864, 29.485535031065066]]]}, "properties": {"h3_id": "893d1239c9bffff", "eligible_devices": 8, "qualifying_events": 1, "events_1_to_3_hours": 1, "events_over_3_hours": 0, "worst_affected_devices": 8, "worst_affected_share": 1.0, "longest_event_minutes": 135.0, "latest_event_start_ist": "2026-07-20 09:50:00", "latest_event_end_ist": "2026-07-20 12:05:00", "severity": "1_to_3_hours"}}, {"type": "Feature", "geometry": {"type": "Polygon", "coordinates": [[[77.69427038415908, 29.48438354671879], [77.69510874221669, 29.482720420011734], [77.69726700081857, 29.482528383089363], [77.6985869997247, 29.483999450871174], [77.6977487198066, 29.48566261610223], [77.69559036283925, 29.4858546750284], [77.69427038415908, 29.48438354671879]]]}, "properties": {"h3_id": "893d1239cabffff", "eligible_devices": 11, "qualifying_events": 1, "events_1_to_3_hours": 1, "events_over_3_hours": 0, "worst_affected_devices": 10, "worst_affected_share": 0.9091, "longest_event_minutes": 135.0, "latest_event_start_ist": "2026-07-20 09:50:00", "latest_event_end_ist": "2026-07-20 12:05:00", "severity": "1_to_3_hours"}}, {"type": "Feature", "geometry": {"type": "Polygon", "coordinates": [[[77.69175504710697, 29.489373089201404], [77.69259353660729, 29.487709881316864], [77.69475197813354, 29.487517861592003], [77.69607202853962, 29.48898902775354], [77.6952336171846, 29.49065227416733], [77.69307507727457, 29.49084431589125], [77.69175504710697, 29.489373089201404]]]}, "properties": {"h3_id": "893d1239cb3ffff", "eligible_devices": 8, "qualifying_events": 1, "events_1_to_3_hours": 1, "events_over_3_hours": 0, "worst_affected_devices": 8, "worst_affected_share": 1.0, "longest_event_minutes": 145.0, "latest_event_start_ist": "2026-07-20 09:45:00", "latest_event_end_ist": "2026-07-20 12:10:00", "severity": "1_to_3_hours"}}, {"type": "Feature", "geometry": {"type": "Polygon", "coordinates": [[[77.6952336171846, 29.49065227416733], [77.69607202853962, 29.48898902775354], [77.69823048388108, 29.48879694682147], [77.69955062624669, 29.490268090296077], [77.69871229304829, 29.491931375232223], [77.69655373932405, 29.492123478172314], [77.6952336171846, 29.49065227416733]]]}, "properties": {"h3_id": "893d1239cb7ffff", "eligible_devices": 5, "qualifying_events": 1, "events_1_to_3_hours": 1, "events_over_3_hours": 0, "worst_affected_devices": 4, "worst_affected_share": 0.8, "longest_event_minutes": 135.0, "latest_event_start_ist": "2026-07-20 09:50:00", "latest_event_end_ist": "2026-07-20 12:05:00", "severity": "1_to_3_hours"}}, {"type": "Feature", "geometry": {"type": "Polygon", "coordinates": [[[77.68383601193729, 29.48054583545408], [77.68467460434553, 29.478882824360365], [77.68683282144762, 29.478690970991117], [77.68815254450631, 29.48016210673956], [77.68731403020361, 29.48182515637795], [77.68515571473311, 29.482017031724133], [77.68383601193729, 29.48054583545408]]]}, "properties": {"h3_id": "893d1239cc7ffff", "eligible_devices": 7, "qualifying_events": 1, "events_1_to_3_hours": 1, "events_over_3_hours": 0, "worst_affected_devices": 7, "worst_affected_share": 1.0, "longest_event_minutes": 135.0, "latest_event_start_ist": "2026-07-20 09:50:00", "latest_event_end_ist": "2026-07-20 12:05:00", "severity": "1_to_3_hours"}}, {"type": "Feature", "geometry": {"type": "Polygon", "coordinates": [[[77.67736103650444, 29.481121177545468], [77.67819981178066, 29.47945818370115], [77.68035809950632, 29.47926643071694], [77.68167771033119, 29.48073764961681], [77.6808390131464, 29.482400682018767], [77.67868062704171, 29.482592456964113], [77.67736103650444, 29.481121177545468]]]}, "properties": {"h3_id": "893d1239cd3ffff", "eligible_devices": 8, "qualifying_events": 5, "events_1_to_3_hours": 4, "events_over_3_hours": 1, "worst_affected_devices": 8, "worst_affected_share": 1.0, "longest_event_minutes": 230.0, "latest_event_start_ist": "2026-07-22 09:00:00", "latest_event_end_ist": "2026-07-22 10:30:00", "severity": "over_3_hours"}}, {"type": "Feature", "geometry": {"type": "Polygon", "coordinates": [[[77.70422364916159, 29.485086238541385], [77.70506174614546, 29.48342305614351], [77.7072199477487, 29.483230857652178], [77.70854015071832, 29.484701819531075], [77.70770213189935, 29.486365040433057], [77.70554383194228, 29.486557260952942], [77.70422364916159, 29.485086238541385]]]}, "properties": {"h3_id": "893d1239dcbffff", "eligible_devices": 9, "qualifying_events": 1, "events_1_to_3_hours": 0, "events_over_3_hours": 1, "worst_affected_devices": 8, "worst_affected_share": 0.8889, "longest_event_minutes": 285.0, "latest_event_start_ist": "2026-07-20 09:50:00", "latest_event_end_ist": "2026-07-20 14:35:00", "severity": "over_3_hours"}}, {"type": "Feature", "geometry": {"type": "Polygon", "coordinates": [[[77.70170909538732, 29.490075948151844], [77.7025473237856, 29.488412684548784], [77.70470570833716, 29.488220503211288], [77.70602596285899, 29.489691563453935], [77.7051878126314, 29.491354865566382], [77.7030293297077, 29.49154706892769], [77.70170909538732, 29.490075948151844]]]}, "properties": {"h3_id": "893d1239dd3ffff", "eligible_devices": 12, "qualifying_events": 1, "events_1_to_3_hours": 0, "events_over_3_hours": 1, "worst_affected_devices": 11, "worst_affected_share": 0.9167, "longest_event_minutes": 295.0, "latest_event_start_ist": "2026-07-20 09:50:00", "latest_event_end_ist": "2026-07-20 14:45:00", "severity": "over_3_hours"}}, {"type": "Feature", "geometry": {"type": "Polygon", "coordinates": [[[77.2733347591438, 29.100989566347447], [77.27417959986981, 29.099335392686694], [77.27632867167233, 29.099151728985092], [77.27763300053904, 29.10062221809106], [77.27678823604896, 29.10227643108641], [77.27463906645264, 29.102460115642085], [77.2733347591438, 29.100989566347447]]]}, "properties": {"h3_id": "893d124c4afffff", "eligible_devices": 5, "qualifying_events": 1, "events_1_to_3_hours": 1, "events_over_3_hours": 0, "worst_affected_devices": 5, "worst_affected_share": 1.0, "longest_event_minutes": 80.0, "latest_event_start_ist": "2026-07-11 00:35:00", "latest_event_end_ist": "2026-07-11 01:55:00", "severity": "1_to_3_hours"}}, {"type": "Feature", "geometry": {"type": "Polygon", "coordinates": [[[77.66123735264901, 28.991393116713486], [77.66207038430478, 28.989739328638805], [77.66421290443317, 28.989550073109616], [77.66552248985933, 28.991014583880673], [77.66468953511095, 28.99266841051802], [77.66254691802548, 28.99285768782256], [77.66123735264901, 28.991393116713486]]]}, "properties": {"h3_id": "893d1269b0bffff", "eligible_devices": 7, "qualifying_events": 1, "events_1_to_3_hours": 1, "events_over_3_hours": 0, "worst_affected_devices": 6, "worst_affected_share": 0.8571, "longest_event_minutes": 80.0, "latest_event_start_ist": "2026-07-18 18:05:00", "latest_event_end_ist": "2026-07-18 19:25:00", "severity": "1_to_3_hours"}}, {"type": "Feature", "geometry": {"type": "Polygon", "coordinates": [[[77.65433330107517, 28.98884228596252], [77.65516648651248, 28.987188575033432], [77.65730897908838, 28.986999439106], [77.6586183831824, 28.988463992350873], [77.65778527463031, 28.990117741856125], [77.65564268509544, 28.99030689954125], [77.65433330107517, 28.98884228596252]]]}, "properties": {"h3_id": "893d1269b53ffff", "eligible_devices": 7, "qualifying_events": 1, "events_1_to_3_hours": 0, "events_over_3_hours": 1, "worst_affected_devices": 6, "worst_affected_share": 0.8571, "longest_event_minutes": 420.0, "latest_event_start_ist": "2026-07-05 03:55:00", "latest_event_end_ist": "2026-07-05 10:55:00", "severity": "over_3_hours"}}, {"type": "Feature", "geometry": {"type": "Polygon", "coordinates": [[[77.65778527463031, 28.990117741856125], [77.6586183831824, 28.988463992350873], [77.66076088954237, 28.98827479662501], [77.66207038430478, 28.989739328638805], [77.66123735264901, 28.991393116713486], [77.65909474933099, 28.99158233420585], [77.65778527463031, 28.990117741856125]]]}, "properties": {"h3_id": "893d1269b57ffff", "eligible_devices": 10, "qualifying_events": 1, "events_1_to_3_hours": 1, "events_over_3_hours": 0, "worst_affected_devices": 8, "worst_affected_share": 0.8, "longest_event_minutes": 110.0, "latest_event_start_ist": "2026-07-02 12:10:00", "latest_event_end_ist": "2026-07-02 14:00:00", "severity": "1_to_3_hours"}}, {"type": "Feature", "geometry": {"type": "Polygon", "coordinates": [[[77.69964959267351, 29.11449544731471], [77.70048313637733, 29.11283918027471], [77.70262933163622, 29.112648756762773], [77.7039420804532, 29.114114578385042], [77.70310861403355, 29.115770883919], [77.70096232150921, 29.11596132933765], [77.69964959267351, 29.11449544731471]]]}, "properties": {"h3_id": "893d126f013ffff", "eligible_devices": 7, "qualifying_events": 3, "events_1_to_3_hours": 3, "events_over_3_hours": 0, "worst_affected_devices": 6, "worst_affected_share": 0.8571, "longest_event_minutes": 120.0, "latest_event_start_ist": "2026-07-10 10:55:00", "latest_event_end_ist": "2026-07-10 12:30:00", "severity": "1_to_3_hours"}}, {"type": "Feature", "geometry": {"type": "Polygon", "coordinates": [[[77.73472534927755, 29.13036850504681], [77.73555814589227, 29.128711792749538], [77.73770457392084, 29.12852074537121], [77.73901830259528, 29.129986388293574], [77.7381855833844, 29.131643139015974], [77.73603905809173, 29.131834208391783], [77.73472534927755, 29.13036850504681]]]}, "properties": {"h3_id": "893d126f1a7ffff", "eligible_devices": 6, "qualifying_events": 3, "events_1_to_3_hours": 3, "events_over_3_hours": 0, "worst_affected_devices": 6, "worst_affected_share": 1.0, "longest_event_minutes": 180.0, "latest_event_start_ist": "2026-07-10 10:55:00", "latest_event_end_ist": "2026-07-10 13:55:00", "severity": "1_to_3_hours"}}, {"type": "Feature", "geometry": {"type": "Polygon", "coordinates": [[[77.93099641712654, 27.159466116646364], [77.93179974768205, 27.157847398720513], [77.9338819550705, 27.157662761622273], [77.9351609233112, 27.159096820631216], [77.93435766613817, 27.160715576428224], [77.93227536733875, 27.16090023534602], [77.93099641712654, 27.159466116646364]]]}, "properties": {"h3_id": "893d85842cbffff", "eligible_devices": 5, "qualifying_events": 2, "events_1_to_3_hours": 2, "events_over_3_hours": 0, "worst_affected_devices": 5, "worst_affected_share": 1.0, "longest_event_minutes": 95.0, "latest_event_start_ist": "2026-07-08 06:50:00", "latest_event_end_ist": "2026-07-08 08:10:00", "severity": "1_to_3_hours"}}, {"type": "Feature", "geometry": {"type": "Polygon", "coordinates": [[[78.00351896424147, 27.19790361451882], [78.00432084795283, 27.19628384487693], [78.00640366602421, 27.196097965500105], [78.00768469180069, 27.197531833762124], [78.0068828817149, 27.199151641139764], [78.00479997222384, 27.199337542520542], [78.00351896424147, 27.19790361451882]]]}, "properties": {"h3_id": "893d8584893ffff", "eligible_devices": 7, "qualifying_events": 1, "events_1_to_3_hours": 1, "events_over_3_hours": 0, "worst_affected_devices": 5, "worst_affected_share": 0.7143, "longest_event_minutes": 160.0, "latest_event_start_ist": "2026-07-09 03:50:00", "latest_event_end_ist": "2026-07-09 06:30:00", "severity": "1_to_3_hours"}}, {"type": "Feature", "geometry": {"type": "Polygon", "coordinates": [[[78.02755476393574, 27.169441680210962], [78.02835567261852, 27.167822409098076], [78.03043740609681, 27.16763632093287], [78.03171832219863, 27.1690694818312], [78.03091748713096, 27.170688790630198], [78.02883566234316, 27.170874900845664], [78.02755476393574, 27.169441680210962]]]}, "properties": {"h3_id": "893d8584b43ffff", "eligible_devices": 17, "qualifying_events": 1, "events_1_to_3_hours": 1, "events_over_3_hours": 0, "worst_affected_devices": 16, "worst_affected_share": 0.9412, "longest_event_minutes": 65.0, "latest_event_start_ist": "2026-07-16 01:40:00", "latest_event_end_ist": "2026-07-16 02:45:00", "severity": "1_to_3_hours"}}, {"type": "Feature", "geometry": {"type": "Polygon", "coordinates": [[[78.03716282441454, 27.17013028414165], [78.0379634882491, 27.168510964478735], [78.04004516455373, 27.168324733424868], [78.04132626831914, 27.169757799961744], [78.04052567812211, 27.171377157292305], [78.03844391051894, 27.17156341041925], [78.03716282441454, 27.17013028414165]]]}, "properties": {"h3_id": "893d8584b63ffff", "eligible_devices": 5, "qualifying_events": 1, "events_1_to_3_hours": 1, "events_over_3_hours": 0, "worst_affected_devices": 5, "worst_affected_share": 1.0, "longest_event_minutes": 65.0, "latest_event_start_ist": "2026-07-16 01:40:00", "latest_event_end_ist": "2026-07-16 02:45:00", "severity": "1_to_3_hours"}}, {"type": "Feature", "geometry": {"type": "Polygon", "coordinates": [[[78.04052567812211, 27.171377157292305], [78.04132626831914, 27.169757799961744], [78.04340795597076, 27.169571513919845], [78.04468914471958, 27.171004563127966], [78.04388862817014, 27.172623958119797], [78.04180684922109, 27.17281026624314], [78.04052567812211, 27.171377157292305]]]}, "properties": {"h3_id": "893d8584b67ffff", "eligible_devices": 9, "qualifying_events": 1, "events_1_to_3_hours": 1, "events_over_3_hours": 0, "worst_affected_devices": 9, "worst_affected_share": 1.0, "longest_event_minutes": 65.0, "latest_event_start_ist": "2026-07-16 01:40:00", "latest_event_end_ist": "2026-07-16 02:45:00", "severity": "1_to_3_hours"}}, {"type": "Feature", "geometry": {"type": "Polygon", "coordinates": [[[78.03668246947157, 27.167077880624014], [78.03748310933442, 27.16545862545543], [78.03956469434824, 27.16527241647242], [78.04084573078686, 27.166705440588053], [78.04004516455373, 27.168324733424868], [78.0379634882491, 27.168510964478735], [78.03668246947157, 27.167077880624014]]]}, "properties": {"h3_id": "893d8584b6bffff", "eligible_devices": 12, "qualifying_events": 1, "events_1_to_3_hours": 1, "events_over_3_hours": 0, "worst_affected_devices": 12, "worst_affected_share": 1.0, "longest_event_minutes": 65.0, "latest_event_start_ist": "2026-07-16 01:40:00", "latest_event_end_ist": "2026-07-16 02:45:00", "severity": "1_to_3_hours"}}, {"type": "Feature", "geometry": {"type": "Polygon", "coordinates": [[[78.04004516455373, 27.168324733424868], [78.04084573078686, 27.166705440588053], [78.04292732714875, 27.166519176625354], [78.04420844856405, 27.16795218342116], [78.04340795597076, 27.169571513919845], [78.04132626831914, 27.169757799961744], [78.04004516455373, 27.168324733424868]]]}, "properties": {"h3_id": "893d8584b6fffff", "eligible_devices": 22, "qualifying_events": 1, "events_1_to_3_hours": 1, "events_over_3_hours": 0, "worst_affected_devices": 22, "worst_affected_share": 1.0, "longest_event_minutes": 65.0, "latest_event_start_ist": "2026-07-16 01:40:00", "latest_event_end_ist": "2026-07-16 02:45:00", "severity": "1_to_3_hours"}}, {"type": "Feature", "geometry": {"type": "Polygon", "coordinates": [[[78.01363281152076, 27.141283806974464], [78.01443374886063, 27.139665165041638], [78.01651471785824, 27.13947941791839], [78.01779484076391, 27.140912290721484], [78.01699397694678, 27.14253097036412], [78.01491291669804, 27.14271673949476], [78.01363281152076, 27.141283806974464]]]}, "properties": {"h3_id": "893d8585967ffff", "eligible_devices": 5, "qualifying_events": 1, "events_1_to_3_hours": 1, "events_over_3_hours": 0, "worst_affected_devices": 4, "worst_affected_share": 0.8, "longest_event_minutes": 100.0, "latest_event_start_ist": "2026-07-20 09:30:00", "latest_event_end_ist": "2026-07-20 11:10:00", "severity": "1_to_3_hours"}}, {"type": "Feature", "geometry": {"type": "Polygon", "coordinates": [[[77.99731896153784, 27.11798734143116], [77.99812004862629, 27.116369237689344], [78.00020042434043, 27.116183841926162], [78.00147980417218, 27.117616527945025], [78.00067879051967, 27.119234669425417], [77.9985983235963, 27.11942008714928], [77.99731896153784, 27.11798734143116]]]}, "properties": {"h3_id": "893d8585b43ffff", "eligible_devices": 6, "qualifying_events": 2, "events_1_to_3_hours": 1, "events_over_3_hours": 1, "worst_affected_devices": 6, "worst_affected_share": 1.0, "longest_event_minutes": 730.0, "latest_event_start_ist": "2026-07-16 01:40:00", "latest_event_end_ist": "2026-07-16 02:45:00", "severity": "over_3_hours"}}, {"type": "Feature", "geometry": {"type": "Polygon", "coordinates": [[[78.39390201128111, 27.164064784276928], [78.39469318342186, 27.16244434668731], [78.39677168280498, 27.16225297545082], [78.39805910083851, 27.16368201889862], [78.39726800308904, 27.165302493462683], [78.39518941291156, 27.16549388760544], [78.39390201128111, 27.164064784276928]]]}, "properties": {"h3_id": "893d85a502bffff", "eligible_devices": 5, "qualifying_events": 9, "events_1_to_3_hours": 2, "events_over_3_hours": 7, "worst_affected_devices": 5, "worst_affected_share": 1.0, "longest_event_minutes": 1060.0, "latest_event_start_ist": "2026-07-30 02:50:00", "latest_event_end_ist": "2026-07-30 09:00:00", "severity": "over_3_hours"}}, {"type": "Feature", "geometry": {"type": "Polygon", "coordinates": [[[78.40438643744824, 27.15071933091166], [78.40517717389251, 27.149099133518863], [78.40725516764351, 27.14890767945957], [78.40854251569048, 27.15033639986834], [78.40775185363, 27.15195663421383], [78.40567376913559, 27.15214811119882], [78.40438643744824, 27.15071933091166]]]}, "properties": {"h3_id": "893d85a530bffff", "eligible_devices": 5, "qualifying_events": 1, "events_1_to_3_hours": 0, "events_over_3_hours": 1, "worst_affected_devices": 4, "worst_affected_share": 0.8, "longest_event_minutes": 550.0, "latest_event_start_ist": "2026-07-24 02:20:00", "latest_event_end_ist": "2026-07-24 11:30:00", "severity": "over_3_hours"}}, {"type": "Feature", "geometry": {"type": "Polygon", "coordinates": [[[78.40201398730038, 27.15558010792408], [78.40280484415493, 27.153959818116935], [78.40488300968138, 27.153768373280187], [78.40617040911009, 27.155197195329563], [78.40537962664513, 27.156817522094492], [78.4033013703587, 27.15700898985322], [78.40201398730038, 27.15558010792408]]]}, "properties": {"h3_id": "893d85a5313ffff", "eligible_devices": 5, "qualifying_events": 1, "events_1_to_3_hours": 0, "events_over_3_hours": 1, "worst_affected_devices": 5, "worst_affected_share": 1.0, "longest_event_minutes": 560.0, "latest_event_start_ist": "2026-07-24 02:15:00", "latest_event_end_ist": "2026-07-24 11:35:00", "severity": "over_3_hours"}}, {"type": "Feature", "geometry": {"type": "Polygon", "coordinates": [[[78.4015175288382, 27.152530977951635], [78.40230836267415, 27.1509107528287], [78.40438643744824, 27.15071933091166], [78.40567376913559, 27.15214811119882], [78.40488300968138, 27.153768373280187], [78.40280484415493, 27.153959818116935], [78.4015175288382, 27.152530977951635]]]}, "properties": {"h3_id": "893d85a531bffff", "eligible_devices": 5, "qualifying_events": 1, "events_1_to_3_hours": 0, "events_over_3_hours": 1, "worst_affected_devices": 5, "worst_affected_share": 1.0, "longest_event_minutes": 550.0, "latest_event_start_ist": "2026-07-24 02:20:00", "latest_event_end_ist": "2026-07-24 11:30:00", "severity": "over_3_hours"}}, {"type": "Feature", "geometry": {"type": "Polygon", "coordinates": [[[78.40052474605652, 27.146433037385396], [78.40131553385771, 27.144812941646], [78.40339342714991, 27.14462156556141], [78.4046806233749, 27.14605026230208], [78.40388990993974, 27.147670395001274], [78.40181192591041, 27.147861794000942], [78.40052474605652, 27.146433037385396]]]}, "properties": {"h3_id": "893d85a5343ffff", "eligible_devices": 7, "qualifying_events": 3, "events_1_to_3_hours": 1, "events_over_3_hours": 2, "worst_affected_devices": 5, "worst_affected_share": 0.7143, "longest_event_minutes": 405.0, "latest_event_start_ist": "2026-07-09 03:15:00", "latest_event_end_ist": "2026-07-09 05:05:00", "severity": "over_3_hours"}}, {"type": "Feature", "geometry": {"type": "Polygon", "coordinates": [[[78.39715967601316, 27.145195606627215], [78.39795053817046, 27.143575547854063], [78.40002842172508, 27.143384226816348], [78.40131553385771, 27.144812941646], [78.40052474605652, 27.146433037385396], [78.39844677176343, 27.146624381329858], [78.39715967601316, 27.145195606627215]]]}, "properties": {"h3_id": "893d85a535bffff", "eligible_devices": 19, "qualifying_events": 3, "events_1_to_3_hours": 1, "events_over_3_hours": 2, "worst_affected_devices": 16, "worst_affected_share": 0.8421, "longest_event_minutes": 405.0, "latest_event_start_ist": "2026-07-09 02:30:00", "latest_event_end_ist": "2026-07-09 05:05:00", "severity": "over_3_hours"}}, {"type": "Feature", "geometry": {"type": "Polygon", "coordinates": [[[78.39677168280498, 27.16225297545082], [78.39756275751687, 27.160632565552156], [78.3996411758721, 27.16044116213168], [78.40092861029774, 27.16187014569852], [78.4001376099792, 27.163490592565857], [78.39805910083851, 27.16368201889862], [78.39677168280498, 27.16225297545082]]]}, "properties": {"h3_id": "893d85a5393ffff", "eligible_devices": 5, "qualifying_events": 2, "events_1_to_3_hours": 1, "events_over_3_hours": 1, "worst_affected_devices": 4, "worst_affected_share": 0.8, "longest_event_minutes": 1060.0, "latest_event_start_ist": "2026-07-24 23:50:00", "latest_event_end_ist": "2026-07-25 17:30:00", "severity": "over_3_hours"}}, {"type": "Feature", "geometry": {"type": "Polygon", "coordinates": [[[78.06548836036268, 27.128910986498905], [78.06628778382601, 27.12729241439675], [78.06836794230998, 27.127105976809553], [78.06964876847519, 27.12853808920074], [78.0688494186199, 27.130156698911176], [78.06676916898815, 27.130343158623067], [78.06548836036268, 27.128910986498905]]]}, "properties": {"h3_id": "893d85ba31bffff", "eligible_devices": 11, "qualifying_events": 4, "events_1_to_3_hours": 4, "events_over_3_hours": 0, "worst_affected_devices": 9, "worst_affected_share": 0.8182, "longest_event_minutes": 170.0, "latest_event_start_ist": "2026-07-30 09:20:00", "latest_event_end_ist": "2026-07-30 11:50:00", "severity": "1_to_3_hours"}}, {"type": "Feature", "geometry": {"type": "Polygon", "coordinates": [[[78.04244674169824, 27.163466946248665], [78.04324718638208, 27.161847744751473], [78.04532861152339, 27.16166146997291], [78.04660968325085, 27.16309437460935], [78.04580931220134, 27.16471361376322], [78.04372779578681, 27.164899910624886], [78.04244674169824, 27.163466946248665]]]}, "properties": {"h3_id": "893d85ba5c3ffff", "eligible_devices": 9, "qualifying_events": 2, "events_1_to_3_hours": 2, "events_over_3_hours": 0, "worst_affected_devices": 9, "worst_affected_share": 1.0, "longest_event_minutes": 80.0, "latest_event_start_ist": "2026-07-16 01:40:00", "latest_event_end_ist": "2026-07-16 02:45:00", "severity": "1_to_3_hours"}}, {"type": "Feature", "geometry": {"type": "Polygon", "coordinates": [[[78.04532861152339, 27.16166146997291], [78.04612895862739, 27.16004229532679], [78.04821030382548, 27.159855987665274], [78.04949139318077, 27.1612888325616], [78.04869111971335, 27.162908044858625], [78.04660968325085, 27.16309437460935], [78.04532861152339, 27.16166146997291]]]}, "properties": {"h3_id": "893d85ba5cfffff", "eligible_devices": 8, "qualifying_events": 1, "events_1_to_3_hours": 1, "events_over_3_hours": 0, "worst_affected_devices": 6, "worst_affected_share": 0.75, "longest_event_minutes": 80.0, "latest_event_start_ist": "2026-07-09 03:50:00", "latest_event_end_ist": "2026-07-09 05:10:00", "severity": "1_to_3_hours"}}, {"type": "Feature", "geometry": {"type": "Polygon", "coordinates": [[[81.84786858444313, 25.431664964680095], [81.84727319468273, 25.433344235501348], [81.84532261789518, 25.433622241845033], [81.84396746359761, 25.432220999237543], [81.84456285455146, 25.430541743835022], [81.84651339861053, 25.43026371562087], [81.84786858444313, 25.431664964680095]]]}, "properties": {"h3_id": "893d8b12323ffff", "eligible_devices": 6, "qualifying_events": 1, "events_1_to_3_hours": 0, "events_over_3_hours": 1, "worst_affected_devices": 5, "worst_affected_share": 0.8333, "longest_event_minutes": 505.0, "latest_event_start_ist": "2026-07-01 02:10:00", "latest_event_end_ist": "2026-07-01 10:35:00", "severity": "over_3_hours"}}, {"type": "Feature", "geometry": {"type": "Polygon", "coordinates": [[[81.84532261789518, 25.433622241845033], [81.84472722125064, 25.435301448877034], [81.84277666911737, 25.435579397882762], [81.84142154635977, 25.434178161729427], [81.84201694419438, 25.432498970116576], [81.84396746359761, 25.432220999237543], [81.84532261789518, 25.433622241845033]]]}, "properties": {"h3_id": "893d8b12333ffff", "eligible_devices": 5, "qualifying_events": 1, "events_1_to_3_hours": 0, "events_over_3_hours": 1, "worst_affected_devices": 5, "worst_affected_share": 1.0, "longest_event_minutes": 500.0, "latest_event_start_ist": "2026-07-01 02:10:00", "latest_event_end_ist": "2026-07-01 10:30:00", "severity": "over_3_hours"}}, {"type": "Feature", "geometry": {"type": "Polygon", "coordinates": [[[81.85372047075, 25.43083068083634], [81.85312508907742, 25.43251003085706], [81.85117443027781, 25.432788130007967], [81.84981918587756, 25.431386901000447], [81.85041456875139, 25.42970756639434], [81.85236519482528, 25.429429445380748], [81.85372047075, 25.43083068083634]]]}, "properties": {"h3_id": "893d8b12e5bffff", "eligible_devices": 14, "qualifying_events": 1, "events_1_to_3_hours": 0, "events_over_3_hours": 1, "worst_affected_devices": 12, "worst_affected_share": 0.8571, "longest_event_minutes": 505.0, "latest_event_start_ist": "2026-07-01 02:10:00", "latest_event_end_ist": "2026-07-01 10:35:00", "severity": "over_3_hours"}}, {"type": "Feature", "geometry": {"type": "Polygon", "coordinates": [[[81.78248637777627, 25.448938425785357], [81.78189088170507, 25.45061666420393], [81.77994116870508, 25.450893548767546], [81.7785869845383, 25.4494922168666], [81.77918248171596, 25.447813993905775], [81.78113216195501, 25.447537087387754], [81.78248637777627, 25.448938425785357]]]}, "properties": {"h3_id": "893d8b8990fffff", "eligible_devices": 5, "qualifying_events": 1, "events_1_to_3_hours": 1, "events_over_3_hours": 0, "worst_affected_devices": 5, "worst_affected_share": 1.0, "longest_event_minutes": 175.0, "latest_event_start_ist": "2026-07-13 11:15:00", "latest_event_end_ist": "2026-07-13 14:10:00", "severity": "1_to_3_hours"}}, {"type": "Feature", "geometry": {"type": "Polygon", "coordinates": [[[81.76824346789984, 25.452554206851378], [81.76764794918977, 25.454232222772337], [81.76569842599343, 25.454508864465062], [81.7643444542762, 25.453107512209176], [81.76493997407384, 25.451429511754554], [81.76688946450223, 25.451152848089126], [81.76824346789984, 25.452554206851378]]]}, "properties": {"h3_id": "893d8b899d3ffff", "eligible_devices": 8, "qualifying_events": 1, "events_1_to_3_hours": 1, "events_over_3_hours": 0, "worst_affected_devices": 6, "worst_affected_share": 0.75, "longest_event_minutes": 110.0, "latest_event_start_ist": "2026-07-10 01:35:00", "latest_event_end_ist": "2026-07-10 03:25:00", "severity": "1_to_3_hours"}}, {"type": "Feature", "geometry": {"type": "Polygon", "coordinates": [[[81.84273620015526, 25.472248187152346], [81.84214071906204, 25.47392665471795], [81.84018993823565, 25.474204155623923], [81.83883467124375, 25.472803210827134], [81.83943015352389, 25.471124758649314], [81.84138090161011, 25.47084723588012], [81.84273620015526, 25.472248187152346]]]}, "properties": {"h3_id": "893d8b8d2cfffff", "eligible_devices": 6, "qualifying_events": 1, "events_1_to_3_hours": 0, "events_over_3_hours": 1, "worst_affected_devices": 5, "worst_affected_share": 0.8333, "longest_event_minutes": 830.0, "latest_event_start_ist": "2026-07-23 22:25:00", "latest_event_end_ist": "2026-07-24 12:15:00", "severity": "over_3_hours"}}, {"type": "Feature", "geometry": {"type": "Polygon", "coordinates": [[[81.06296028323432, 26.846288288401038], [81.06367630110933, 26.84466744258655], [81.06571852626861, 26.844440045175435], [81.06704481931939, 26.845833464781755], [81.0663288802683, 26.84745434219014], [81.06428656933969, 26.847681768399468], [81.06296028323432, 26.846288288401038]]]}, "properties": {"h3_id": "893d8d56473ffff", "eligible_devices": 5, "qualifying_events": 2, "events_1_to_3_hours": 1, "events_over_3_hours": 1, "worst_affected_devices": 4, "worst_affected_share": 0.8, "longest_event_minutes": 580.0, "latest_event_start_ist": "2026-07-14 18:45:00", "latest_event_end_ist": "2026-07-14 21:25:00", "severity": "over_3_hours"}}, {"type": "Feature", "geometry": {"type": "Polygon", "coordinates": [[[80.99781352794076, 26.958402912088157], [80.99853252445277, 26.956779788593806], [81.00057892884446, 26.95655254837475], [81.00190642289365, 26.957948402938907], [81.00118750535793, 26.959571558160995], [80.99914101479389, 26.95979882709233], [80.99781352794076, 26.958402912088157]]]}, "properties": {"h3_id": "893d8dc537bffff", "eligible_devices": 7, "qualifying_events": 3, "events_1_to_3_hours": 2, "events_over_3_hours": 1, "worst_affected_devices": 7, "worst_affected_share": 1.0, "longest_event_minutes": 310.0, "latest_event_start_ist": "2026-07-28 11:50:00", "latest_event_end_ist": "2026-07-28 13:10:00", "severity": "over_3_hours"}}, {"type": "Feature", "geometry": {"type": "Polygon", "coordinates": [[[80.93060837444943, 26.84246504397941], [80.93132793908404, 26.840844540828467], [80.93337152530556, 26.84061901324661], [80.93469563287765, 26.842013960309753], [80.93397614682642, 26.843634495327393], [80.93193247461691, 26.843860051416346], [80.93060837444943, 26.84246504397941]]]}, "properties": {"h3_id": "893d8dcd40fffff", "eligible_devices": 10, "qualifying_events": 1, "events_1_to_3_hours": 1, "events_over_3_hours": 0, "worst_affected_devices": 7, "worst_affected_share": 0.7, "longest_event_minutes": 65.0, "latest_event_start_ist": "2026-07-08 09:30:00", "latest_event_end_ist": "2026-07-08 10:35:00", "severity": "1_to_3_hours"}}, {"type": "Feature", "geometry": {"type": "Polygon", "coordinates": [[[80.92844945831624, 26.84732675367962], [80.92916913406816, 26.84570615040733], [80.93121289371915, 26.84548062056591], [80.93253706361965, 26.846875665493155], [80.93181746645881, 26.848496300636597], [80.92977362080354, 26.848721858982795], [80.92844945831624, 26.84732675367962]]]}, "properties": {"h3_id": "893d8dcd417ffff", "eligible_devices": 5, "qualifying_events": 7, "events_1_to_3_hours": 1, "events_over_3_hours": 6, "worst_affected_devices": 4, "worst_affected_share": 0.8, "longest_event_minutes": 725.0, "latest_event_start_ist": "2026-07-30 21:45:00", "latest_event_end_ist": "2026-07-31 09:50:00", "severity": "over_3_hours"}}, {"type": "Feature", "geometry": {"type": "Polygon", "coordinates": [[[80.9983093146238, 26.85192994191721], [80.99902714672828, 26.850309100955894], [81.001070269741, 26.850082566370762], [81.00239564654225, 26.851476844088218], [81.00167789316227, 26.85309771677677], [80.99963468425372, 26.853324280021802], [80.9983093146238, 26.85192994191721]]]}, "properties": {"h3_id": "893d8dcdcabffff", "eligible_devices": 6, "qualifying_events": 1, "events_1_to_3_hours": 1, "events_over_3_hours": 0, "worst_affected_devices": 6, "worst_affected_share": 1.0, "longest_event_minutes": 65.0, "latest_event_start_ist": "2026-07-23 15:25:00", "latest_event_end_ist": "2026-07-23 16:30:00", "severity": "1_to_3_hours"}}, {"type": "Feature", "geometry": {"type": "Polygon", "coordinates": [[[80.9779071149957, 26.937464740927325], [80.97862642532847, 26.935842105392123], [80.9806724074396, 26.93561528371162], [80.98199916536758, 26.93701106890926], [80.9812799339264, 26.93863373621343], [80.97923386566278, 26.938860586552146], [80.9779071149957, 26.937464740927325]]]}, "properties": {"h3_id": "893d8dce123ffff", "eligible_devices": 5, "qualifying_events": 4, "events_1_to_3_hours": 4, "events_over_3_hours": 0, "worst_affected_devices": 4, "worst_affected_share": 0.8, "longest_event_minutes": 145.0, "latest_event_start_ist": "2026-07-07 12:20:00", "latest_event_end_ist": "2026-07-07 14:30:00", "severity": "1_to_3_hours"}}, {"type": "Feature", "geometry": {"type": "Polygon", "coordinates": [[[80.95456514274346, 26.946222379033344], [80.95528518140678, 26.94459960279537], [80.95733169346818, 26.944373049366888], [80.95865825307897, 26.945769243566097], [80.95793829328699, 26.947392051621176], [80.95589169501004, 26.947618633661087], [80.95456514274346, 26.946222379033344]]]}, "properties": {"h3_id": "893d8dce577ffff", "eligible_devices": 5, "qualifying_events": 1, "events_1_to_3_hours": 1, "events_over_3_hours": 0, "worst_affected_devices": 5, "worst_affected_share": 1.0, "longest_event_minutes": 90.0, "latest_event_start_ist": "2026-07-13 12:15:00", "latest_event_end_ist": "2026-07-13 13:45:00", "severity": "1_to_3_hours"}}, {"type": "Feature", "geometry": {"type": "Polygon", "coordinates": [[[80.94747682659296, 26.957809276561427], [80.94819718319783, 26.956186266676127], [80.95024413105298, 26.955959735319016], [80.95157080855829, 26.957356185246685], [80.95085053083977, 26.958979226963656], [80.94880349672677, 26.95920578692244], [80.94747682659296, 26.957809276561427]]]}, "properties": {"h3_id": "893d8dce587ffff", "eligible_devices": 5, "qualifying_events": 1, "events_1_to_3_hours": 1, "events_over_3_hours": 0, "worst_affected_devices": 4, "worst_affected_share": 0.8, "longest_event_minutes": 65.0, "latest_event_start_ist": "2026-07-12 02:30:00", "latest_event_end_ist": "2026-07-12 03:35:00", "severity": "1_to_3_hours"}}, {"type": "Feature", "geometry": {"type": "Polygon", "coordinates": [[[77.1879762496552, 28.4948683787084], [77.18881568184986, 28.493226064047487], [77.19094586295579, 28.49304637004367], [77.19223670799678, 28.49450897023253], [77.1913973504562, 28.496151324342254], [77.18926707321701, 28.49633103881515], [77.1879762496552, 28.4948683787084]]]}, "properties": {"h3_id": "893da1005d3ffff", "eligible_devices": 10, "qualifying_events": 3, "events_1_to_3_hours": 1, "events_over_3_hours": 2, "worst_affected_devices": 7, "worst_affected_share": 0.7, "longest_event_minutes": 300.0, "latest_event_start_ist": "2026-07-30 11:50:00", "latest_event_end_ist": "2026-07-30 12:55:00", "severity": "over_3_hours"}}, {"type": "Feature", "geometry": {"type": "Polygon", "coordinates": [[[77.29408135290548, 28.490591487306105], [77.29491791162644, 28.488948798614253], [77.29704716345803, 28.488767491276104], [77.29833995255093, 28.490228851903577], [77.29750346872616, 28.491871579838357], [77.29537412090879, 28.492052907903595], [77.29408135290548, 28.490591487306105]]]}, "properties": {"h3_id": "893da1009abffff", "eligible_devices": 6, "qualifying_events": 2, "events_1_to_3_hours": 1, "events_over_3_hours": 1, "worst_affected_devices": 6, "worst_affected_share": 1.0, "longest_event_minutes": 790.0, "latest_event_start_ist": "2026-07-22 22:00:00", "latest_event_end_ist": "2026-07-23 11:10:00", "severity": "over_3_hours"}}, {"type": "Feature", "geometry": {"type": "Polygon", "coordinates": [[[77.23612818585585, 28.492369929666452], [77.23696630746099, 28.490727455227265], [77.239096050448, 28.4905470312988], [77.24038776789129, 28.49200906122433], [77.23954972104906, 28.49365157501892], [77.23741988199713, 28.493832019533453], [77.23612818585585, 28.492369929666452]]]}, "properties": {"h3_id": "893da100cd7ffff", "eligible_devices": 7, "qualifying_events": 1, "events_1_to_3_hours": 0, "events_over_3_hours": 1, "worst_affected_devices": 5, "worst_affected_share": 0.7143, "longest_event_minutes": 330.0, "latest_event_start_ist": "2026-07-08 09:05:00", "latest_event_end_ist": "2026-07-08 14:35:00", "severity": "over_3_hours"}}, {"type": "Feature", "geometry": {"type": "Polygon", "coordinates": [[[77.16898610435052, 28.5200450585125], [77.16982635887253, 28.518402342902938], [77.1719574873418, 28.518222831810412], [77.17324845751573, 28.519686015898305], [77.17240827765913, 28.521328770995858], [77.17027705295972, 28.521508302518367], [77.16898610435052, 28.5200450585125]]]}, "properties": {"h3_id": "893da102023ffff", "eligible_devices": 14, "qualifying_events": 1, "events_1_to_3_hours": 1, "events_over_3_hours": 0, "worst_affected_devices": 14, "worst_affected_share": 1.0, "longest_event_minutes": 105.0, "latest_event_start_ist": "2026-07-06 06:50:00", "latest_event_end_ist": "2026-07-06 08:35:00", "severity": "1_to_3_hours"}}, {"type": "Feature", "geometry": {"type": "Polygon", "coordinates": [[[77.17240827765913, 28.521328770995858], [77.17324845751573, 28.519686015898305], [77.1753796018258, 28.519506446509332], [77.17667066250529, 28.52096961178003], [77.17583055732514, 28.522612406359066], [77.17369931678556, 28.522791996186776], [77.17240827765913, 28.521328770995858]]]}, "properties": {"h3_id": "893da102027ffff", "eligible_devices": 30, "qualifying_events": 2, "events_1_to_3_hours": 2, "events_over_3_hours": 0, "worst_affected_devices": 26, "worst_affected_share": 0.8667, "longest_event_minutes": 105.0, "latest_event_start_ist": "2026-07-16 04:50:00", "latest_event_end_ist": "2026-07-16 06:35:00", "severity": "1_to_3_hours"}}, {"type": "Feature", "geometry": {"type": "Polygon", "coordinates": [[[77.1719574873418, 28.518222831810412], [77.17279763992175, 28.51658013825318], [77.17492868801074, 28.516400589300915], [77.17621967973736, 28.51786371347003], [77.1753796018258, 28.519506446509332], [77.17324845751573, 28.519686015898305], [77.1719574873418, 28.518222831810412]]]}, "properties": {"h3_id": "893da10202fffff", "eligible_devices": 38, "qualifying_events": 1, "events_1_to_3_hours": 1, "events_over_3_hours": 0, "worst_affected_devices": 29, "worst_affected_share": 0.7632, "longest_event_minutes": 100.0, "latest_event_start_ist": "2026-07-06 06:55:00", "latest_event_end_ist": "2026-07-06 08:35:00", "severity": "1_to_3_hours"}}, {"type": "Feature", "geometry": {"type": "Polygon", "coordinates": [[[77.16943677115168, 28.523151079662934], [77.17027705295972, 28.521508302518367], [77.17240827765913, 28.521328770995858], [77.17369931678556, 28.522791996186776], [77.17285910965096, 28.524434812818775], [77.17072778871301, 28.52461436477327], [77.16943677115168, 28.523151079662934]]]}, "properties": {"h3_id": "893da102037ffff", "eligible_devices": 13, "qualifying_events": 2, "events_1_to_3_hours": 2, "events_over_3_hours": 0, "worst_affected_devices": 12, "worst_affected_share": 0.9231, "longest_event_minutes": 105.0, "latest_event_start_ist": "2026-07-16 04:50:00", "latest_event_end_ist": "2026-07-16 06:35:00", "severity": "1_to_3_hours"}}, {"type": "Feature", "geometry": {"type": "Polygon", "coordinates": [[[77.17880182264089, 28.52078998408951], [77.17964182587302, 28.51914721157463], [77.18177290559903, 28.51896754603172], [77.18306407830929, 28.520430632550315], [77.18222414976762, 28.52207344453429], [77.18009297382174, 28.522253130531418], [77.17880182264089, 28.52078998408951]]]}, "properties": {"h3_id": "893da102143ffff", "eligible_devices": 24, "qualifying_events": 2, "events_1_to_3_hours": 2, "events_over_3_hours": 0, "worst_affected_devices": 21, "worst_affected_share": 0.875, "longest_event_minutes": 145.0, "latest_event_start_ist": "2026-07-15 14:55:00", "latest_event_end_ist": "2026-07-15 17:20:00", "severity": "1_to_3_hours"}}, {"type": "Feature", "geometry": {"type": "Polygon", "coordinates": [[[77.18222414976762, 28.52207344453429], [77.18306407830929, 28.520430632550315], [77.18519517383095, 28.52025090870446], [77.1864864370267, 28.521713976380433], [77.18564658318655, 28.523356827826987], [77.18351539144564, 28.523536572135836], [77.18222414976762, 28.52207344453429]]]}, "properties": {"h3_id": "893da102147ffff", "eligible_devices": 10, "qualifying_events": 3, "events_1_to_3_hours": 3, "events_over_3_hours": 0, "worst_affected_devices": 10, "worst_affected_share": 1.0, "longest_event_minutes": 110.0, "latest_event_start_ist": "2026-07-27 14:50:00", "latest_event_end_ist": "2026-07-27 15:55:00", "severity": "1_to_3_hours"}}, {"type": "Feature", "geometry": {"type": "Polygon", "coordinates": [[[77.17835074365247, 28.51768410622499], [77.17919071962541, 28.51604139525515], [77.18132170313996, 28.515861750164454], [77.18261280688954, 28.517324795592227], [77.18177290559903, 28.51896754603172], [77.17964182587302, 28.51914721157463], [77.17835074365247, 28.51768410622499]]]}, "properties": {"h3_id": "893da10214bffff", "eligible_devices": 21, "qualifying_events": 1, "events_1_to_3_hours": 1, "events_over_3_hours": 0, "worst_affected_devices": 17, "worst_affected_share": 0.8095, "longest_event_minutes": 100.0, "latest_event_start_ist": "2026-07-06 06:55:00", "latest_event_end_ist": "2026-07-06 08:35:00", "severity": "1_to_3_hours"}}, {"type": "Feature", "geometry": {"type": "Polygon", "coordinates": [[[77.17583055732514, 28.522612406359066], [77.17667066250529, 28.52096961178003], [77.17880182264089, 28.52078998408951], [77.18009297382174, 28.522253130531418], [77.17925294332908, 28.52389596458547], [77.17712168696458, 28.524075612723472], [77.17583055732514, 28.522612406359066]]]}, "properties": {"h3_id": "893da102153ffff", "eligible_devices": 19, "qualifying_events": 2, "events_1_to_3_hours": 2, "events_over_3_hours": 0, "worst_affected_devices": 19, "worst_affected_share": 1.0, "longest_event_minutes": 110.0, "latest_event_start_ist": "2026-07-11 08:45:00", "latest_event_end_ist": "2026-07-11 10:35:00", "severity": "1_to_3_hours"}}, {"type": "Feature", "geometry": {"type": "Polygon", "coordinates": [[[77.1753796018258, 28.519506446509332], [77.17621967973736, 28.51786371347003], [77.17835074365247, 28.51768410622499], [77.17964182587302, 28.51914721157463], [77.17880182264089, 28.52078998408951], [77.17667066250529, 28.52096961178003], [77.1753796018258, 28.519506446509332]]]}, "properties": {"h3_id": "893da10215bffff", "eligible_devices": 16, "qualifying_events": 1, "events_1_to_3_hours": 1, "events_over_3_hours": 0, "worst_affected_devices": 14, "worst_affected_share": 0.875, "longest_event_minutes": 100.0, "latest_event_start_ist": "2026-07-06 06:55:00", "latest_event_end_ist": "2026-07-06 08:35:00", "severity": "1_to_3_hours"}}, {"type": "Feature", "geometry": {"type": "Polygon", "coordinates": [[[77.17285910965096, 28.524434812818775], [77.17369931678556, 28.522791996186776], [77.17583055732514, 28.522612406359066], [77.17712168696458, 28.524075612723472], [77.17628155451449, 28.525718468836395], [77.17415021773697, 28.525898079104838], [77.17285910965096, 28.524434812818775]]]}, "properties": {"h3_id": "893da1021cbffff", "eligible_devices": 8, "qualifying_events": 2, "events_1_to_3_hours": 1, "events_over_3_hours": 1, "worst_affected_devices": 8, "worst_affected_share": 1.0, "longest_event_minutes": 210.0, "latest_event_start_ist": "2026-07-11 08:40:00", "latest_event_end_ist": "2026-07-11 12:10:00", "severity": "over_3_hours"}}, {"type": "Feature", "geometry": {"type": "Polygon", "coordinates": [[[77.1778997063581, 28.514578331005648], [77.17873965507317, 28.51293568158672], [77.18087054238471, 28.512756056946206], [77.18216157718068, 28.514219061275288], [77.18132170313996, 28.515861750164454], [77.17919071962541, 28.51604139525515], [77.1778997063581, 28.514578331005648]]]}, "properties": {"h3_id": "893da102387ffff", "eligible_devices": 24, "qualifying_events": 1, "events_1_to_3_hours": 1, "events_over_3_hours": 0, "worst_affected_devices": 23, "worst_affected_share": 0.9583, "longest_event_minutes": 100.0, "latest_event_start_ist": "2026-07-06 06:55:00", "latest_event_end_ist": "2026-07-06 08:35:00", "severity": "1_to_3_hours"}}, {"type": "Feature", "geometry": {"type": "Polygon", "coordinates": [[[77.17492868801074, 28.516400589300915], [77.17576873865504, 28.514757917807227], [77.1778997063581, 28.514578331005648], [77.17919071962541, 28.51604139525515], [77.17835074365247, 28.51768410622499], [77.17621967973736, 28.51786371347003], [77.17492868801074, 28.516400589300915]]]}, "properties": {"h3_id": "893da102397ffff", "eligible_devices": 45, "qualifying_events": 1, "events_1_to_3_hours": 1, "events_over_3_hours": 0, "worst_affected_devices": 40, "worst_affected_share": 0.8889, "longest_event_minutes": 100.0, "latest_event_start_ist": "2026-07-06 06:55:00", "latest_event_end_ist": "2026-07-06 08:35:00", "severity": "1_to_3_hours"}}, {"type": "Feature", "geometry": {"type": "Polygon", "coordinates": [[[77.24730123609662, 28.502424111335703], [77.24813918750257, 28.500781395603482], [77.25026916912815, 28.50060075568139], [77.25156129542404, 28.502062810876044], [77.2507234188301, 28.50370556594298], [77.24859334112477, 28.503886226481427], [77.24730123609662, 28.502424111335703]]]}, "properties": {"h3_id": "893da102b4fffff", "eligible_devices": 24, "qualifying_events": 1, "events_1_to_3_hours": 1, "events_over_3_hours": 0, "worst_affected_devices": 18, "worst_affected_share": 0.75, "longest_event_minutes": 100.0, "latest_event_start_ist": "2026-07-20 08:55:00", "latest_event_end_ist": "2026-07-20 10:35:00", "severity": "1_to_3_hours"}}, {"type": "Feature", "geometry": {"type": "Polygon", "coordinates": [[[77.20411730103312, 28.539091267597787], [77.20495686281657, 28.53744803434787], [77.20708834146349, 28.53726789902504], [77.2083803545642, 28.53873097643145], [77.20754086757266, 28.540374249103227], [77.20540929268498, 28.540554404947592], [77.20411730103312, 28.539091267597787]]]}, "properties": {"h3_id": "893da102c13ffff", "eligible_devices": 13, "qualifying_events": 2, "events_1_to_3_hours": 0, "events_over_3_hours": 2, "worst_affected_devices": 11, "worst_affected_share": 0.8462, "longest_event_minutes": 685.0, "latest_event_start_ist": "2026-07-29 11:25:00", "latest_event_end_ist": "2026-07-29 17:15:00", "severity": "over_3_hours"}}, {"type": "Feature", "geometry": {"type": "Polygon", "coordinates": [[[77.20754086757266, 28.540374249103227], [77.2083803545642, 28.53873097643145], [77.21051184889807, 28.538550782743833], [77.211803952477, 28.54001384119857], [77.2109645402884, 28.541657153285712], [77.2088329497144, 28.541837367503618], [77.20754086757266, 28.540374249103227]]]}, "properties": {"h3_id": "893da102c17ffff", "eligible_devices": 5, "qualifying_events": 2, "events_1_to_3_hours": 0, "events_over_3_hours": 2, "worst_affected_devices": 5, "worst_affected_share": 1.0, "longest_event_minutes": 745.0, "latest_event_start_ist": "2026-07-25 12:50:00", "latest_event_end_ist": "2026-07-25 21:15:00", "severity": "over_3_hours"}}, {"type": "Feature", "geometry": {"type": "Polygon", "coordinates": [[[77.2267240679115, 28.53875140341345], [77.22756302447283, 28.537108078922827], [77.22969432394915, 28.536927596676367], [77.23098676307166, 28.538390418344633], [77.23014788135526, 28.5400337822133], [77.22801648566791, 28.540214285036512], [77.2267240679115, 28.53875140341345]]]}, "properties": {"h3_id": "893da102d43ffff", "eligible_devices": 128, "qualifying_events": 1, "events_1_to_3_hours": 1, "events_over_3_hours": 0, "worst_affected_devices": 105, "worst_affected_share": 0.8203, "longest_event_minutes": 85.0, "latest_event_start_ist": "2026-07-07 09:15:00", "latest_event_end_ist": "2026-07-07 10:40:00", "severity": "1_to_3_hours"}}, {"type": "Feature", "geometry": {"type": "Polygon", "coordinates": [[[77.22969432394915, 28.536927596676367], [77.23053317852728, 28.535284294344088], [77.23266439738354, 28.535103774307103], [77.23395685786015, 28.53656653601977], [77.2331180781299, 28.538209877724167], [77.23098676307166, 28.538390418344633], [77.22969432394915, 28.536927596676367]]]}, "properties": {"h3_id": "893da102d4fffff", "eligible_devices": 9, "qualifying_events": 2, "events_1_to_3_hours": 1, "events_over_3_hours": 1, "worst_affected_devices": 7, "worst_affected_share": 0.7778, "longest_event_minutes": 255.0, "latest_event_start_ist": "2026-07-23 14:05:00", "latest_event_end_ist": "2026-07-23 18:20:00", "severity": "over_3_hours"}}, {"type": "Feature", "geometry": {"type": "Polygon", "coordinates": [[[77.22375362926975, 28.540575194496704], [77.22459268782072, 28.53893184785896], [77.2267240679115, 28.53875140341345], [77.22801648566791, 28.540214285036512], [77.22717750195893, 28.541857671058228], [77.22504602564804, 28.542038136073778], [77.22375362926975, 28.540575194496704]]]}, "properties": {"h3_id": "893da102d53ffff", "eligible_devices": 59, "qualifying_events": 1, "events_1_to_3_hours": 1, "events_over_3_hours": 0, "worst_affected_devices": 53, "worst_affected_share": 0.8983, "longest_event_minutes": 90.0, "latest_event_start_ist": "2026-07-07 09:10:00", "latest_event_end_ist": "2026-07-07 10:40:00", "severity": "1_to_3_hours"}}, {"type": "Feature", "geometry": {"type": "Polygon", "coordinates": [[[77.20095165320272, 28.517349114131694], [77.20179102456663, 28.51570631166897], [77.20392182976387, 28.515526319940406], [77.20521335977554, 28.516989110168], [77.2043740631471, 28.51863195205663], [77.20224316176801, 28.518811964292603], [77.20095165320272, 28.517349114131694]]]}, "properties": {"h3_id": "893da102e13ffff", "eligible_devices": 45, "qualifying_events": 2, "events_1_to_3_hours": 0, "events_over_3_hours": 2, "worst_affected_devices": 33, "worst_affected_share": 0.7333, "longest_event_minutes": 585.0, "latest_event_start_ist": "2026-07-29 00:40:00", "latest_event_end_ist": "2026-07-29 10:25:00", "severity": "over_3_hours"}}, {"type": "Feature", "geometry": {"type": "Polygon", "coordinates": [[[77.2004995849854, 28.51424350256659], [77.20133892915189, 28.51260076166835], [77.20346963817569, 28.512420790445184], [77.20476109920294, 28.513883539615694], [77.20392182976387, 28.515526319940406], [77.20179102456663, 28.51570631166897], [77.2004995849854, 28.51424350256659]]]}, "properties": {"h3_id": "893da102e1bffff", "eligible_devices": 11, "qualifying_events": 1, "events_1_to_3_hours": 1, "events_over_3_hours": 0, "worst_affected_devices": 8, "worst_affected_share": 0.7273, "longest_event_minutes": 75.0, "latest_event_start_ist": "2026-07-28 13:05:00", "latest_event_end_ist": "2026-07-28 14:20:00", "severity": "1_to_3_hours"}}, {"type": "Feature", "geometry": {"type": "Polygon", "coordinates": [[[77.1979812942344, 28.51917189265002], [77.1988207675296, 28.5175290680605], [77.20095165320272, 28.517349114131694], [77.20224316176801, 28.518811964292603], [77.20140376320529, 28.52045482831397], [77.1992727813413, 28.52063480274344], [77.1979812942344, 28.51917189265002]]]}, "properties": {"h3_id": "893da102e8bffff", "eligible_devices": 12, "qualifying_events": 2, "events_1_to_3_hours": 0, "events_over_3_hours": 2, "worst_affected_devices": 9, "worst_affected_share": 0.75, "longest_event_minutes": 585.0, "latest_event_start_ist": "2026-07-29 00:40:00", "latest_event_end_ist": "2026-07-29 10:25:00", "severity": "over_3_hours"}}, {"type": "Feature", "geometry": {"type": "Polygon", "coordinates": [[[77.20140376320529, 28.52045482831397], [77.20224316176801, 28.518811964292603], [77.2043740631471, 28.51863195205663], [77.20566566215025, 28.520094783333423], [77.20482633833109, 28.521737686780114], [77.20269534076174, 28.52191771952553], [77.20140376320529, 28.52045482831397]]]}, "properties": {"h3_id": "893da102e8fffff", "eligible_devices": 27, "qualifying_events": 1, "events_1_to_3_hours": 0, "events_over_3_hours": 1, "worst_affected_devices": 19, "worst_affected_share": 0.7037, "longest_event_minutes": 530.0, "latest_event_start_ist": "2026-07-18 01:10:00", "latest_event_end_ist": "2026-07-18 10:00:00", "severity": "over_3_hours"}}, {"type": "Feature", "geometry": {"type": "Polygon", "coordinates": [[[77.1975293494064, 28.516066199027044], [77.19836879549477, 28.514423435996722], [77.2004995849854, 28.51424350256659], [77.20179102456663, 28.51570631166897], [77.20095165320272, 28.517349114131694], [77.1988207675296, 28.5175290680605], [77.1975293494064, 28.516066199027044]]]}, "properties": {"h3_id": "893da102ec7ffff", "eligible_devices": 14, "qualifying_events": 2, "events_1_to_3_hours": 0, "events_over_3_hours": 2, "worst_affected_devices": 12, "worst_affected_share": 0.8571, "longest_event_minutes": 530.0, "latest_event_start_ist": "2026-07-29 03:55:00", "latest_event_end_ist": "2026-07-29 10:25:00", "severity": "over_3_hours"}}, {"type": "Feature", "geometry": {"type": "Polygon", "coordinates": [[[77.1515231378631, 28.466512087521654], [77.15236317953614, 28.464870475798875], [77.15449272182524, 28.464691465751617], [77.1557823185351, 28.466154047056378], [77.15494235136575, 28.467795698295575], [77.15281271297934, 28.467974728714445], [77.1515231378631, 28.466512087521654]]]}, "properties": {"h3_id": "893da10314fffff", "eligible_devices": 8, "qualifying_events": 1, "events_1_to_3_hours": 0, "events_over_3_hours": 1, "worst_affected_devices": 8, "worst_affected_share": 1.0, "longest_event_minutes": 590.0, "latest_event_start_ist": "2026-07-18 22:30:00", "latest_event_end_ist": "2026-07-19 08:20:00", "severity": "over_3_hours"}}, {"type": "Feature", "geometry": {"type": "Polygon", "coordinates": [[[77.38084455330412, 28.552343449253154], [77.38167957889434, 28.550699204301363], [77.38381015251142, 28.55051628760187], [77.38510579658713, 28.55197759489767], [77.38427084623753, 28.553621878929388], [77.38214017656811, 28.553804816586258], [77.38084455330412, 28.552343449253154]]]}, "properties": {"h3_id": "893da104193ffff", "eligible_devices": 5, "qualifying_events": 4, "events_1_to_3_hours": 3, "events_over_3_hours": 1, "worst_affected_devices": 5, "worst_affected_share": 1.0, "longest_event_minutes": 1085.0, "latest_event_start_ist": "2026-07-19 23:00:00", "latest_event_end_ist": "2026-07-20 17:05:00", "severity": "over_3_hours"}}, {"type": "Feature", "geometry": {"type": "Polygon", "coordinates": [[[77.38427084623753, 28.553621878929388], [77.38510579658713, 28.55197759489767], [77.38723638507741, 28.551794619718976], [77.3885321192662, 28.55325590760674], [77.38769724416818, 28.554900230711834], [77.38556655962631, 28.55508322685665], [77.38427084623753, 28.553621878929388]]]}, "properties": {"h3_id": "893da104197ffff", "eligible_devices": 5, "qualifying_events": 2, "events_1_to_3_hours": 1, "events_over_3_hours": 1, "worst_affected_devices": 5, "worst_affected_share": 1.0, "longest_event_minutes": 1085.0, "latest_event_start_ist": "2026-07-19 23:00:00", "latest_event_end_ist": "2026-07-20 17:05:00", "severity": "over_3_hours"}}, {"type": "Feature", "geometry": {"type": "Polygon", "coordinates": [[[77.37194665677808, 28.557824843997153], [77.37278198834413, 28.556180531563847], [77.37491280543851, 28.55599772747243], [77.37620838704309, 28.557459214877873], [77.37537313070908, 28.559103566408915], [77.37324221753495, 28.559286391437645], [77.37194665677808, 28.557824843997153]]]}, "properties": {"h3_id": "893da104507ffff", "eligible_devices": 16, "qualifying_events": 1, "events_1_to_3_hours": 1, "events_over_3_hours": 0, "worst_affected_devices": 12, "worst_affected_share": 0.75, "longest_event_minutes": 110.0, "latest_event_start_ist": "2026-07-17 09:50:00", "latest_event_end_ist": "2026-07-17 11:40:00", "severity": "1_to_3_hours"}}, {"type": "Feature", "geometry": {"type": "Polygon", "coordinates": [[[77.36990052657154, 28.565864055537887], [77.37073601371432, 28.56421959749926], [77.37286710414295, 28.56403678910146], [77.37416280353098, 28.56549841780843], [77.37332739163361, 28.567142914949482], [77.37119620509932, 28.56732574428201], [77.36990052657154, 28.565864055537887]]]}, "properties": {"h3_id": "893da1045b3ffff", "eligible_devices": 8, "qualifying_events": 1, "events_1_to_3_hours": 0, "events_over_3_hours": 1, "worst_affected_devices": 6, "worst_affected_share": 0.75, "longest_event_minutes": 695.0, "latest_event_start_ist": "2026-07-10 23:05:00", "latest_event_end_ist": "2026-07-11 10:40:00", "severity": "over_3_hours"}}, {"type": "Feature", "geometry": {"type": "Polygon", "coordinates": [[[77.35022444269062, 28.52037746429718], [77.35105988215845, 28.518733963555842], [77.35318966406524, 28.5185516606644], [77.3544841025003, 28.52001283764211], [77.35364873812853, 28.52165637752009], [77.35151886022217, 28.521838701284583], [77.35022444269062, 28.52037746429718]]]}, "properties": {"h3_id": "893da104667ffff", "eligible_devices": 12, "qualifying_events": 1, "events_1_to_3_hours": 1, "events_over_3_hours": 0, "worst_affected_devices": 12, "worst_affected_share": 1.0, "longest_event_minutes": 135.0, "latest_event_start_ist": "2026-07-14 19:20:00", "latest_event_end_ist": "2026-07-14 21:35:00", "severity": "1_to_3_hours"}}, {"type": "Feature", "geometry": {"type": "Polygon", "coordinates": [[[77.4429005223274, 28.534423049076164], [77.44373366896124, 28.532778886486373], [77.44586319348937, 28.532595094890052], [77.44715966730004, 28.534055444781103], [77.44632659601228, 28.53569964632831], [77.4441969755643, 28.53588345902793], [77.4429005223274, 28.534423049076164]]]}, "properties": {"h3_id": "893da104867ffff", "eligible_devices": 20, "qualifying_events": 1, "events_1_to_3_hours": 1, "events_over_3_hours": 0, "worst_affected_devices": 15, "worst_affected_share": 0.75, "longest_event_minutes": 115.0, "latest_event_start_ist": "2026-07-17 20:10:00", "latest_event_end_ist": "2026-07-17 22:05:00", "severity": "1_to_3_hours"}}, {"type": "Feature", "geometry": {"type": "Polygon", "coordinates": [[[77.43993766792667, 28.536250988602493], [77.44077091647135, 28.534606803315565], [77.4429005223274, 28.534423049076164], [77.4441969755643, 28.53588345902793], [77.44336380236288, 28.537527683278203], [77.44123410057783, 28.53771145861425], [77.43993766792667, 28.536250988602493]]]}, "properties": {"h3_id": "893da104877ffff", "eligible_devices": 8, "qualifying_events": 2, "events_1_to_3_hours": 2, "events_over_3_hours": 0, "worst_affected_devices": 6, "worst_affected_share": 0.75, "longest_event_minutes": 95.0, "latest_event_start_ist": "2026-07-29 13:10:00", "latest_event_end_ist": "2026-07-29 14:35:00", "severity": "1_to_3_hours"}}, {"type": "Feature", "geometry": {"type": "Polygon", "coordinates": [[[77.4341973181466, 28.519452262331747], [77.43503050911684, 28.517808424382054], [77.43715962084207, 28.5176248340063], [77.43845563748158, 28.519085060503574], [77.43762252180305, 28.520728937426338], [77.43549331418983, 28.520912548879632], [77.4341973181466, 28.519452262331747]]]}, "properties": {"h3_id": "893da104a07ffff", "eligible_devices": 8, "qualifying_events": 2, "events_1_to_3_hours": 0, "events_over_3_hours": 2, "worst_affected_devices": 8, "worst_affected_share": 1.0, "longest_event_minutes": 1050.0, "latest_event_start_ist": "2026-07-12 19:00:00", "latest_event_end_ist": "2026-07-13 12:20:00", "severity": "over_3_hours"}}, {"type": "Feature", "geometry": {"type": "Polygon", "coordinates": [[[77.43715962084207, 28.5176248340063], [77.43799270995109, 28.51598101877393], [77.44012174040861, 28.515797391070816], [77.44141777763251, 28.51725755751674], [77.44058476381798, 28.518901411716254], [77.43845563748158, 28.519085060503574], [77.43715962084207, 28.5176248340063]]]}, "properties": {"h3_id": "893da104a3bffff", "eligible_devices": 8, "qualifying_events": 14, "events_1_to_3_hours": 5, "events_over_3_hours": 9, "worst_affected_devices": 8, "worst_affected_share": 1.0, "longest_event_minutes": 570.0, "latest_event_start_ist": "2026-07-31 02:25:00", "latest_event_end_ist": "2026-07-31 06:15:00", "severity": "over_3_hours"}}, {"type": "Feature", "geometry": {"type": "Polygon", "coordinates": [[[77.43854845197117, 28.526937451122954], [77.43938162079243, 28.52529345083696], [77.44151093891162, 28.52510975987502], [77.44280718411002, 28.526570048109534], [77.44197409060764, 28.528214087360784], [77.43984467658453, 28.52839779941314], [77.43854845197117, 28.526937451122954]]]}, "properties": {"h3_id": "893da104aa7ffff", "eligible_devices": 18, "qualifying_events": 1, "events_1_to_3_hours": 0, "events_over_3_hours": 1, "worst_affected_devices": 15, "worst_affected_share": 0.8333, "longest_event_minutes": 955.0, "latest_event_start_ist": "2026-07-08 23:00:00", "latest_event_end_ist": "2026-07-09 14:55:00", "severity": "over_3_hours"}}, {"type": "Feature", "geometry": {"type": "Polygon", "coordinates": [[[77.43466009664074, 28.522556448514493], [77.43549331418983, 28.520912548879632], [77.43762252180305, 28.520728937426338], [77.43891860776007, 28.52218920452917], [77.43808546551081, 28.523833143136482], [77.43595616200123, 28.52401677566938], [77.43466009664074, 28.522556448514493]]]}, "properties": {"h3_id": "893da104aabffff", "eligible_devices": 5, "qualifying_events": 3, "events_1_to_3_hours": 3, "events_over_3_hours": 0, "worst_affected_devices": 4, "worst_affected_share": 0.8, "longest_event_minutes": 160.0, "latest_event_start_ist": "2026-07-29 22:15:00", "latest_event_end_ist": "2026-07-30 00:55:00", "severity": "1_to_3_hours"}}, {"type": "Feature", "geometry": {"type": "Polygon", "coordinates": [[[77.4316974883299, 28.524383944959123], [77.4325308077561, 28.522740022623324], [77.43466009664074, 28.522556448514493], [77.43595616200123, 28.52401677566938], [77.43512291787204, 28.525660736983564], [77.4329935330819, 28.525844332165356], [77.4316974883299, 28.524383944959123]]]}, "properties": {"h3_id": "893da104abbffff", "eligible_devices": 5, "qualifying_events": 6, "events_1_to_3_hours": 4, "events_over_3_hours": 2, "worst_affected_devices": 5, "worst_affected_share": 1.0, "longest_event_minutes": 720.0, "latest_event_start_ist": "2026-07-17 22:55:00", "latest_event_end_ist": "2026-07-18 01:55:00", "severity": "over_3_hours"}}, {"type": "Feature", "geometry": {"type": "Polygon", "coordinates": [[[77.33194773490283, 28.484219475967816], [77.33278320635601, 28.482576748553203], [77.33491196854217, 28.482394887391788], [77.33620535519043, 28.483855732828253], [77.33536995870855, 28.48549849941169], [77.33324110060363, 28.485680381390704], [77.33194773490283, 28.484219475967816]]]}, "properties": {"h3_id": "893da105013ffff", "eligible_devices": 23, "qualifying_events": 1, "events_1_to_3_hours": 0, "events_over_3_hours": 1, "worst_affected_devices": 20, "worst_affected_share": 0.8696, "longest_event_minutes": 585.0, "latest_event_start_ist": "2026-07-12 00:00:00", "latest_event_end_ist": "2026-07-12 09:45:00", "severity": "over_3_hours"}}, {"type": "Feature", "geometry": {"type": "Polygon", "coordinates": [[[77.32944106330105, 28.48914782664886], [77.33027666337829, 28.4875050150187], [77.33240560232731, 28.487323170503085], [77.33369903713182, 28.488784116805558], [77.33286351203108, 28.49042696760987], [77.33073447714585, 28.490608832938435], [77.32944106330105, 28.48914782664886]]]}, "properties": {"h3_id": "893da105083ffff", "eligible_devices": 22, "qualifying_events": 2, "events_1_to_3_hours": 2, "events_over_3_hours": 0, "worst_affected_devices": 18, "worst_affected_share": 0.8182, "longest_event_minutes": 180.0, "latest_event_start_ist": "2026-07-19 05:00:00", "latest_event_end_ist": "2026-07-19 06:15:00", "severity": "1_to_3_hours"}}, {"type": "Feature", "geometry": {"type": "Polygon", "coordinates": [[[77.32989885023483, 28.4922517062553], [77.33073447714585, 28.490608832938435], [77.33286351203108, 28.49042696760987], [77.33415701594639, 28.491887954784026], [77.33332146401993, 28.493530867274444], [77.33119233319013, 28.493712753418016], [77.32989885023483, 28.4922517062553]]]}, "properties": {"h3_id": "893da105097ffff", "eligible_devices": 43, "qualifying_events": 2, "events_1_to_3_hours": 2, "events_over_3_hours": 0, "worst_affected_devices": 39, "worst_affected_share": 0.907, "longest_event_minutes": 180.0, "latest_event_start_ist": "2026-07-19 05:00:00", "latest_event_end_ist": "2026-07-19 06:15:00", "severity": "1_to_3_hours"}}, {"type": "Feature", "geometry": {"type": "Polygon", "coordinates": [[[77.32510360272946, 28.481661196983406], [77.32593922409237, 28.480018547926022], [77.32806795609434, 28.47983680329077], [77.32936116265013, 28.481297686913617], [77.3285256162366, 28.482940375152868], [77.32639678831444, 28.48312214058826], [77.32510360272946, 28.481661196983406]]]}, "properties": {"h3_id": "893da1050c3ffff", "eligible_devices": 13, "qualifying_events": 2, "events_1_to_3_hours": 1, "events_over_3_hours": 1, "worst_affected_devices": 13, "worst_affected_share": 1.0, "longest_event_minutes": 605.0, "latest_event_start_ist": "2026-07-19 09:15:00", "latest_event_end_ist": "2026-07-19 10:55:00", "severity": "over_3_hours"}}, {"type": "Feature", "geometry": {"type": "Polygon", "coordinates": [[[77.32213906677286, 28.483485575723048], [77.32297478992156, 28.481842904154504], [77.32510360272946, 28.481661196983406], [77.32639678831444, 28.48312214058826], [77.32556114011223, 28.484764851344607], [77.32343223137508, 28.484946579309163], [77.32213906677286, 28.483485575723048]]]}, "properties": {"h3_id": "893da1050d3ffff", "eligible_devices": 18, "qualifying_events": 1, "events_1_to_3_hours": 1, "events_over_3_hours": 0, "worst_affected_devices": 13, "worst_affected_share": 0.7222, "longest_event_minutes": 100.0, "latest_event_start_ist": "2026-07-19 09:15:00", "latest_event_end_ist": "2026-07-19 10:55:00", "severity": "1_to_3_hours"}}, {"type": "Feature", "geometry": {"type": "Polygon", "coordinates": [[[77.32168169440094, 28.480381941475965], [77.32251739070226, 28.478739331606988], [77.32464610758927, 28.478557645227287], [77.32593922409237, 28.480018547926022], [77.32510360272946, 28.481661196983406], [77.32297478992156, 28.481842904154504], [77.32168169440094, 28.480381941475965]]]}, "properties": {"h3_id": "893da1050dbffff", "eligible_devices": 7, "qualifying_events": 2, "events_1_to_3_hours": 1, "events_over_3_hours": 1, "worst_affected_devices": 6, "worst_affected_share": 0.8571, "longest_event_minutes": 310.0, "latest_event_start_ist": "2026-07-19 09:10:00", "latest_event_end_ist": "2026-07-19 10:55:00", "severity": "over_3_hours"}}, {"type": "Feature", "geometry": {"type": "Polygon", "coordinates": [[[77.31758108072573, 28.496446301344236], [77.3184170880715, 28.494803399754627], [77.3205463503421, 28.4946217051967], [77.32183970123599, 28.496082891443052], [77.32100376885519, 28.497725832230522], [77.31887441061205, 28.497907547574655], [77.31758108072573, 28.496446301344236]]]}, "properties": {"h3_id": "893da105407ffff", "eligible_devices": 7, "qualifying_events": 2, "events_1_to_3_hours": 2, "events_over_3_hours": 0, "worst_affected_devices": 5, "worst_affected_share": 0.7143, "longest_event_minutes": 165.0, "latest_event_start_ist": "2026-07-21 08:05:00", "latest_event_end_ist": "2026-07-21 10:50:00", "severity": "1_to_3_hours"}}, {"type": "Feature", "geometry": {"type": "Polygon", "coordinates": [[[77.32693400577409, 28.494076429921602], [77.3277697345019, 28.492433534103366], [77.32989885023483, 28.4922517062553], [77.33119233319013, 28.493712753418016], [77.33035667944402, 28.495355688415728], [77.32822746775743, 28.495537537072114], [77.32693400577409, 28.494076429921602]]]}, "properties": {"h3_id": "893da10542fffff", "eligible_devices": 11, "qualifying_events": 2, "events_1_to_3_hours": 2, "events_over_3_hours": 0, "worst_affected_devices": 10, "worst_affected_share": 0.9091, "longest_event_minutes": 180.0, "latest_event_start_ist": "2026-07-19 05:00:00", "latest_event_end_ist": "2026-07-19 06:15:00", "severity": "1_to_3_hours"}}, {"type": "Feature", "geometry": {"type": "Polygon", "coordinates": [[[77.3205463503421, 28.4946217051967], [77.32138225586101, 28.4929788260802], [77.32351143730943, 28.492797094017245], [77.32480480919894, 28.494258220278763], [77.32396897864788, 28.495901138587204], [77.32183970123599, 28.496082891443052], [77.3205463503421, 28.4946217051967]]]}, "properties": {"h3_id": "893da10543bffff", "eligible_devices": 21, "qualifying_events": 1, "events_1_to_3_hours": 1, "events_over_3_hours": 0, "worst_affected_devices": 15, "worst_affected_share": 0.7143, "longest_event_minutes": 70.0, "latest_event_start_ist": "2026-07-21 09:35:00", "latest_event_end_ist": "2026-07-21 10:45:00", "severity": "1_to_3_hours"}}, {"type": "Feature", "geometry": {"type": "Polygon", "coordinates": [[[77.32305393822132, 28.48969315200741], [77.32388971506863, 28.48805035705724], [77.32601871974342, 28.487868608297198], [77.3273120435134, 28.48932963369066], [77.32647634162876, 28.490972467827444], [77.32434724100798, 28.491154237385018], [77.32305393822132, 28.48969315200741]]]}, "properties": {"h3_id": "893da105467ffff", "eligible_devices": 11, "qualifying_events": 1, "events_1_to_3_hours": 1, "events_over_3_hours": 0, "worst_affected_devices": 8, "worst_affected_share": 0.7273, "longest_event_minutes": 115.0, "latest_event_start_ist": "2026-07-13 04:35:00", "latest_event_end_ist": "2026-07-13 06:30:00", "severity": "1_to_3_hours"}}, {"type": "Feature", "geometry": {"type": "Polygon", "coordinates": [[[77.31917434822358, 28.485309939488133], [77.32001017316453, 28.483667245419593], [77.32213906677286, 28.483485575723048], [77.32343223137508, 28.484946579309163], [77.32259648137773, 28.48658931257143], [77.32046749183108, 28.486771003054738], [77.31917434822358, 28.485309939488133]]]}, "properties": {"h3_id": "893da10546bffff", "eligible_devices": 19, "qualifying_events": 2, "events_1_to_3_hours": 1, "events_over_3_hours": 1, "worst_affected_devices": 16, "worst_affected_share": 0.8421, "longest_event_minutes": 185.0, "latest_event_start_ist": "2026-07-19 09:15:00", "latest_event_end_ist": "2026-07-19 10:55:00", "severity": "over_3_hours"}}, {"type": "Feature", "geometry": {"type": "Polygon", "coordinates": [[[77.30868417597259, 28.501919999379513], [77.30952048883778, 28.500277030437616], [77.31164999354196, 28.500095448457234], [77.31294328137722, 28.501556814653476], [77.3121070434683, 28.503199822811], [77.30997744276435, 28.50338142555752], [77.30868417597259, 28.501919999379513]]]}, "properties": {"h3_id": "893da105483ffff", "eligible_devices": 5, "qualifying_events": 2, "events_1_to_3_hours": 0, "events_over_3_hours": 2, "worst_affected_devices": 4, "worst_affected_share": 0.8, "longest_event_minutes": 245.0, "latest_event_start_ist": "2026-07-12 01:35:00", "latest_event_end_ist": "2026-07-12 05:40:00", "severity": "over_3_hours"}}, {"type": "Feature", "geometry": {"type": "Polygon", "coordinates": [[[77.30914110299977, 28.505024456149382], [77.30997744276435, 28.50338142555752], [77.3121070434683, 28.503199822811], [77.31340040041232, 28.504661229889056], [77.31256413561206, 28.506304299695962], [77.31043443889999, 28.506485923210644], [77.30914110299977, 28.505024456149382]]]}, "properties": {"h3_id": "893da105497ffff", "eligible_devices": 7, "qualifying_events": 2, "events_1_to_3_hours": 1, "events_over_3_hours": 1, "worst_affected_devices": 6, "worst_affected_share": 0.8571, "longest_event_minutes": 225.0, "latest_event_start_ist": "2026-07-10 07:05:00", "latest_event_end_ist": "2026-07-10 08:40:00", "severity": "over_3_hours"}}, {"type": "Feature", "geometry": {"type": "Polygon", "coordinates": [[[77.30389138117704, 28.491327403997946], [77.30472768827289, 28.489684659265013], [77.3068568898257, 28.489503197848578], [77.3081498802545, 28.490964460414666], [77.30731364807971, 28.492607244371555], [77.30518435055158, 28.49278872653926], [77.30389138117704, 28.491327403997946]]]}, "properties": {"h3_id": "893da1054cbffff", "eligible_devices": 5, "qualifying_events": 1, "events_1_to_3_hours": 0, "events_over_3_hours": 1, "worst_affected_devices": 4, "worst_affected_share": 0.8, "longest_event_minutes": 230.0, "latest_event_start_ist": "2026-07-16 14:20:00", "latest_event_end_ist": "2026-07-16 18:10:00", "severity": "over_3_hours"}}, {"type": "Feature", "geometry": {"type": "Polygon", "coordinates": [[[77.30138220242598, 28.496255806405046], [77.30221863825655, 28.494612977571023], [77.30434801655215, 28.494431532940297], [77.30564105500652, 28.495892896397866], [77.30480469410219, 28.497535764461176], [77.3026752198138, 28.497717229838496], [77.30138220242598, 28.496255806405046]]]}, "properties": {"h3_id": "893da1054d3ffff", "eligible_devices": 18, "qualifying_events": 1, "events_1_to_3_hours": 1, "events_over_3_hours": 0, "worst_affected_devices": 13, "worst_affected_share": 0.7222, "longest_event_minutes": 140.0, "latest_event_start_ist": "2026-07-22 05:55:00", "latest_event_end_ist": "2026-07-22 08:15:00", "severity": "1_to_3_hours"}}, {"type": "Feature", "geometry": {"type": "Polygon", "coordinates": [[[77.30480469410219, 28.497535764461176], [77.30564105500652, 28.495892896397866], [77.30777044851834, 28.495711393476864], [77.30906357711447, 28.497172737864684], [77.30822729114738, 28.498815645150763], [77.30609780164345, 28.498997168827106], [77.30480469410219, 28.497535764461176]]]}, "properties": {"h3_id": "893da1054d7ffff", "eligible_devices": 27, "qualifying_events": 1, "events_1_to_3_hours": 1, "events_over_3_hours": 0, "worst_affected_devices": 21, "worst_affected_share": 0.7778, "longest_event_minutes": 140.0, "latest_event_start_ist": "2026-07-22 05:55:00", "latest_event_end_ist": "2026-07-22 08:15:00", "severity": "1_to_3_hours"}}, {"type": "Feature", "geometry": {"type": "Polygon", "coordinates": [[[77.33332146401993, 28.493530867274444], [77.33415701594639, 28.491887954784026], [77.33628606591392, 28.49170603116368], [77.33757965989541, 28.493166999210867], [77.33674418296452, 28.494809950868312], [77.33461503705311, 28.4949918953124], [77.33332146401993, 28.493530867274444]]]}, "properties": {"h3_id": "893da10554bffff", "eligible_devices": 5, "qualifying_events": 3, "events_1_to_3_hours": 3, "events_over_3_hours": 0, "worst_affected_devices": 5, "worst_affected_share": 1.0, "longest_event_minutes": 180.0, "latest_event_start_ist": "2026-07-19 04:55:00", "latest_event_end_ist": "2026-07-19 06:15:00", "severity": "1_to_3_hours"}}, {"type": "Feature", "geometry": {"type": "Polygon", "coordinates": [[[77.33035667944402, 28.495355688415728], [77.33119233319013, 28.493712753418016], [77.33332146401993, 28.493530867274444], [77.33461503705311, 28.4949918953124], [77.33377945829967, 28.496634869483056], [77.33165023151692, 28.49681677644369], [77.33035667944402, 28.495355688415728]]]}, "properties": {"h3_id": "893da10555bffff", "eligible_devices": 12, "qualifying_events": 2, "events_1_to_3_hours": 2, "events_over_3_hours": 0, "worst_affected_devices": 11, "worst_affected_share": 0.9167, "longest_event_minutes": 180.0, "latest_event_start_ist": "2026-07-19 05:00:00", "latest_event_end_ist": "2026-07-19 06:15:00", "severity": "1_to_3_hours"}}, {"type": "Feature", "geometry": {"type": "Polygon", "coordinates": [[[77.31871709863836, 28.482206222762006], [77.31955289672257, 28.4805635903878], [77.32168169440094, 28.480381941475965], [77.32297478992156, 28.481842904154504], [77.32213906677286, 28.483485575723048], [77.32001017316453, 28.483667245419593], [77.31871709863836, 28.482206222762006]]]}, "properties": {"h3_id": "893da1056a7ffff", "eligible_devices": 13, "qualifying_events": 1, "events_1_to_3_hours": 1, "events_over_3_hours": 0, "worst_affected_devices": 11, "worst_affected_share": 0.8462, "longest_event_minutes": 65.0, "latest_event_start_ist": "2026-07-19 09:15:00", "latest_event_end_ist": "2026-07-19 10:20:00", "severity": "1_to_3_hours"}}, {"type": "Feature", "geometry": {"type": "Polygon", "coordinates": [[[77.31372399676461, 28.58010824102548], [77.31456115973555, 28.5784637495095], [77.31669313278034, 28.578281744003856], [77.31798803907012, 28.579744209213324], [77.31715095124396, 28.581388739942312], [77.31501888197974, 28.581570766249698], [77.31372399676461, 28.58010824102548]]]}, "properties": {"h3_id": "893da1060dbffff", "eligible_devices": 5, "qualifying_events": 1, "events_1_to_3_hours": 0, "events_over_3_hours": 1, "worst_affected_devices": 4, "worst_affected_share": 0.8, "longest_event_minutes": 190.0, "latest_event_start_ist": "2026-07-26 16:15:00", "latest_event_end_ist": "2026-07-26 19:25:00", "severity": "over_3_hours"}}, {"type": "Feature", "geometry": {"type": "Polygon", "coordinates": [[[77.36079105898308, 28.591813731031177], [77.36162711525768, 28.590168814126848], [77.3637591072761, 28.589986030636233], [77.36505513920895, 28.591448143130595], [77.36421915821701, 28.5930930991574], [77.36208707000607, 28.593275903568244], [77.36079105898308, 28.591813731031177]]]}, "properties": {"h3_id": "893da106123ffff", "eligible_devices": 10, "qualifying_events": 1, "events_1_to_3_hours": 0, "events_over_3_hours": 1, "worst_affected_devices": 8, "worst_affected_share": 0.8, "longest_event_minutes": 255.0, "latest_event_start_ist": "2026-07-09 04:10:00", "latest_event_end_ist": "2026-07-09 08:25:00", "severity": "over_3_hours"}}, {"type": "Feature", "geometry": {"type": "Polygon", "coordinates": [[[77.36033117359513, 28.588706682178564], [77.36116720303797, 28.587061826781824], [77.36329909887228, 28.586879064209405], [77.36459506144439, 28.58834113611641], [77.3637591072761, 28.589986030636233], [77.36162711525768, 28.590168814126848], [77.36033117359513, 28.588706682178564]]]}, "properties": {"h3_id": "893da10612bffff", "eligible_devices": 23, "qualifying_events": 1, "events_1_to_3_hours": 1, "events_over_3_hours": 0, "worst_affected_devices": 18, "worst_affected_share": 0.7826, "longest_event_minutes": 150.0, "latest_event_start_ist": "2026-07-09 05:45:00", "latest_event_end_ist": "2026-07-09 08:15:00", "severity": "1_to_3_hours"}}, {"type": "Feature", "geometry": {"type": "Polygon", "coordinates": [[[77.3637591072761, 28.589986030636233], [77.36459506144439, 28.58834113611641], [77.36672697226346, 28.588158314973533], [77.36802302509413, 28.589620367424413], [77.36718714621139, 28.591265301060766], [77.36505513920895, 28.591448143130595], [77.3637591072761, 28.589986030636233]]]}, "properties": {"h3_id": "893da10612fffff", "eligible_devices": 11, "qualifying_events": 1, "events_1_to_3_hours": 0, "events_over_3_hours": 1, "worst_affected_devices": 9, "worst_affected_share": 0.8182, "longest_event_minutes": 240.0, "latest_event_start_ist": "2026-07-09 04:10:00", "latest_event_end_ist": "2026-07-09 08:10:00", "severity": "over_3_hours"}}, {"type": "Feature", "geometry": {"type": "Polygon", "coordinates": [[[77.35782282738336, 28.593641416136713], [77.35865898577079, 28.591996476859073], [77.36079105898308, 28.591813731031177], [77.36208707000607, 28.593275903568244], [77.36125098689843, 28.594920881974296], [77.3591188174845, 28.595103648715728], [77.35782282738336, 28.593641416136713]]]}, "properties": {"h3_id": "893da106133ffff", "eligible_devices": 5, "qualifying_events": 1, "events_1_to_3_hours": 1, "events_over_3_hours": 0, "worst_affected_devices": 4, "worst_affected_share": 0.8, "longest_event_minutes": 165.0, "latest_event_start_ist": "2026-07-09 04:10:00", "latest_event_end_ist": "2026-07-09 06:55:00", "severity": "1_to_3_hours"}}, {"type": "Feature", "geometry": {"type": "Polygon", "coordinates": [[[77.35736306502984, 28.59053428487027], [77.3581991965761, 28.588889407094964], [77.36033117359513, 28.588706682178564], [77.36162711525768, 28.590168814126848], [77.36079105898308, 28.591813731031177], [77.35865898577079, 28.591996476859073], [77.35736306502984, 28.59053428487027]]]}, "properties": {"h3_id": "893da10613bffff", "eligible_devices": 9, "qualifying_events": 1, "events_1_to_3_hours": 0, "events_over_3_hours": 1, "worst_affected_devices": 8, "worst_affected_share": 0.8889, "longest_event_minutes": 240.0, "latest_event_start_ist": "2026-07-09 04:10:00", "latest_event_end_ist": "2026-07-09 08:10:00", "severity": "over_3_hours"}}, {"type": "Feature", "geometry": {"type": "Polygon", "coordinates": [[[77.34891703273355, 28.59912437950005], [77.34975349749867, 28.597479373169843], [77.35188581425963, 28.59729674039281], [77.35318176248103, 28.59875909305344], [77.35234537298705, 28.60040413852988], [77.35021295999704, 28.600586792200332], [77.34891703273355, 28.59912437950005]]]}, "properties": {"h3_id": "893da106187ffff", "eligible_devices": 7, "qualifying_events": 3, "events_1_to_3_hours": 2, "events_over_3_hours": 1, "worst_affected_devices": 6, "worst_affected_share": 0.8571, "longest_event_minutes": 770.0, "latest_event_start_ist": "2026-07-28 13:45:00", "latest_event_end_ist": "2026-07-28 15:45:00", "severity": "over_3_hours"}}, {"type": "Feature", "geometry": {"type": "Polygon", "coordinates": [[[77.34845763959451, 28.59601700106407], [77.34929407749024, 28.594372056220365], [77.35142629803057, 28.594189444334692], [77.35272217689233, 28.595651756402244], [77.35188581425963, 28.59729674039281], [77.34975349749867, 28.597479373169843], [77.34845763959451, 28.59601700106407]]]}, "properties": {"h3_id": "893da10618fffff", "eligible_devices": 20, "qualifying_events": 1, "events_1_to_3_hours": 1, "events_over_3_hours": 0, "worst_affected_devices": 15, "worst_affected_share": 0.75, "longest_event_minutes": 95.0, "latest_event_start_ist": "2026-07-21 03:55:00", "latest_event_end_ist": "2026-07-21 05:30:00", "severity": "1_to_3_hours"}}, {"type": "Feature", "geometry": {"type": "Polygon", "coordinates": [[[77.34160160642232, 28.593457288354934], [77.34243819481105, 28.59181242182462], [77.34457038521889, 28.591629927094775], [77.34586608345657, 28.593092278022283], [77.34502957030885, 28.59473718371258], [77.34289728367894, 28.59491969931626], [77.34160160642232, 28.593457288354934]]]}, "properties": {"h3_id": "893da1061d7ffff", "eligible_devices": 9, "qualifying_events": 1, "events_1_to_3_hours": 1, "events_over_3_hours": 0, "worst_affected_devices": 9, "worst_affected_share": 1.0, "longest_event_minutes": 160.0, "latest_event_start_ist": "2026-07-28 12:45:00", "latest_event_end_ist": "2026-07-28 15:25:00", "severity": "1_to_3_hours"}}, {"type": "Feature", "geometry": {"type": "Polygon", "coordinates": [[[77.35255664093685, 28.579934038694677], [77.35339276720357, 28.578289384599174], [77.35552444067636, 28.578106780947845], [77.35682008404773, 28.579568810496312], [77.35598403301731, 28.581213503729277], [77.35385226337574, 28.58139612827718], [77.35255664093685, 28.579934038694677]]]}, "properties": {"h3_id": "893da1063b7ffff", "eligible_devices": 10, "qualifying_events": 21, "events_1_to_3_hours": 8, "events_over_3_hours": 13, "worst_affected_devices": 9, "worst_affected_share": 0.9, "longest_event_minutes": 845.0, "latest_event_start_ist": "2026-07-28 18:45:00", "latest_event_end_ist": "2026-07-28 20:05:00", "severity": "over_3_hours"}}, {"type": "Feature", "geometry": {"type": "Polygon", "coordinates": [[[77.33747195821351, 28.565495834103448], [77.3383083046893, 28.563851521227903], [77.34043962947642, 28.563669214270522], [77.34173470393073, 28.56513119933413], [77.34089843262286, 28.566775551375187], [77.33876701168926, 28.566957879187992], [77.33747195821351, 28.565495834103448]]]}, "properties": {"h3_id": "893da1063cbffff", "eligible_devices": 49, "qualifying_events": 1, "events_1_to_3_hours": 0, "events_over_3_hours": 1, "worst_affected_devices": 38, "worst_affected_share": 0.7755, "longest_event_minutes": 310.0, "latest_event_start_ist": "2026-07-18 02:10:00", "latest_event_end_ist": "2026-07-18 07:20:00", "severity": "over_3_hours"}}, {"type": "Feature", "geometry": {"type": "Polygon", "coordinates": [[[77.34089843262286, 28.566775551375187], [77.34173470393073, 28.56513119933413], [77.34386604379826, 28.564948833880134], [77.34516120850019, 28.566410799603908], [77.34432501237127, 28.568055190803932], [77.34219357635797, 28.56823757712209], [77.34089843262286, 28.566775551375187]]]}, "properties": {"h3_id": "893da1063cfffff", "eligible_devices": 5, "qualifying_events": 25, "events_1_to_3_hours": 6, "events_over_3_hours": 19, "worst_affected_devices": 5, "worst_affected_share": 1.0, "longest_event_minutes": 1020.0, "latest_event_start_ist": "2026-07-31 14:10:00", "latest_event_end_ist": "2026-07-31 22:10:00", "severity": "over_3_hours"}}, {"type": "Feature", "geometry": {"type": "Polygon", "coordinates": [[[77.29681928962209, 28.59728214371281], [77.29765711925036, 28.595637395759997], [77.29978977081352, 28.595455575256835], [77.30108468903582, 28.59691848194186], [77.30024693455107, 28.5985632691421], [77.29811418669702, 28.598745110410764], [77.29681928962209, 28.59728214371281]]]}, "properties": {"h3_id": "893da1064d7ffff", "eligible_devices": 8, "qualifying_events": 1, "events_1_to_3_hours": 1, "events_over_3_hours": 0, "worst_affected_devices": 6, "worst_affected_share": 0.75, "longest_event_minutes": 85.0, "latest_event_start_ist": "2026-07-19 03:15:00", "latest_event_end_ist": "2026-07-19 04:40:00", "severity": "1_to_3_hours"}}, {"type": "Feature", "geometry": {"type": "Polygon", "coordinates": [[[77.32926613169997, 28.59765901313173], [77.33010310170084, 28.596014118854], [77.33223552035967, 28.59583179585302], [77.33353106526431, 28.597294346285686], [77.33269417048473, 28.598939279747782], [77.33056165557574, 28.5991216235937], [77.32926613169997, 28.59765901313173]]]}, "properties": {"h3_id": "893da106547ffff", "eligible_devices": 12, "qualifying_events": 5, "events_1_to_3_hours": 4, "events_over_3_hours": 1, "worst_affected_devices": 11, "worst_affected_share": 0.9167, "longest_event_minutes": 580.0, "latest_event_start_ist": "2026-07-31 03:25:00", "latest_event_end_ist": "2026-07-31 04:35:00", "severity": "over_3_hours"}}, {"type": "Feature", "geometry": {"type": "Polygon", "coordinates": [[[77.32537987945973, 28.59327122424138], [77.32621689774207, 28.591626430633568], [77.3283492050099, 28.591444187043308], [77.32964459023442, 28.592906716227574], [77.32880764715426, 28.594551549026907], [77.32667524364392, 28.594733813451313], [77.32537987945973, 28.59327122424138]]]}, "properties": {"h3_id": "893da10654bffff", "eligible_devices": 6, "qualifying_events": 3, "events_1_to_3_hours": 1, "events_over_3_hours": 2, "worst_affected_devices": 6, "worst_affected_share": 1.0, "longest_event_minutes": 575.0, "latest_event_start_ist": "2026-07-26 15:30:00", "latest_event_end_ist": "2026-07-26 16:40:00", "severity": "over_3_hours"}}, {"type": "Feature", "geometry": {"type": "Polygon", "coordinates": [[[77.33909158322442, 28.59839205556056], [77.33992830063197, 28.59674710522598], [77.34206066840456, 28.596564627334303], [77.34335641500573, 28.59802707890891], [77.34251977284441, 28.599672068408786], [77.34038730883219, 28.599854567169643], [77.33909158322442, 28.59839205556056]]]}, "properties": {"h3_id": "893da106567ffff", "eligible_devices": 5, "qualifying_events": 2, "events_1_to_3_hours": 0, "events_over_3_hours": 2, "worst_affected_devices": 5, "worst_affected_share": 1.0, "longest_event_minutes": 240.0, "latest_event_start_ist": "2026-07-31 09:10:00", "latest_event_end_ist": "2026-07-31 12:30:00", "severity": "over_3_hours"}}, {"type": "Feature", "geometry": {"type": "Polygon", "coordinates": [[[77.31738674462274, 28.60496772744785], [77.31822412322438, 28.603322744108695], [77.32035686625983, 28.603140572131988], [77.32165232697679, 28.60460336267722], [77.32081502358484, 28.606248385224497], [77.31868218426273, 28.606430578019275], [77.31738674462274, 28.60496772744785]]]}, "properties": {"h3_id": "893da1065d3ffff", "eligible_devices": 15, "qualifying_events": 1, "events_1_to_3_hours": 1, "events_over_3_hours": 0, "worst_affected_devices": 12, "worst_affected_share": 0.8, "longest_event_minutes": 65.0, "latest_event_start_ist": "2026-07-26 15:35:00", "latest_event_end_ist": "2026-07-26 16:40:00", "severity": "1_to_3_hours"}}, {"type": "Feature", "geometry": {"type": "Polygon", "coordinates": [[[77.31075467765024, 28.58193472259824], [77.31159194271234, 28.58029020880268], [77.31372399676461, 28.58010824102548], [77.31501888197974, 28.581570766249698], [77.3141816920595, 28.583215319264216], [77.31204954177876, 28.583397307836428], [77.31075467765024, 28.58193472259824]]]}, "properties": {"h3_id": "893da1066a7ffff", "eligible_devices": 26, "qualifying_events": 1, "events_1_to_3_hours": 1, "events_over_3_hours": 0, "worst_affected_devices": 19, "worst_affected_share": 0.7308, "longest_event_minutes": 85.0, "latest_event_start_ist": "2026-07-26 17:55:00", "latest_event_end_ist": "2026-07-26 19:20:00", "severity": "1_to_3_hours"}}, {"type": "Feature", "geometry": {"type": "Polygon", "coordinates": [[[77.39619782934285, 28.590347183900278], [77.39703292320428, 28.58870214457255], [77.39916459840704, 28.588518821487387], [77.40046127588721, 28.589980516724534], [77.39962625738876, 28.591625595105608], [77.39749448604367, 28.591808939197055], [77.39619782934285, 28.590347183900278]]]}, "properties": {"h3_id": "893da106817ffff", "eligible_devices": 9, "qualifying_events": 1, "events_1_to_3_hours": 1, "events_over_3_hours": 0, "worst_affected_devices": 8, "worst_affected_share": 0.8889, "longest_event_minutes": 85.0, "latest_event_start_ist": "2026-07-19 19:20:00", "latest_event_end_ist": "2026-07-19 20:45:00", "severity": "1_to_3_hours"}}, {"type": "Feature", "geometry": {"type": "Polygon", "coordinates": [[[77.40074609464362, 28.57737098314533], [77.40158090418231, 28.575726173421025], [77.40371212842932, 28.575542838237997], [77.405008639233, 28.57700429176665], [77.40417390503858, 28.578649140534296], [77.40204258469271, 28.578832496730804], [77.40074609464362, 28.57737098314533]]]}, "properties": {"h3_id": "893da10686bffff", "eligible_devices": 6, "qualifying_events": 1, "events_1_to_3_hours": 1, "events_over_3_hours": 0, "worst_affected_devices": 5, "worst_affected_share": 0.8333, "longest_event_minutes": 65.0, "latest_event_start_ist": "2026-07-16 07:55:00", "latest_event_end_ist": "2026-07-16 09:00:00", "severity": "1_to_3_hours"}}, {"type": "Feature", "geometry": {"type": "Polygon", "coordinates": [[[77.40417390503858, 28.578649140534296], [77.405008639233, 28.57700429176665], [77.407139878272, 28.576820898026956], [77.40843647921118, 28.578282332033545], [77.40760182037197, 28.579927219837977], [77.40547048523489, 28.580110634599897], [77.40417390503858, 28.578649140534296]]]}, "properties": {"h3_id": "893da10686fffff", "eligible_devices": 10, "qualifying_events": 1, "events_1_to_3_hours": 1, "events_over_3_hours": 0, "worst_affected_devices": 10, "worst_affected_share": 1.0, "longest_event_minutes": 65.0, "latest_event_start_ist": "2026-07-16 07:55:00", "latest_event_end_ist": "2026-07-16 09:00:00", "severity": "1_to_3_hours"}}, {"type": "Feature", "geometry": {"type": "Polygon", "coordinates": [[[77.40351665768229, 28.596010823316828], [77.40435162752775, 28.59436564436595], [77.40648342849374, 28.594182183071112], [77.40778035575997, 28.595643879702187], [77.40694546130757, 28.597289097692627], [77.4048135641924, 28.597472580013317], [77.40351665768229, 28.596010823316828]]]}, "properties": {"h3_id": "893da1068a7ffff", "eligible_devices": 18, "qualifying_events": 1, "events_1_to_3_hours": 1, "events_over_3_hours": 0, "worst_affected_devices": 14, "worst_affected_share": 0.7778, "longest_event_minutes": 105.0, "latest_event_start_ist": "2026-07-09 17:50:00", "latest_event_end_ist": "2026-07-09 19:35:00", "severity": "1_to_3_hours"}}, {"type": "Feature", "geometry": {"type": "Polygon", "coordinates": [[[77.39712094422192, 28.596560998233667], [77.39795609155907, 28.594915835863254], [77.40008795905486, 28.59473247076346], [77.40138477536911, 28.596194247024577], [77.40054970341122, 28.597839448447083], [77.39841773975631, 28.59802283455727], [77.39712094422192, 28.596560998233667]]]}, "properties": {"h3_id": "893da1068b3ffff", "eligible_devices": 6, "qualifying_events": 1, "events_1_to_3_hours": 1, "events_over_3_hours": 0, "worst_affected_devices": 6, "worst_affected_share": 1.0, "longest_event_minutes": 95.0, "latest_event_start_ist": "2026-07-09 11:25:00", "latest_event_end_ist": "2026-07-09 13:00:00", "severity": "1_to_3_hours"}}, {"type": "Feature", "geometry": {"type": "Polygon", "coordinates": [[[77.38888012600655, 28.584683412120626], [77.3897153438087, 28.583038512450752], [77.39184689319217, 28.582855327518207], [77.39314332090545, 28.584317021269687], [77.39230817843617, 28.58596196000667], [77.39017653291725, 28.586145165925938], [77.38888012600655, 28.584683412120626]]]}, "properties": {"h3_id": "893da1068cfffff", "eligible_devices": 20, "qualifying_events": 1, "events_1_to_3_hours": 1, "events_over_3_hours": 0, "worst_affected_devices": 14, "worst_affected_share": 0.7, "longest_event_minutes": 90.0, "latest_event_start_ist": "2026-07-21 03:05:00", "latest_event_end_ist": "2026-07-21 04:35:00", "severity": "1_to_3_hours"}}, {"type": "Feature", "geometry": {"type": "Polygon", "coordinates": [[[77.38294604157613, 28.58833953591272], [77.38378146354927, 28.586694591337288], [77.38591317546826, 28.586511481592687], [77.38720956156435, 28.58797329545107], [77.38637421491836, 28.5896182791055], [77.38424240684564, 28.589801409823433], [77.38294604157613, 28.58833953591272]]]}, "properties": {"h3_id": "893da1068d3ffff", "eligible_devices": 7, "qualifying_events": 4, "events_1_to_3_hours": 4, "events_over_3_hours": 0, "worst_affected_devices": 6, "worst_affected_share": 0.8571, "longest_event_minutes": 120.0, "latest_event_start_ist": "2026-07-29 12:15:00", "latest_event_end_ist": "2026-07-29 14:05:00", "severity": "1_to_3_hours"}}, {"type": "Feature", "geometry": {"type": "Polygon", "coordinates": [[[77.40028448351846, 28.574264700381875], [77.40111926634377, 28.572619952215955], [77.4032503945003, 28.572436638044337], [77.4045468359185, 28.5738980510281], [77.40371212842932, 28.575542838237997], [77.40158090418231, 28.575726173421025], [77.40028448351846, 28.574264700381875]]]}, "properties": {"h3_id": "893da106aa7ffff", "eligible_devices": 5, "qualifying_events": 1, "events_1_to_3_hours": 0, "events_over_3_hours": 1, "worst_affected_devices": 4, "worst_affected_share": 0.8, "longest_event_minutes": 445.0, "latest_event_start_ist": "2026-07-11 12:40:00", "latest_event_end_ist": "2026-07-11 20:05:00", "severity": "over_3_hours"}}, {"type": "Feature", "geometry": {"type": "Polygon", "coordinates": [[[77.40371212842932, 28.575542838237997], [77.4045468359185, 28.5738980510281], [77.40667797886776, 28.57371467830857], [77.40797451041409, 28.575176071779648], [77.407139878272, 28.576820898026956], [77.405008639233, 28.57700429176665], [77.40371212842932, 28.575542838237997]]]}, "properties": {"h3_id": "893da106bd3ffff", "eligible_devices": 6, "qualifying_events": 2, "events_1_to_3_hours": 0, "events_over_3_hours": 2, "worst_affected_devices": 6, "worst_affected_share": 1.0, "longest_event_minutes": 1905.0, "latest_event_start_ist": "2026-07-09 01:15:00", "latest_event_end_ist": "2026-07-10 09:00:00", "severity": "over_3_hours"}}, {"type": "Feature", "geometry": {"type": "Polygon", "coordinates": [[[77.37199656430964, 28.601866123014666], [77.37283244832183, 28.60022096576884], [77.37496467763529, 28.60003796463048], [77.37626111914017, 28.60150009978818], [77.3754253104599, 28.603145296135533], [77.37329298493937, 28.603328318224523], [77.37199656430964, 28.601866123014666]]]}, "properties": {"h3_id": "893da106c13ffff", "eligible_devices": 6, "qualifying_events": 1, "events_1_to_3_hours": 0, "events_over_3_hours": 1, "worst_affected_devices": 5, "worst_affected_share": 0.8333, "longest_event_minutes": 230.0, "latest_event_start_ist": "2026-07-17 01:15:00", "latest_event_end_ist": "2026-07-17 05:05:00", "severity": "over_3_hours"}}, {"type": "Feature", "geometry": {"type": "Polygon", "coordinates": [[[77.3754253104599, 28.603145296135533], [77.37626111914017, 28.60150009978818], [77.3783933633901, 28.601317040038072], [77.37968989516266, 28.602779155676785], [77.37885416182536, 28.60442439111908], [77.37672182136906, 28.604607471828587], [77.3754253104599, 28.603145296135533]]]}, "properties": {"h3_id": "893da106c17ffff", "eligible_devices": 9, "qualifying_events": 1, "events_1_to_3_hours": 1, "events_over_3_hours": 0, "worst_affected_devices": 9, "worst_affected_share": 1.0, "longest_event_minutes": 140.0, "latest_event_start_ist": "2026-07-03 03:15:00", "latest_event_end_ist": "2026-07-03 05:35:00", "severity": "1_to_3_hours"}}, {"type": "Feature", "geometry": {"type": "Polygon", "coordinates": [[[77.38386791724534, 28.594553397988832], [77.3847033927618, 28.592908330377465], [77.38683529699664, 28.59272517868416], [77.38813182188201, 28.59418707362567], [77.38729642170895, 28.59583218031479], [77.3851644213036, 28.59601535298553], [77.38386791724534, 28.594553397988832]]]}, "properties": {"h3_id": "893da106c67ffff", "eligible_devices": 5, "qualifying_events": 2, "events_1_to_3_hours": 2, "events_over_3_hours": 0, "worst_affected_devices": 4, "worst_affected_share": 0.8, "longest_event_minutes": 165.0, "latest_event_start_ist": "2026-07-28 13:05:00", "latest_event_end_ist": "2026-07-28 14:35:00", "severity": "1_to_3_hours"}}, {"type": "Feature", "geometry": {"type": "Polygon", "coordinates": [[[77.37291762651381, 28.608081052921015], [77.3737535641497, 28.606435772705023], [77.37588598588573, 28.606252729663346], [77.3771825662063, 28.607714945883792], [77.3763467039186, 28.60936026520005], [77.37421418595868, 28.60954332919647], [77.37291762651381, 28.608081052921015]]]}, "properties": {"h3_id": "893da106c87ffff", "eligible_devices": 14, "qualifying_events": 3, "events_1_to_3_hours": 2, "events_over_3_hours": 1, "worst_affected_devices": 14, "worst_affected_share": 1.0, "longest_event_minutes": 1450.0, "latest_event_start_ist": "2026-07-27 10:20:00", "latest_event_end_ist": "2026-07-27 12:10:00", "severity": "over_3_hours"}}, {"type": "Feature", "geometry": {"type": "Polygon", "coordinates": [[[77.37588598588573, 28.606252729663346], [77.37672182136906, 28.604607471828587], [77.37885416182536, 28.60442439111908], [77.3801507630096, 28.605886547283767], [77.37931500287735, 28.607531844212843], [77.3771825662063, 28.607714945883792], [77.37588598588573, 28.606252729663346]]]}, "properties": {"h3_id": "893da106cbbffff", "eligible_devices": 10, "qualifying_events": 1, "events_1_to_3_hours": 1, "events_over_3_hours": 0, "worst_affected_devices": 7, "worst_affected_share": 0.7, "longest_event_minutes": 130.0, "latest_event_start_ist": "2026-07-03 03:25:00", "latest_event_end_ist": "2026-07-03 05:35:00", "severity": "1_to_3_hours"}}, {"type": "Feature", "geometry": {"type": "Polygon", "coordinates": [[[77.3955383696021, 28.60771124470834], [77.3963736993067, 28.60606587537942], [77.39850593665956, 28.605882484863653], [77.39980294049776, 28.607344442667788], [77.39896768619397, 28.60898985105284], [77.39683535264766, 28.60917326257851], [77.3955383696021, 28.60771124470834]]]}, "properties": {"h3_id": "893da106d1bffff", "eligible_devices": 7, "qualifying_events": 13, "events_1_to_3_hours": 2, "events_over_3_hours": 11, "worst_affected_devices": 7, "worst_affected_share": 1.0, "longest_event_minutes": 760.0, "latest_event_start_ist": "2026-07-26 13:00:00", "latest_event_end_ist": "2026-07-26 14:20:00", "severity": "over_3_hours"}}, {"type": "Feature", "geometry": {"type": "Polygon", "coordinates": [[[77.39804422982331, 28.602775220654813], [77.39887943064127, 28.601129935265277], [77.40101149046366, 28.60094652814263], [77.40230844564051, 28.60240838539587], [77.40147332021809, 28.604053709836226], [77.39934116421979, 28.604237137973403], [77.39804422982331, 28.602775220654813]]]}, "properties": {"h3_id": "893da106d47ffff", "eligible_devices": 15, "qualifying_events": 2, "events_1_to_3_hours": 2, "events_over_3_hours": 0, "worst_affected_devices": 12, "worst_affected_share": 0.8, "longest_event_minutes": 175.0, "latest_event_start_ist": "2026-07-09 11:05:00", "latest_event_end_ist": "2026-07-09 14:00:00", "severity": "1_to_3_hours"}}, {"type": "Feature", "geometry": {"type": "Polygon", "coordinates": [[[77.39415374594572, 28.598389510557045], [77.394988995399, 28.596744325732146], [77.39712094422192, 28.596560998233667], [77.39841773975631, 28.59802283455727], [77.3975825656794, 28.59966805844021], [77.39545052068823, 28.599851406942385], [77.39415374594572, 28.598389510557045]]]}, "properties": {"h3_id": "893da106d4bffff", "eligible_devices": 6, "qualifying_events": 2, "events_1_to_3_hours": 2, "events_over_3_hours": 0, "worst_affected_devices": 5, "worst_affected_share": 0.8333, "longest_event_minutes": 145.0, "latest_event_start_ist": "2026-07-20 17:10:00", "latest_event_end_ist": "2026-07-20 19:10:00", "severity": "1_to_3_hours"}}, {"type": "Feature", "geometry": {"type": "Polygon", "coordinates": [[[77.3975825656794, 28.59966805844021], [77.39841773975631, 28.59802283455727], [77.40054970341122, 28.597839448447083], [77.4018465891532, 28.599301265208243], [77.40101149046366, 28.60094652814263], [77.39887943064127, 28.601129935265277], [77.3975825656794, 28.59966805844021]]]}, "properties": {"h3_id": "893da106d4fffff", "eligible_devices": 5, "qualifying_events": 3, "events_1_to_3_hours": 1, "events_over_3_hours": 2, "worst_affected_devices": 4, "worst_affected_share": 0.8, "longest_event_minutes": 415.0, "latest_event_start_ist": "2026-07-26 13:00:00", "latest_event_end_ist": "2026-07-26 14:20:00", "severity": "over_3_hours"}}, {"type": "Feature", "geometry": {"type": "Polygon", "coordinates": [[[77.3950767857026, 28.60460389799624], [77.3959120886555, 28.602958590162768], [77.39804422982331, 28.602775220654813], [77.39934116421979, 28.604237137973403], [77.39850593665956, 28.605882484863653], [77.3963736993067, 28.60606587537942], [77.3950767857026, 28.60460389799624]]]}, "properties": {"h3_id": "893da106d57ffff", "eligible_devices": 5, "qualifying_events": 3, "events_1_to_3_hours": 1, "events_over_3_hours": 2, "worst_affected_devices": 5, "worst_affected_share": 1.0, "longest_event_minutes": 290.0, "latest_event_start_ist": "2026-07-26 12:55:00", "latest_event_end_ist": "2026-07-26 14:20:00", "severity": "over_3_hours"}}, {"type": "Feature", "geometry": {"type": "Polygon", "coordinates": [[[77.40101149046366, 28.60094652814263], [77.4018465891532, 28.599301265208243], [77.40397856762472, 28.59911782048134], [77.40527554356993, 28.600579617668487], [77.40444052027875, 28.602224919647746], [77.40230844564051, 28.60240838539587], [77.40101149046366, 28.60094652814263]]]}, "properties": {"h3_id": "893da106d7bffff", "eligible_devices": 13, "qualifying_events": 1, "events_1_to_3_hours": 0, "events_over_3_hours": 1, "worst_affected_devices": 12, "worst_affected_share": 0.9231, "longest_event_minutes": 395.0, "latest_event_start_ist": "2026-07-09 08:25:00", "latest_event_end_ist": "2026-07-09 15:00:00", "severity": "over_3_hours"}}, {"type": "Feature", "geometry": {"type": "Polygon", "coordinates": [[[77.39989131338075, 28.615204889316836], [77.40072662117548, 28.613559357959883], [77.40285906575178, 28.613375866766777], [77.40415629873938, 28.614837885908717], [77.40332106637273, 28.616483456313965], [77.40118852558693, 28.616666968529845], [77.39989131338075, 28.615204889316836]]]}, "properties": {"h3_id": "893da106dbbffff", "eligible_devices": 8, "qualifying_events": 1, "events_1_to_3_hours": 0, "events_over_3_hours": 1, "worst_affected_devices": 6, "worst_affected_share": 0.75, "longest_event_minutes": 480.0, "latest_event_start_ist": "2026-07-08 01:30:00", "latest_event_end_ist": "2026-07-08 09:30:00", "severity": "over_3_hours"}}, {"type": "Feature", "geometry": {"type": "Polygon", "coordinates": [[[77.36693376580882, 28.567691306843315], [77.36776935498192, 28.566046826354956], [77.36990052657154, 28.565864055537887], [77.37119620509932, 28.56732574428201], [77.37036069116877, 28.56897026387874], [77.36822942346441, 28.569153055623843], [77.36693376580882, 28.567691306843315]]]}, "properties": {"h3_id": "893da106e4bffff", "eligible_devices": 5, "qualifying_events": 8, "events_1_to_3_hours": 5, "events_over_3_hours": 3, "worst_affected_devices": 5, "worst_affected_share": 1.0, "longest_event_minutes": 305.0, "latest_event_start_ist": "2026-07-28 14:20:00", "latest_event_end_ist": "2026-07-28 19:25:00", "severity": "over_3_hours"}}, {"type": "Feature", "geometry": {"type": "Polygon", "coordinates": [[[77.37036069116877, 28.56897026387874], [77.37119620509932, 28.56732574428201], [77.37332739163361, 28.567142914949482], [77.37462316034785, 28.568604584277786], [77.37378772167082, 28.570249142976344], [77.37165643902254, 28.570431993245645], [77.37036069116877, 28.56897026387874]]]}, "properties": {"h3_id": "893da106e4fffff", "eligible_devices": 8, "qualifying_events": 1, "events_1_to_3_hours": 1, "events_over_3_hours": 0, "worst_affected_devices": 6, "worst_affected_share": 0.75, "longest_event_minutes": 100.0, "latest_event_start_ist": "2026-07-25 15:50:00", "latest_event_end_ist": "2026-07-25 17:30:00", "severity": "1_to_3_hours"}}, {"type": "Feature", "geometry": {"type": "Polygon", "coordinates": [[[77.31279803918324, 28.529863800138855], [77.31363459418961, 28.52822027655795], [77.3157649631934, 28.52803850760891], [77.31705887326255, 28.529500241457136], [77.31622239328526, 28.531143804248277], [77.31409192820625, 28.53132559398182], [77.31279803918324, 28.529863800138855]]]}, "properties": {"h3_id": "893da10715bffff", "eligible_devices": 16, "qualifying_events": 1, "events_1_to_3_hours": 1, "events_over_3_hours": 0, "worst_affected_devices": 12, "worst_affected_share": 0.75, "longest_event_minutes": 115.0, "latest_event_start_ist": "2026-07-28 12:50:00", "latest_event_end_ist": "2026-07-28 14:45:00", "severity": "1_to_3_hours"}}, {"type": "Feature", "geometry": {"type": "Polygon", "coordinates": [[[77.30024218556177, 28.510498265296928], [77.30107883093221, 28.508855167469147], [77.30320867404747, 28.508673677413938], [77.30450196782421, 28.5101352644393], [77.30366539740939, 28.511778401499903], [77.30153545825875, 28.51195991230318], [77.30024218556177, 28.510498265296928]]]}, "properties": {"h3_id": "893da107233ffff", "eligible_devices": 46, "qualifying_events": 1, "events_1_to_3_hours": 1, "events_over_3_hours": 0, "worst_affected_devices": 42, "worst_affected_share": 0.913, "longest_event_minutes": 75.0, "latest_event_start_ist": "2026-07-28 12:15:00", "latest_event_end_ist": "2026-07-28 13:30:00", "severity": "1_to_3_hours"}}, {"type": "Feature", "geometry": {"type": "Polygon", "coordinates": [[[77.2988726374178, 28.501184461060372], [77.29970920200958, 28.49954154815278], [77.301838757069, 28.49936012032953], [77.30313184354343, 28.500821584672803], [77.30229535388307, 28.50246453681502], [77.3001657028134, 28.502645985380195], [77.2988726374178, 28.501184461060372]]]}, "properties": {"h3_id": "893da107263ffff", "eligible_devices": 7, "qualifying_events": 2, "events_1_to_3_hours": 1, "events_over_3_hours": 1, "worst_affected_devices": 6, "worst_affected_share": 0.8571, "longest_event_minutes": 215.0, "latest_event_start_ist": "2026-07-04 12:25:00", "latest_event_end_ist": "2026-07-04 15:15:00", "severity": "over_3_hours"}}, {"type": "Feature", "geometry": {"type": "Polygon", "coordinates": [[[77.28358348304455, 28.50720112880079], [77.28442052999766, 28.505558165603638], [77.2865503927825, 28.505376946413346], [77.28784330465795, 28.506838669714643], [77.28700633261366, 28.508481672176625], [77.28487637378159, 28.50866291207333], [77.28358348304455, 28.50720112880079]]]}, "properties": {"h3_id": "893da1072c3ffff", "eligible_devices": 7, "qualifying_events": 1, "events_1_to_3_hours": 1, "events_over_3_hours": 0, "worst_affected_devices": 7, "worst_affected_share": 1.0, "longest_event_minutes": 80.0, "latest_event_start_ist": "2026-07-05 13:10:00", "latest_event_end_ist": "2026-07-05 14:30:00", "severity": "1_to_3_hours"}}, {"type": "Feature", "geometry": {"type": "Polygon", "coordinates": [[[77.31256413561206, 28.506304299695962], [77.31340040041232, 28.504661229889056], [77.31553001630053, 28.504479568824735], [77.3168234633925, 28.505940956791278], [77.3159872735676, 28.5075840658067], [77.31385756167192, 28.507765747647927], [77.31256413561206, 28.506304299695962]]]}, "properties": {"h3_id": "893da10734bffff", "eligible_devices": 9, "qualifying_events": 2, "events_1_to_3_hours": 1, "events_over_3_hours": 1, "worst_affected_devices": 7, "worst_affected_share": 0.7778, "longest_event_minutes": 205.0, "latest_event_start_ist": "2026-07-10 07:25:00", "latest_event_end_ist": "2026-07-10 08:40:00", "severity": "over_3_hours"}}, {"type": "Feature", "geometry": {"type": "Polygon", "coordinates": [[[77.30959807223472, 28.508129015446638], [77.31043443889999, 28.506485923210644], [77.31256413561206, 28.506304299695962], [77.31385756167192, 28.507765747647927], [77.31302126997907, 28.509408879098363], [77.31089147725048, 28.509590523383256], [77.30959807223472, 28.508129015446638]]]}, "properties": {"h3_id": "893da10735bffff", "eligible_devices": 7, "qualifying_events": 3, "events_1_to_3_hours": 2, "events_over_3_hours": 1, "worst_affected_devices": 7, "worst_affected_share": 1.0, "longest_event_minutes": 215.0, "latest_event_start_ist": "2026-07-10 07:10:00", "latest_event_end_ist": "2026-07-10 08:45:00", "severity": "over_3_hours"}}, {"type": "Feature", "geometry": {"type": "Polygon", "coordinates": [[[77.28951238808065, 28.54757162807566], [77.29034978575237, 28.545927864204447], [77.29248089780543, 28.54574637567201], [77.2937747083396, 28.547208630278753], [77.29293738568175, 28.54885243340705], [77.29080617747236, 28.54903394267238], [77.28951238808065, 28.54757162807566]]]}, "properties": {"h3_id": "893da1075cbffff", "eligible_devices": 14, "qualifying_events": 1, "events_1_to_3_hours": 0, "events_over_3_hours": 1, "worst_affected_devices": 10, "worst_affected_share": 0.7143, "longest_event_minutes": 215.0, "latest_event_start_ist": "2026-07-20 05:35:00", "latest_event_end_ist": "2026-07-20 09:10:00", "severity": "over_3_hours"}}, {"type": "Feature", "geometry": {"type": "Polygon", "coordinates": [[[77.31593623056915, 28.331721769416724], [77.31677021335565, 28.33008205590781], [77.31889422044209, 28.329901117340803], [77.3201843402389, 28.33135987155096], [77.319350432043, 28.332999624245133], [77.31722632945622, 28.33318058354477], [77.31593623056915, 28.331721769416724]]]}, "properties": {"h3_id": "893da10d007ffff", "eligible_devices": 5, "qualifying_events": 4, "events_1_to_3_hours": 1, "events_over_3_hours": 3, "worst_affected_devices": 5, "worst_affected_share": 1.0, "longest_event_minutes": 595.0, "latest_event_start_ist": "2026-07-24 21:30:00", "latest_event_end_ist": "2026-07-25 07:25:00", "severity": "over_3_hours"}}, {"type": "Feature", "geometry": {"type": "Polygon", "coordinates": [[[77.33259887533988, 28.422901177659764], [77.33343355936567, 28.421259629719703], [77.33556035439538, 28.421078030977544], [77.336852561137, 28.422537959375543], [77.33601795194588, 28.424179546477408], [77.333891061175, 28.42436116602031], [77.33259887533988, 28.422901177659764]]]}, "properties": {"h3_id": "893da10e3afffff", "eligible_devices": 7, "qualifying_events": 1, "events_1_to_3_hours": 1, "events_over_3_hours": 0, "worst_affected_devices": 5, "worst_affected_share": 0.7143, "longest_event_minutes": 130.0, "latest_event_start_ist": "2026-07-08 06:35:00", "latest_event_end_ist": "2026-07-08 08:45:00", "severity": "1_to_3_hours"}}, {"type": "Feature", "geometry": {"type": "Polygon", "coordinates": [[[77.31208662015345, 28.415229347456066], [77.31292175295775, 28.41358803462351], [77.31504845743726, 28.41340678439064], [77.3163401248544, 28.414866826242758], [77.31550506681918, 28.41650817827617], [77.31337826659427, 28.416689449257476], [77.31208662015345, 28.415229347456066]]]}, "properties": {"h3_id": "893da10e3dbffff", "eligible_devices": 9, "qualifying_events": 2, "events_1_to_3_hours": 1, "events_over_3_hours": 1, "worst_affected_devices": 9, "worst_affected_share": 1.0, "longest_event_minutes": 720.0, "latest_event_start_ist": "2026-07-18 12:50:00", "latest_event_end_ist": "2026-07-18 15:25:00", "severity": "over_3_hours"}}, {"type": "Feature", "geometry": {"type": "Polygon", "coordinates": [[[77.34194060815598, 28.42053304396078], [77.34277501415319, 28.41889150220514], [77.34490166279947, 28.418709770788357], [77.34619400116739, 28.42016956030529], [77.34535967002152, 28.42181114120439], [77.34323292565291, 28.421992893443967], [77.34194060815598, 28.42053304396078]]]}, "properties": {"h3_id": "893da10ee53ffff", "eligible_devices": 9, "qualifying_events": 1, "events_1_to_3_hours": 1, "events_over_3_hours": 0, "worst_affected_devices": 9, "worst_affected_share": 1.0, "longest_event_minutes": 100.0, "latest_event_start_ist": "2026-07-25 17:25:00", "latest_event_end_ist": "2026-07-25 19:05:00", "severity": "1_to_3_hours"}}, {"type": "Feature", "geometry": {"type": "Polygon", "coordinates": [[[77.34535967002152, 28.42181114120439], [77.34619400116739, 28.42016956030529], [77.34832066480783, 28.41998777078851], [77.34961309302057, 28.421447541340196], [77.34877883673697, 28.423089161376243], [77.3466520773749, 28.42327097172452], [77.34535967002152, 28.42181114120439]]]}, "properties": {"h3_id": "893da10ee57ffff", "eligible_devices": 7, "qualifying_events": 4, "events_1_to_3_hours": 4, "events_over_3_hours": 0, "worst_affected_devices": 7, "worst_affected_share": 1.0, "longest_event_minutes": 110.0, "latest_event_start_ist": "2026-07-28 02:00:00", "latest_event_end_ist": "2026-07-28 03:50:00", "severity": "1_to_3_hours"}}, {"type": "Feature", "geometry": {"type": "Polygon", "coordinates": [[[77.34239849291045, 28.42363449702766], [77.34323292565291, 28.421992893443967], [77.34535967002152, 28.42181114120439], [77.3466520773749, 28.42327097172452], [77.34581771949185, 28.424912614451074], [77.34369087939255, 28.425094387515497], [77.34239849291045, 28.42363449702766]]]}, "properties": {"h3_id": "893da10eecfffff", "eligible_devices": 10, "qualifying_events": 1, "events_1_to_3_hours": 1, "events_over_3_hours": 0, "worst_affected_devices": 10, "worst_affected_share": 1.0, "longest_event_minutes": 100.0, "latest_event_start_ist": "2026-07-25 17:25:00", "latest_event_end_ist": "2026-07-25 19:05:00", "severity": "1_to_3_hours"}}, {"type": "Feature", "geometry": {"type": "Polygon", "coordinates": [[[77.07633600823611, 28.573417674189198], [77.07717939855843, 28.57177434190776], [77.07931291951915, 28.571596029846706], [77.0806031466554, 28.573061029849566], [77.07975983089669, 28.57470440180319], [77.0776262134346, 28.574882734082617], [77.07633600823611, 28.573417674189198]]]}, "properties": {"h3_id": "893da110117ffff", "eligible_devices": 11, "qualifying_events": 1, "events_1_to_3_hours": 1, "events_over_3_hours": 0, "worst_affected_devices": 8, "worst_affected_share": 0.7273, "longest_event_minutes": 85.0, "latest_event_start_ist": "2026-07-20 17:20:00", "latest_event_end_ist": "2026-07-20 18:45:00", "severity": "1_to_3_hours"}}, {"type": "Feature", "geometry": {"type": "Polygon", "coordinates": [[[77.07975983089669, 28.57470440180319], [77.0806031466554, 28.573061029849566], [77.08273668391244, 28.572882659387748], [77.08402700190805, 28.57434764065327], [77.08318376072403, 28.575991052272602], [77.08105012696618, 28.57616944296155], [77.07975983089669, 28.57470440180319]]]}, "properties": {"h3_id": "893da1101abffff", "eligible_devices": 27, "qualifying_events": 1, "events_1_to_3_hours": 1, "events_over_3_hours": 0, "worst_affected_devices": 19, "worst_affected_share": 0.7037, "longest_event_minutes": 150.0, "latest_event_start_ist": "2026-07-24 03:25:00", "latest_event_end_ist": "2026-07-24 05:55:00", "severity": "1_to_3_hours"}}, {"type": "Feature", "geometry": {"type": "Polygon", "coordinates": [[[77.07722962418993, 28.579634683817495], [77.07807306966691, 28.57799122879025], [77.08020678363887, 28.577812876290473], [77.08149714864861, 28.579277958596457], [77.08065377775132, 28.58092145329478], [77.07851996726104, 28.581099826016896], [77.07722962418993, 28.579634683817495]]]}, "properties": {"h3_id": "893da1101b3ffff", "eligible_devices": 11, "qualifying_events": 1, "events_1_to_3_hours": 0, "events_over_3_hours": 1, "worst_affected_devices": 9, "worst_affected_share": 0.8182, "longest_event_minutes": 325.0, "latest_event_start_ist": "2026-07-24 03:25:00", "latest_event_end_ist": "2026-07-24 08:50:00", "severity": "over_3_hours"}}, {"type": "Feature", "geometry": {"type": "Polygon", "coordinates": [[[77.08065377775132, 28.58092145329478], [77.08149714864861, 28.579277958596457], [77.08363087891577, 28.579099547678382], [77.08492133479984, 28.580564611228358], [77.08407803849335, 28.582208145591284], [77.08194421170843, 28.582386576740475], [77.08065377775132, 28.58092145329478]]]}, "properties": {"h3_id": "893da1101b7ffff", "eligible_devices": 15, "qualifying_events": 1, "events_1_to_3_hours": 0, "events_over_3_hours": 1, "worst_affected_devices": 14, "worst_affected_share": 0.9333, "longest_event_minutes": 325.0, "latest_event_start_ist": "2026-07-24 03:25:00", "latest_event_end_ist": "2026-07-24 08:50:00", "severity": "over_3_hours"}}, {"type": "Feature", "geometry": {"type": "Polygon", "coordinates": [[[77.07678279553565, 28.5765261277399], [77.0776262134346, 28.574882734082617], [77.07975983089669, 28.57470440180319], [77.08105012696618, 28.57616944296155], [77.08020678363887, 28.577812876290473], [77.07807306966691, 28.57799122879025], [77.07678279553565, 28.5765261277399]]]}, "properties": {"h3_id": "893da1101bbffff", "eligible_devices": 9, "qualifying_events": 1, "events_1_to_3_hours": 0, "events_over_3_hours": 1, "worst_affected_devices": 7, "worst_affected_share": 0.7778, "longest_event_minutes": 285.0, "latest_event_start_ist": "2026-07-24 03:25:00", "latest_event_end_ist": "2026-07-24 08:10:00", "severity": "over_3_hours"}}, {"type": "Feature", "geometry": {"type": "Polygon", "coordinates": [[[77.05223045027661, 28.540832763751876], [77.05307406679842, 28.53919016088505], [77.05520671792853, 28.539012360375107], [77.05649584897026, 28.540477142582958], [77.05565230688113, 28.542119785165195], [77.0535195593141, 28.542297605825006], [77.05223045027661, 28.540832763751876]]]}, "properties": {"h3_id": "893da110207ffff", "eligible_devices": 6, "qualifying_events": 1, "events_1_to_3_hours": 1, "events_over_3_hours": 0, "worst_affected_devices": 6, "worst_affected_share": 1.0, "longest_event_minutes": 75.0, "latest_event_start_ist": "2026-07-11 23:20:00", "latest_event_end_ist": "2026-07-12 00:35:00", "severity": "1_to_3_hours"}}, {"type": "Feature", "geometry": {"type": "Polygon", "coordinates": [[[77.05818280350765, 28.537191940571432], [77.05902621596185, 28.53554938114833], [77.06115870701461, 28.535371504362534], [77.06244788202864, 28.536836166837258], [77.06160454401326, 28.53847876596393], [77.05947195654156, 28.538656662913155], [77.05818280350765, 28.537191940571432]]]}, "properties": {"h3_id": "893da11022bffff", "eligible_devices": 6, "qualifying_events": 3, "events_1_to_3_hours": 1, "events_over_3_hours": 2, "worst_affected_devices": 6, "worst_affected_share": 1.0, "longest_event_minutes": 595.0, "latest_event_start_ist": "2026-07-31 00:00:00", "latest_event_end_ist": "2026-07-31 09:55:00", "severity": "over_3_hours"}}, {"type": "Feature", "geometry": {"type": "Polygon", "coordinates": [[[77.04449691362102, 28.53204387036917], [77.04534062371958, 28.530401469824966], [77.04747304916914, 28.53022382615787], [77.0487618609377, 28.531688562907455], [77.04791822523356, 28.533331003181083], [77.04578570336294, 28.533508666976548], [77.04449691362102, 28.53204387036917]]]}, "properties": {"h3_id": "893da110243ffff", "eligible_devices": 5, "qualifying_events": 2, "events_1_to_3_hours": 0, "events_over_3_hours": 2, "worst_affected_devices": 4, "worst_affected_share": 0.8, "longest_event_minutes": 260.0, "latest_event_start_ist": "2026-07-30 00:20:00", "latest_event_end_ist": "2026-07-30 04:40:00", "severity": "over_3_hours"}}, {"type": "Feature", "geometry": {"type": "Polygon", "coordinates": [[[77.03108120253751, 28.574045887731554], [77.03192580173976, 28.572402743327768], [77.03405967213088, 28.57222512773403], [77.03534903987594, 28.57369063643746], [77.03450451512992, 28.575333820600765], [77.03237054817912, 28.575511456301953], [77.03108120253751, 28.574045887731554]]]}, "properties": {"h3_id": "893da110403ffff", "eligible_devices": 8, "qualifying_events": 1, "events_1_to_3_hours": 1, "events_over_3_hours": 0, "worst_affected_devices": 6, "worst_affected_share": 0.75, "longest_event_minutes": 180.0, "latest_event_start_ist": "2026-07-08 07:30:00", "latest_event_end_ist": "2026-07-08 10:30:00", "severity": "1_to_3_hours"}}, {"type": "Feature", "geometry": {"type": "Polygon", "coordinates": [[[77.02556818695493, 28.580796294817436], [77.02641301818149, 28.57915304592219], [77.02854714522115, 28.578975486799976], [77.02983653761693, 28.580441156478017], [77.02899178084847, 28.582084445144076], [77.02685755722263, 28.582262024362127], [77.02556818695493, 28.580796294817436]]]}, "properties": {"h3_id": "893da110483ffff", "eligible_devices": 5, "qualifying_events": 1, "events_1_to_3_hours": 1, "events_over_3_hours": 0, "worst_affected_devices": 4, "worst_affected_share": 0.8, "longest_event_minutes": 180.0, "latest_event_start_ist": "2026-07-08 07:25:00", "latest_event_end_ist": "2026-07-08 10:25:00", "severity": "1_to_3_hours"}}, {"type": "Feature", "geometry": {"type": "Polygon", "coordinates": [[[77.02512371678304, 28.57768735762049], [77.02596852029312, 28.576044170062627], [77.0281025507551, 28.575866631034273], [77.02939187428117, 28.577332259470765], [77.02854714522115, 28.578975486799976], [77.02641301818149, 28.57915304592219], [77.02512371678304, 28.57768735762049]]]}, "properties": {"h3_id": "893da11048bffff", "eligible_devices": 6, "qualifying_events": 1, "events_1_to_3_hours": 0, "events_over_3_hours": 1, "worst_affected_devices": 6, "worst_affected_share": 1.0, "longest_event_minutes": 200.0, "latest_event_start_ist": "2026-07-08 07:10:00", "latest_event_end_ist": "2026-07-08 10:30:00", "severity": "over_3_hours"}}, {"type": "Feature", "geometry": {"type": "Polygon", "coordinates": [[[77.02854714522115, 28.578975486799976], [77.02939187428117, 28.577332259470765], [77.03152592127928, 28.577154662053854], [77.03281533579103, 28.578620271864374], [77.0319706811922, 28.580263538958476], [77.02983653761693, 28.580441156478017], [77.02854714522115, 28.578975486799976]]]}, "properties": {"h3_id": "893da11048fffff", "eligible_devices": 11, "qualifying_events": 1, "events_1_to_3_hours": 1, "events_over_3_hours": 0, "worst_affected_devices": 10, "worst_affected_share": 0.9091, "longest_event_minutes": 105.0, "latest_event_start_ist": "2026-07-21 16:15:00", "latest_event_end_ist": "2026-07-21 18:00:00", "severity": "1_to_3_hours"}}, {"type": "Feature", "geometry": {"type": "Polygon", "coordinates": [[[77.02258904648001, 28.58261708608453], [77.02343397987944, 28.580973815634547], [77.02556818695493, 28.580796294817436], [77.02685755722263, 28.582262024362127], [77.0260126982782, 28.58390533458885], [77.02387839460754, 28.58408287549499], [77.02258904648001, 28.58261708608453]]]}, "properties": {"h3_id": "893da110493ffff", "eligible_devices": 5, "qualifying_events": 1, "events_1_to_3_hours": 0, "events_over_3_hours": 1, "worst_affected_devices": 5, "worst_affected_share": 1.0, "longest_event_minutes": 210.0, "latest_event_start_ist": "2026-07-08 07:00:00", "latest_event_end_ist": "2026-07-08 10:30:00", "severity": "over_3_hours"}}, {"type": "Feature", "geometry": {"type": "Polygon", "coordinates": [[[77.0221447006207, 28.579508067468502], [77.02298960629423, 28.577864858350544], [77.02512371678304, 28.57768735762049], [77.02641301818149, 28.57915304592219], [77.02556818695493, 28.580796294817436], [77.02343397987944, 28.580973815634547], [77.0221447006207, 28.579508067468502]]]}, "properties": {"h3_id": "893da11049bffff", "eligible_devices": 15, "qualifying_events": 1, "events_1_to_3_hours": 0, "events_over_3_hours": 1, "worst_affected_devices": 11, "worst_affected_share": 0.7333, "longest_event_minutes": 185.0, "latest_event_start_ist": "2026-07-08 07:20:00", "latest_event_end_ist": "2026-07-08 10:25:00", "severity": "over_3_hours"}}, {"type": "Feature", "geometry": {"type": "Polygon", "coordinates": [[[77.0212561323039, 28.573290338003215], [77.02210098252984, 28.57164725156701], [77.02423489987072, 28.571469791005153], [77.02552406355186, 28.572935396797227], [77.02467928775685, 28.574578523011798], [77.02254527384625, 28.574756003656766], [77.0212561323039, 28.573290338003215]]]}, "properties": {"h3_id": "893da1104c3ffff", "eligible_devices": 18, "qualifying_events": 1, "events_1_to_3_hours": 1, "events_over_3_hours": 0, "worst_affected_devices": 15, "worst_affected_share": 0.8333, "longest_event_minutes": 110.0, "latest_event_start_ist": "2026-07-18 16:50:00", "latest_event_end_ist": "2026-07-18 18:40:00", "severity": "1_to_3_hours"}}, {"type": "Feature", "geometry": {"type": "Polygon", "coordinates": [[[77.02423489987072, 28.571469791005153], [77.02507964795208, 28.569826726139777], [77.02721348528414, 28.569649227293212], [77.02850267109201, 28.57111477322295], [77.02765799744465, 28.57275787786076], [77.02552406355186, 28.572935396797227], [77.02423489987072, 28.571469791005153]]]}, "properties": {"h3_id": "893da1104cfffff", "eligible_devices": 18, "qualifying_events": 2, "events_1_to_3_hours": 0, "events_over_3_hours": 2, "worst_affected_devices": 15, "worst_affected_share": 0.8333, "longest_event_minutes": 380.0, "latest_event_start_ist": "2026-07-08 07:05:00", "latest_event_end_ist": "2026-07-08 10:30:00", "severity": "over_3_hours"}}, {"type": "Feature", "geometry": {"type": "Polygon", "coordinates": [[[77.02170039589723, 28.5763991514368], [77.02254527384625, 28.574756003656766], [77.02467928775685, 28.574578523011798], [77.02596852029312, 28.576044170062627], [77.02512371678304, 28.57768735762049], [77.02298960629423, 28.577864858350544], [77.02170039589723, 28.5763991514368]]]}, "properties": {"h3_id": "893da1104d7ffff", "eligible_devices": 22, "qualifying_events": 1, "events_1_to_3_hours": 0, "events_over_3_hours": 1, "worst_affected_devices": 18, "worst_affected_share": 0.8182, "longest_event_minutes": 200.0, "latest_event_start_ist": "2026-07-08 07:10:00", "latest_event_end_ist": "2026-07-08 10:30:00", "severity": "over_3_hours"}}, {"type": "Feature", "geometry": {"type": "Polygon", "coordinates": [[[77.01783308441564, 28.572002076025313], [77.01867800906135, 28.57035902937394], [77.02081190983509, 28.570181627181526], [77.02210098252984, 28.57164725156701], [77.0212561323039, 28.573290338003215], [77.01912213495993, 28.57346776026995], [77.01783308441564, 28.572002076025313]]]}, "properties": {"h3_id": "893da1104dbffff", "eligible_devices": 15, "qualifying_events": 1, "events_1_to_3_hours": 0, "events_over_3_hours": 1, "worst_affected_devices": 13, "worst_affected_share": 0.8667, "longest_event_minutes": 190.0, "latest_event_start_ist": "2026-07-08 07:20:00", "latest_event_end_ist": "2026-07-08 10:30:00", "severity": "over_3_hours"}}, {"type": "Feature", "geometry": {"type": "Polygon", "coordinates": [[[77.12097053347725, 28.54609128992257], [77.1218123925076, 28.54444828445902], [77.12394470993078, 28.544269400857026], [77.12523526468621, 28.54573350239948], [77.12439348026506, 28.547376547446348], [77.12226106647577, 28.547555451368286], [77.12097053347725, 28.54609128992257]]]}, "properties": {"h3_id": "893da110a07ffff", "eligible_devices": 9, "qualifying_events": 2, "events_1_to_3_hours": 1, "events_over_3_hours": 1, "worst_affected_devices": 9, "worst_affected_share": 1.0, "longest_event_minutes": 260.0, "latest_event_start_ist": "2026-07-28 18:35:00", "latest_event_end_ist": "2026-07-28 22:55:00", "severity": "over_3_hours"}}, {"type": "Feature", "geometry": {"type": "Polygon", "coordinates": [[[77.1205219284409, 28.54298416415657], [77.12136376003738, 28.54134122015481], [77.1234959811029, 28.541162356870757], [77.1247864669261, 28.54262641727137], [77.12394470993078, 28.544269400857026], [77.1218123925076, 28.54444828445902], [77.1205219284409, 28.54298416415657]]]}, "properties": {"h3_id": "893da110a0fffff", "eligible_devices": 105, "qualifying_events": 1, "events_1_to_3_hours": 1, "events_over_3_hours": 0, "worst_affected_devices": 98, "worst_affected_share": 0.9333, "longest_event_minutes": 105.0, "latest_event_start_ist": "2026-07-28 13:20:00", "latest_event_end_ist": "2026-07-28 15:05:00", "severity": "1_to_3_hours"}}, {"type": "Feature", "geometry": {"type": "Polygon", "coordinates": [[[77.1269187040681, 28.542447495649935], [77.12776035903478, 28.54080453395343], [77.12989251588995, 28.54062557432294], [77.131183114123, 28.54208955605634], [77.13034153377161, 28.54373255732432], [77.12820928056837, 28.543911537288274], [77.1269187040681, 28.542447495649935]]]}, "properties": {"h3_id": "893da110a2bffff", "eligible_devices": 5, "qualifying_events": 2, "events_1_to_3_hours": 1, "events_over_3_hours": 1, "worst_affected_devices": 5, "worst_affected_share": 1.0, "longest_event_minutes": 375.0, "latest_event_start_ist": "2026-07-28 23:10:00", "latest_event_end_ist": "2026-07-29 05:25:00", "severity": "over_3_hours"}}, {"type": "Feature", "geometry": {"type": "Polygon", "coordinates": [[[77.12394470993078, 28.544269400857026], [77.1247864669261, 28.54262641727137], [77.1269187040681, 28.542447495649935], [77.12820928056837, 28.543911537288274], [77.1273675981853, 28.545554560451325], [77.12523526468621, 28.54573350239948], [77.12394470993078, 28.544269400857026]]]}, "properties": {"h3_id": "893da110a3bffff", "eligible_devices": 50, "qualifying_events": 1, "events_1_to_3_hours": 1, "events_over_3_hours": 0, "worst_affected_devices": 49, "worst_affected_share": 0.98, "longest_event_minutes": 105.0, "latest_event_start_ist": "2026-07-28 13:20:00", "latest_event_end_ist": "2026-07-28 15:05:00", "severity": "1_to_3_hours"}}, {"type": "Feature", "geometry": {"type": "Polygon", "coordinates": [[[77.12646985146714, 28.539340533455487], [77.12731147901876, 28.537697633231417], [77.12944353953431, 28.53751869393239], [77.13073406883436, 28.538982634526832], [77.12989251588995, 28.54062557432294], [77.12776035903478, 28.54080453395343], [77.12646985146714, 28.539340533455487]]]}, "properties": {"h3_id": "893da110a67ffff", "eligible_devices": 10, "qualifying_events": 1, "events_1_to_3_hours": 1, "events_over_3_hours": 0, "worst_affected_devices": 10, "worst_affected_share": 1.0, "longest_event_minutes": 110.0, "latest_event_start_ist": "2026-07-28 13:20:00", "latest_event_end_ist": "2026-07-28 15:10:00", "severity": "1_to_3_hours"}}, {"type": "Feature", "geometry": {"type": "Polygon", "coordinates": [[[77.12007336489546, 28.539877141003515], [77.12091516905944, 28.538234258469423], [77.12304729377576, 28.53805541550133], [77.12433771067377, 28.53951943475223], [77.1234959811029, 28.541162356870757], [77.12136376003738, 28.54134122015481], [77.12007336489546, 28.539877141003515]]]}, "properties": {"h3_id": "893da110a73ffff", "eligible_devices": 9, "qualifying_events": 1, "events_1_to_3_hours": 1, "events_over_3_hours": 0, "worst_affected_devices": 9, "worst_affected_share": 1.0, "longest_event_minutes": 105.0, "latest_event_start_ist": "2026-07-28 13:20:00", "latest_event_end_ist": "2026-07-28 15:05:00", "severity": "1_to_3_hours"}}, {"type": "Feature", "geometry": {"type": "Polygon", "coordinates": [[[77.1234959811029, 28.541162356870757], [77.12433771067377, 28.53951943475223], [77.12646985146714, 28.539340533455487], [77.12776035903478, 28.54080453395343], [77.1269187040681, 28.542447495649935], [77.1247864669261, 28.54262641727137], [77.1234959811029, 28.541162356870757]]]}, "properties": {"h3_id": "893da110a77ffff", "eligible_devices": 135, "qualifying_events": 1, "events_1_to_3_hours": 1, "events_over_3_hours": 0, "worst_affected_devices": 131, "worst_affected_share": 0.9704, "longest_event_minutes": 105.0, "latest_event_start_ist": "2026-07-28 13:20:00", "latest_event_end_ist": "2026-07-28 15:05:00", "severity": "1_to_3_hours"}}, {"type": "Feature", "geometry": {"type": "Polygon", "coordinates": [[[77.09092688144159, 28.58478129857493], [77.09177002853322, 28.583137684902265], [77.09390380759436, 28.582959098698474], [77.09519453607646, 28.58442410591076], [77.09435146360896, 28.586067759228584], [77.09221758803172, 28.58624636568981], [77.09092688144159, 28.58478129857493]]]}, "properties": {"h3_id": "893da110c9bffff", "eligible_devices": 5, "qualifying_events": 1, "events_1_to_3_hours": 0, "events_over_3_hours": 1, "worst_affected_devices": 5, "worst_affected_share": 1.0, "longest_event_minutes": 190.0, "latest_event_start_ist": "2026-07-20 13:45:00", "latest_event_end_ist": "2026-07-20 16:55:00", "severity": "over_3_hours"}}, {"type": "Feature", "geometry": {"type": "Polygon", "coordinates": [[[77.1007238207212, 28.51791685276806], [77.10156586034186, 28.516274475693773], [77.1036974228104, 28.51609602562295], [77.10498704196462, 28.517559932365078], [77.10414507684156, 28.519202349058975], [77.10201341806315, 28.519380819391966], [77.1007238207212, 28.51791685276806]]]}, "properties": {"h3_id": "893da111837ffff", "eligible_devices": 8, "qualifying_events": 1, "events_1_to_3_hours": 1, "events_over_3_hours": 0, "worst_affected_devices": 8, "worst_affected_share": 1.0, "longest_event_minutes": 105.0, "latest_event_start_ist": "2026-07-03 14:45:00", "latest_event_end_ist": "2026-07-03 16:30:00", "severity": "1_to_3_hours"}}, {"type": "Feature", "geometry": {"type": "Polygon", "coordinates": [[[77.0819849335986, 28.522627993372314], [77.08282753003665, 28.520985608174243], [77.08495938055223, 28.520807426700895], [77.08624873097327, 28.522271610208854], [77.08540620899852, 28.523914035063143], [77.08327426213594, 28.524092236754097], [77.0819849335986, 28.522627993372314]]]}, "properties": {"h3_id": "893da111893ffff", "eligible_devices": 6, "qualifying_events": 3, "events_1_to_3_hours": 2, "events_over_3_hours": 1, "worst_affected_devices": 6, "worst_affected_share": 1.0, "longest_event_minutes": 300.0, "latest_event_start_ist": "2026-07-30 15:20:00", "latest_event_end_ist": "2026-07-30 16:30:00", "severity": "over_3_hours"}}, {"type": "Feature", "geometry": {"type": "Polygon", "coordinates": [[[77.11306516173603, 28.513739525722926], [77.11390682100712, 28.51209717473709], [77.11603815913652, 28.511918552478097], [77.11732793427365, 28.51338226091457], [77.11648634952033, 28.51502465149579], [77.1143549151086, 28.515203294045993], [77.11306516173603, 28.513739525722926]]]}, "properties": {"h3_id": "893da11194fffff", "eligible_devices": 19, "qualifying_events": 1, "events_1_to_3_hours": 0, "events_over_3_hours": 1, "worst_affected_devices": 14, "worst_affected_share": 0.7368, "longest_event_minutes": 355.0, "latest_event_start_ist": "2026-07-17 03:05:00", "latest_event_end_ist": "2026-07-17 09:00:00", "severity": "over_3_hours"}}, {"type": "Feature", "geometry": {"type": "Polygon", "coordinates": [[[77.11945928849998, 28.513203580402113], [77.12030077131237, 28.511561211751975], [77.12243204534767, 28.511382493287627], [77.12372193283974, 28.512846123167563], [77.12288052455918, 28.514488531400687], [77.12074915425117, 28.514667270171742], [77.11945928849998, 28.513203580402113]]]}, "properties": {"h3_id": "893da11196bffff", "eligible_devices": 15, "qualifying_events": 1, "events_1_to_3_hours": 0, "events_over_3_hours": 1, "worst_affected_devices": 14, "worst_affected_share": 0.9333, "longest_event_minutes": 555.0, "latest_event_start_ist": "2026-07-16 23:45:00", "latest_event_end_ist": "2026-07-17 09:00:00", "severity": "over_3_hours"}}, {"type": "Feature", "geometry": {"type": "Polygon", "coordinates": [[[77.10622310641119, 28.511169043463628], [77.1070649146846, 28.509526771687966], [77.1091962205745, 28.509348265920575], [77.11048581447096, 28.51081201165599], [77.1096440806932, 28.512454323039965], [77.10751267851985, 28.512632849081058], [77.10622310641119, 28.511169043463628]]]}, "properties": {"h3_id": "893da111b97ffff", "eligible_devices": 15, "qualifying_events": 1, "events_1_to_3_hours": 1, "events_over_3_hours": 0, "worst_affected_devices": 11, "worst_affected_share": 0.7333, "longest_event_minutes": 95.0, "latest_event_start_ist": "2026-07-17 01:20:00", "latest_event_end_ist": "2026-07-17 02:55:00", "severity": "1_to_3_hours"}}, {"type": "Feature", "geometry": {"type": "Polygon", "coordinates": [[[77.11901097442274, 28.510097563202905], [77.11985242982438, 28.508455256078598], [77.12198360759537, 28.508276557918972], [77.1232734262255, 28.50974014657978], [77.12243204534767, 28.511382493287627], [77.12030077131237, 28.511561211751975], [77.11901097442274, 28.510097563202905]]]}, "properties": {"h3_id": "893da111ba7ffff", "eligible_devices": 6, "qualifying_events": 2, "events_1_to_3_hours": 0, "events_over_3_hours": 2, "worst_affected_devices": 6, "worst_affected_share": 1.0, "longest_event_minutes": 660.0, "latest_event_start_ist": "2026-07-16 23:40:00", "latest_event_end_ist": "2026-07-17 10:40:00", "severity": "over_3_hours"}}, {"type": "Feature", "geometry": {"type": "Polygon", "coordinates": [[[77.11261713648824, 28.510633447645354], [77.11345876833113, 28.508991158180606], [77.11559001018668, 28.508812556210806], [77.11687971646971, 28.510276223417417], [77.11603815913652, 28.511918552478097], [77.11390682100712, 28.51209717473709], [77.11261713648824, 28.510633447645354]]]}, "properties": {"h3_id": "893da111bb3ffff", "eligible_devices": 13, "qualifying_events": 1, "events_1_to_3_hours": 0, "events_over_3_hours": 1, "worst_affected_devices": 12, "worst_affected_share": 0.9231, "longest_event_minutes": 555.0, "latest_event_start_ist": "2026-07-16 23:45:00", "latest_event_end_ist": "2026-07-17 09:00:00", "severity": "over_3_hours"}}, {"type": "Feature", "geometry": {"type": "Polygon", "coordinates": [[[77.11603815913652, 28.511918552478097], [77.11687971646971, 28.510276223417417], [77.11901097442274, 28.510097563202905], [77.12030077131237, 28.511561211751975], [77.11945928849998, 28.513203580402113], [77.11732793427365, 28.51338226091457], [77.11603815913652, 28.511918552478097]]]}, "properties": {"h3_id": "893da111bb7ffff", "eligible_devices": 8, "qualifying_events": 1, "events_1_to_3_hours": 0, "events_over_3_hours": 1, "worst_affected_devices": 8, "worst_affected_share": 1.0, "longest_event_minutes": 555.0, "latest_event_start_ist": "2026-07-16 23:45:00", "latest_event_end_ist": "2026-07-17 09:00:00", "severity": "over_3_hours"}}, {"type": "Feature", "geometry": {"type": "Polygon", "coordinates": [[[77.07261420874377, 28.524982763566303], [77.0734570835938, 28.523340374419007], [77.07558907798797, 28.52316232732084], [77.07687829389415, 28.5246266491755], [77.07603549349024, 28.526269077997316], [77.07390340273054, 28.5264471452908], [77.07261420874377, 28.524982763566303]]]}, "properties": {"h3_id": "893da111c0fffff", "eligible_devices": 6, "qualifying_events": 2, "events_1_to_3_hours": 1, "events_over_3_hours": 1, "worst_affected_devices": 6, "worst_affected_share": 1.0, "longest_event_minutes": 300.0, "latest_event_start_ist": "2026-07-30 15:20:00", "latest_event_end_ist": "2026-07-30 16:30:00", "severity": "over_3_hours"}}, {"type": "Feature", "geometry": {"type": "Polygon", "coordinates": [[[77.07945688527302, 28.527555315556306], [77.08029961121976, 28.52591284706643], [77.08243163817838, 28.525734683431804], [77.0837210355512, 28.527198968075066], [77.08287838407274, 28.528841476226535], [77.08074626074968, 28.52901966007399], [77.07945688527302, 28.527555315556306]]]}, "properties": {"h3_id": "893da111c23ffff", "eligible_devices": 26, "qualifying_events": 2, "events_1_to_3_hours": 1, "events_over_3_hours": 1, "worst_affected_devices": 24, "worst_affected_share": 0.9231, "longest_event_minutes": 300.0, "latest_event_start_ist": "2026-07-30 15:20:00", "latest_event_end_ist": "2026-07-30 16:30:00", "severity": "over_3_hours"}}, {"type": "Feature", "geometry": {"type": "Polygon", "coordinates": [[[77.08287838407274, 28.528841476226535], [77.0837210355512, 28.527198968075066], [77.08585307876922, 28.52702074616451], [77.08714256686913, 28.52848501218467], [77.08629998987, 28.530127559991257], [77.08416785028811, 28.530305802123408], [77.08287838407274, 28.528841476226535]]]}, "properties": {"h3_id": "893da111c27ffff", "eligible_devices": 18, "qualifying_events": 2, "events_1_to_3_hours": 1, "events_over_3_hours": 1, "worst_affected_devices": 17, "worst_affected_share": 0.9444, "longest_event_minutes": 300.0, "latest_event_start_ist": "2026-07-30 15:20:00", "latest_event_end_ist": "2026-07-30 16:30:00", "severity": "over_3_hours"}}, {"type": "Feature", "geometry": {"type": "Polygon", "coordinates": [[[77.07901030457818, 28.524448543811666], [77.07985300299597, 28.522806136796103], [77.0819849335986, 28.522627993372314], [77.08327426213594, 28.524092236754097], [77.08243163817838, 28.525734683431804], [77.08029961121976, 28.52591284706643], [77.07901030457818, 28.524448543811666]]]}, "properties": {"h3_id": "893da111c2bffff", "eligible_devices": 22, "qualifying_events": 2, "events_1_to_3_hours": 1, "events_over_3_hours": 1, "worst_affected_devices": 21, "worst_affected_share": 0.9545, "longest_event_minutes": 300.0, "latest_event_start_ist": "2026-07-30 15:20:00", "latest_event_end_ist": "2026-07-30 16:30:00", "severity": "over_3_hours"}}, {"type": "Feature", "geometry": {"type": "Polygon", "coordinates": [[[77.08243163817838, 28.525734683431804], [77.08327426213594, 28.524092236754097], [77.08540620899852, 28.523914035063143], [77.08669562825547, 28.52537825983114], [77.08585307876922, 28.52702074616451], [77.0837210355512, 28.527198968075066], [77.08243163817838, 28.525734683431804]]]}, "properties": {"h3_id": "893da111c2fffff", "eligible_devices": 10, "qualifying_events": 2, "events_1_to_3_hours": 1, "events_over_3_hours": 1, "worst_affected_devices": 9, "worst_affected_share": 0.9, "longest_event_minutes": 300.0, "latest_event_start_ist": "2026-07-30 15:20:00", "latest_event_end_ist": "2026-07-30 16:30:00", "severity": "over_3_hours"}}, {"type": "Feature", "geometry": {"type": "Polygon", "coordinates": [[[77.07603549349024, 28.526269077997316], [77.07687829389415, 28.5246266491755], [77.07901030457818, 28.524448543811666], [77.08029961121976, 28.52591284706643], [77.07945688527302, 28.527555315556306], [77.07732477822402, 28.5277334411242], [77.07603549349024, 28.526269077997316]]]}, "properties": {"h3_id": "893da111c3bffff", "eligible_devices": 12, "qualifying_events": 2, "events_1_to_3_hours": 1, "events_over_3_hours": 1, "worst_affected_devices": 10, "worst_affected_share": 0.8333, "longest_event_minutes": 300.0, "latest_event_start_ist": "2026-07-30 15:20:00", "latest_event_end_ist": "2026-07-30 16:30:00", "severity": "over_3_hours"}}, {"type": "Feature", "geometry": {"type": "Polygon", "coordinates": [[[77.07856376518241, 28.521341874812116], [77.07940643607265, 28.51969952927674], [77.08153827032775, 28.5195214060618], [77.08282753003665, 28.520985608174243], [77.0819849335986, 28.522627993372314], [77.07985300299597, 28.522806136796103], [77.07856376518241, 28.521341874812116]]]}, "properties": {"h3_id": "893da111c67ffff", "eligible_devices": 6, "qualifying_events": 3, "events_1_to_3_hours": 2, "events_over_3_hours": 1, "worst_affected_devices": 6, "worst_affected_share": 1.0, "longest_event_minutes": 300.0, "latest_event_start_ist": "2026-07-30 15:20:00", "latest_event_end_ist": "2026-07-30 16:30:00", "severity": "over_3_hours"}}, {"type": "Feature", "geometry": {"type": "Polygon", "coordinates": [[[77.07558907798797, 28.52316232732084], [77.07643185085492, 28.521519959973872], [77.07856376518241, 28.521341874812116], [77.07985300299597, 28.522806136796103], [77.07901030457818, 28.524448543811666], [77.07687829389415, 28.5246266491755], [77.07558907798797, 28.52316232732084]]]}, "properties": {"h3_id": "893da111c77ffff", "eligible_devices": 15, "qualifying_events": 3, "events_1_to_3_hours": 2, "events_over_3_hours": 1, "worst_affected_devices": 13, "worst_affected_share": 0.8667, "longest_event_minutes": 300.0, "latest_event_start_ist": "2026-07-30 15:20:00", "latest_event_end_ist": "2026-07-30 16:30:00", "severity": "over_3_hours"}}, {"type": "Feature", "geometry": {"type": "Polygon", "coordinates": [[[77.09314352237965, 28.532699496737315], [77.09398595038685, 28.531056869639908], [77.09611804229162, 28.530878472870796], [77.09740780254788, 28.532342682952077], [77.09656544905324, 28.5339853496852], [77.09443326078627, 28.534163766702182], [77.09314352237965, 28.532699496737315]]]}, "properties": {"h3_id": "893da111d0bffff", "eligible_devices": 16, "qualifying_events": 2, "events_1_to_3_hours": 2, "events_over_3_hours": 0, "worst_affected_devices": 14, "worst_affected_share": 0.875, "longest_event_minutes": 100.0, "latest_event_start_ist": "2026-07-30 15:20:00", "latest_event_end_ist": "2026-07-30 16:30:00", "severity": "1_to_3_hours"}}, {"type": "Feature", "geometry": {"type": "Polygon", "coordinates": [[[77.09016882031085, 28.534520504376253], [77.0910113503258, 28.532877855454228], [77.09314352237965, 28.532699496737315], [77.09443326078627, 28.534163766702182], [77.09359080528085, 28.53580645526583], [77.09145853685578, 28.535984834223836], [77.09016882031085, 28.534520504376253]]]}, "properties": {"h3_id": "893da111d1bffff", "eligible_devices": 10, "qualifying_events": 2, "events_1_to_3_hours": 2, "events_over_3_hours": 0, "worst_affected_devices": 10, "worst_affected_share": 1.0, "longest_event_minutes": 105.0, "latest_event_start_ist": "2026-07-30 15:20:00", "latest_event_end_ist": "2026-07-30 16:30:00", "severity": "1_to_3_hours"}}, {"type": "Feature", "geometry": {"type": "Polygon", "coordinates": [[[77.09269628084523, 28.529592640900738], [77.09353868135564, 28.52795007527543], [77.09567067690662, 28.52777169875219], [77.09696036829749, 28.529235867609238], [77.09611804229162, 28.530878472870796], [77.09398595038685, 28.531056869639908], [77.09269628084523, 28.529592640900738]]]}, "properties": {"h3_id": "893da111d47ffff", "eligible_devices": 8, "qualifying_events": 2, "events_1_to_3_hours": 2, "events_over_3_hours": 0, "worst_affected_devices": 8, "worst_affected_share": 1.0, "longest_event_minutes": 100.0, "latest_event_start_ist": "2026-07-30 15:20:00", "latest_event_end_ist": "2026-07-30 16:30:00", "severity": "1_to_3_hours"}}, {"type": "Feature", "geometry": {"type": "Polygon", "coordinates": [[[77.08972170264543, 28.531413566833773], [77.09056420515415, 28.529770979378533], [77.09269628084523, 28.529592640900738], [77.09398595038685, 28.531056869639908], [77.09314352237965, 28.532699496737315], [77.0910113503258, 28.532877855454228], [77.08972170264543, 28.531413566833773]]]}, "properties": {"h3_id": "893da111d57ffff", "eligible_devices": 12, "qualifying_events": 2, "events_1_to_3_hours": 2, "events_over_3_hours": 0, "worst_affected_devices": 11, "worst_affected_share": 0.9167, "longest_event_minutes": 100.0, "latest_event_start_ist": "2026-07-30 15:20:00", "latest_event_end_ist": "2026-07-30 16:30:00", "severity": "1_to_3_hours"}}, {"type": "Feature", "geometry": {"type": "Polygon", "coordinates": [[[77.08377199982789, 28.53505536996673], [77.08461470635234, 28.53341273888537], [77.08674694230656, 28.533234476529643], [77.0880365681136, 28.534698825030553], [77.08719393608455, 28.53634149576593], [77.08506160374955, 28.53651977834722], [77.08377199982789, 28.53505536996673]]]}, "properties": {"h3_id": "893da111dc3ffff", "eligible_devices": 7, "qualifying_events": 2, "events_1_to_3_hours": 1, "events_over_3_hours": 1, "worst_affected_devices": 7, "worst_affected_share": 1.0, "longest_event_minutes": 295.0, "latest_event_start_ist": "2026-07-30 15:20:00", "latest_event_end_ist": "2026-07-30 16:30:00", "severity": "over_3_hours"}}, {"type": "Feature", "geometry": {"type": "Polygon", "coordinates": [[[77.08719393608455, 28.53634149576593], [77.0880365681136, 28.534698825030553], [77.09016882031085, 28.534520504376253], [77.09145853685578, 28.535984834223836], [77.09061597933324, 28.537627544606764], [77.08848363075576, 28.537805885495395], [77.08719393608455, 28.53634149576593]]]}, "properties": {"h3_id": "893da111dc7ffff", "eligible_devices": 16, "qualifying_events": 2, "events_1_to_3_hours": 1, "events_over_3_hours": 1, "worst_affected_devices": 15, "worst_affected_share": 0.9375, "longest_event_minutes": 295.0, "latest_event_start_ist": "2026-07-30 15:20:00", "latest_event_end_ist": "2026-07-30 16:30:00", "severity": "over_3_hours"}}, {"type": "Feature", "geometry": {"type": "Polygon", "coordinates": [[[77.08674694230656, 28.533234476529643], [77.08758954681996, 28.53159186725573], [77.08972170264543, 28.531413566833773], [77.0910113503258, 28.532877855454228], [77.09016882031085, 28.534520504376253], [77.0880365681136, 28.534698825030553], [77.08674694230656, 28.533234476529643]]]}, "properties": {"h3_id": "893da111dcfffff", "eligible_devices": 21, "qualifying_events": 2, "events_1_to_3_hours": 1, "events_over_3_hours": 1, "worst_affected_devices": 20, "worst_affected_share": 0.9524, "longest_event_minutes": 290.0, "latest_event_start_ist": "2026-07-30 15:20:00", "latest_event_end_ist": "2026-07-30 16:30:00", "severity": "over_3_hours"}}, {"type": "Feature", "geometry": {"type": "Polygon", "coordinates": [[[77.01631523220765, 28.606737089217823], [77.01716063871905, 28.605093386400124], [77.0192956657278, 28.60491586011945], [77.02058538289471, 28.606382016576827], [77.01974005087725, 28.60802575918577], [77.01760492719539, 28.60820330554692], [77.01631523220765, 28.606737089217823]]]}, "properties": {"h3_id": "893da11200fffff", "eligible_devices": 7, "qualifying_events": 1, "events_1_to_3_hours": 0, "events_over_3_hours": 1, "worst_affected_devices": 5, "worst_affected_share": 0.7143, "longest_event_minutes": 550.0, "latest_event_start_ist": "2026-07-17 01:35:00", "latest_event_end_ist": "2026-07-17 10:45:00", "severity": "over_3_hours"}}, {"type": "Feature", "geometry": {"type": "Polygon", "coordinates": [[[77.01244646725455, 28.602338485307328], [77.01329192047795, 28.600694883568305], [77.01542683421482, 28.600517435816638], [77.01671639138986, 28.601983569735104], [77.0158710126412, 28.603627211272396], [77.01373600223921, 28.60380467909379], [77.01244646725455, 28.602338485307328]]]}, "properties": {"h3_id": "893da112047ffff", "eligible_devices": 5, "qualifying_events": 1, "events_1_to_3_hours": 1, "events_over_3_hours": 0, "worst_affected_devices": 4, "worst_affected_share": 0.8, "longest_event_minutes": 135.0, "latest_event_start_ist": "2026-07-11 08:15:00", "latest_event_end_ist": "2026-07-11 10:30:00", "severity": "1_to_3_hours"}}, {"type": "Feature", "geometry": {"type": "Polygon", "coordinates": [[[77.0192956657278, 28.60491586011945], [77.02014096999056, 28.603272178790373], [77.02227591692673, 28.603094614132516], [77.0235656562607, 28.60456071071729], [77.02272042649497, 28.606204431831685], [77.02058538289471, 28.606382016576827], [77.0192956657278, 28.60491586011945]]]}, "properties": {"h3_id": "893da112077ffff", "eligible_devices": 5, "qualifying_events": 1, "events_1_to_3_hours": 0, "events_over_3_hours": 1, "worst_affected_devices": 4, "worst_affected_share": 0.8, "longest_event_minutes": 500.0, "latest_event_start_ist": "2026-07-16 00:20:00", "latest_event_end_ist": "2026-07-16 08:40:00", "severity": "over_3_hours"}}, {"type": "Feature", "geometry": {"type": "Polygon", "coordinates": [[[77.01542683421482, 28.600517435816638], [77.01627218520215, 28.59887385556568], [77.0184070188902, 28.598696369440017], [77.01969659824348, 28.600162443489637], [77.018851321734, 28.60180606353293], [77.01671639138986, 28.601983569735104], [77.01542683421482, 28.600517435816638]]]}, "properties": {"h3_id": "893da11207bffff", "eligible_devices": 6, "qualifying_events": 1, "events_1_to_3_hours": 0, "events_over_3_hours": 1, "worst_affected_devices": 5, "worst_affected_share": 0.8333, "longest_event_minutes": 1000.0, "latest_event_start_ist": "2026-07-28 18:15:00", "latest_event_end_ist": "2026-07-29 10:55:00", "severity": "over_3_hours"}}, {"type": "Feature", "geometry": {"type": "Polygon", "coordinates": [[[77.02107345331615, 28.617356071125293], [77.02191886860619, 28.61571214471231], [77.02405420224969, 28.615534499693485], [77.02534421729764, 28.617000760993303], [77.02449887653681, 28.618644727189416], [77.02236344619527, 28.61882239230343], [77.02107345331615, 28.617356071125293]]]}, "properties": {"h3_id": "893da1120a7ffff", "eligible_devices": 10, "qualifying_events": 1, "events_1_to_3_hours": 0, "events_over_3_hours": 1, "worst_affected_devices": 7, "worst_affected_share": 0.7, "longest_event_minutes": 470.0, "latest_event_start_ist": "2026-07-27 01:35:00", "latest_event_end_ist": "2026-07-27 09:25:00", "severity": "over_3_hours"}}, {"type": "Feature", "geometry": {"type": "Polygon", "coordinates": [[[77.01809252198754, 28.619177625619773], [77.01893803956406, 28.617533677739708], [77.02107345331615, 28.617356071125293], [77.02236344619527, 28.61882239230343], [77.02151800314486, 28.620466379972562], [77.0193824926857, 28.620644006675334], [77.01809252198754, 28.619177625619773]]]}, "properties": {"h3_id": "893da1120b7ffff", "eligible_devices": 7, "qualifying_events": 1, "events_1_to_3_hours": 1, "events_over_3_hours": 0, "worst_affected_devices": 5, "worst_affected_share": 0.7143, "longest_event_minutes": 175.0, "latest_event_start_ist": "2026-07-29 12:10:00", "latest_event_end_ist": "2026-07-29 15:05:00", "severity": "1_to_3_hours"}}, {"type": "Feature", "geometry": {"type": "Polygon", "coordinates": [[[77.04714247535694, 28.6183323400125], [77.04798721102179, 28.616688279306647], [77.05012238680425, 28.616510226659937], [77.05141292358672, 28.61797621456039], [77.05056826251607, 28.6196203149992], [77.04843299006522, 28.619798387805435], [77.04714247535694, 28.6183323400125]]]}, "properties": {"h3_id": "893da112123ffff", "eligible_devices": 49, "qualifying_events": 1, "events_1_to_3_hours": 0, "events_over_3_hours": 1, "worst_affected_devices": 40, "worst_affected_share": 0.8163, "longest_event_minutes": 190.0, "latest_event_start_ist": "2026-07-20 01:25:00", "latest_event_end_ist": "2026-07-20 04:35:00", "severity": "over_3_hours"}}, {"type": "Feature", "geometry": {"type": "Polygon", "coordinates": [[[77.05056826251607, 28.6196203149992], [77.05141292358672, 28.61797621456039], [77.05354811582319, 28.617798103402766], [77.05483874365335, 28.61926407251648], [77.05399415718804, 28.620908212681766], [77.0518588682837, 28.6210863440077], [77.05056826251607, 28.6196203149992]]]}, "properties": {"h3_id": "893da112127ffff", "eligible_devices": 31, "qualifying_events": 1, "events_1_to_3_hours": 0, "events_over_3_hours": 1, "worst_affected_devices": 23, "worst_affected_share": 0.7419, "longest_event_minutes": 185.0, "latest_event_start_ist": "2026-07-20 01:25:00", "latest_event_end_ist": "2026-07-20 04:30:00", "severity": "over_3_hours"}}, {"type": "Feature", "geometry": {"type": "Polygon", "coordinates": [[[77.04669676529116, 28.615222272631097], [77.04754147326568, 28.61357827320072], [77.04967655238823, 28.613400240711556], [77.05096702019263, 28.61486618749606], [77.05012238680425, 28.616510226659937], [77.04798721102179, 28.616688279306647], [77.04669676529116, 28.615222272631097]]]}, "properties": {"h3_id": "893da11212bffff", "eligible_devices": 68, "qualifying_events": 1, "events_1_to_3_hours": 0, "events_over_3_hours": 1, "worst_affected_devices": 52, "worst_affected_share": 0.7647, "longest_event_minutes": 185.0, "latest_event_start_ist": "2026-07-20 01:25:00", "latest_event_end_ist": "2026-07-20 04:30:00", "severity": "over_3_hours"}}, {"type": "Feature", "geometry": {"type": "Polygon", "coordinates": [[[77.05012238680425, 28.616510226659937], [77.05096702019263, 28.61486618749606], [77.05310211576972, 28.614688096504747], [77.05439267461429, 28.616154024511843], [77.05354811582319, 28.617798103402766], [77.05141292358672, 28.61797621456039], [77.05012238680425, 28.616510226659937]]]}, "properties": {"h3_id": "893da11212fffff", "eligible_devices": 66, "qualifying_events": 1, "events_1_to_3_hours": 1, "events_over_3_hours": 0, "worst_affected_devices": 48, "worst_affected_share": 0.7273, "longest_event_minutes": 75.0, "latest_event_start_ist": "2026-07-20 01:25:00", "latest_event_end_ist": "2026-07-20 02:40:00", "severity": "1_to_3_hours"}}, {"type": "Feature", "geometry": {"type": "Polygon", "coordinates": [[[77.04625109650561, 28.61211230765046], [77.04709577679122, 28.610468369501483], [77.04923075926234, 28.61029035716787], [77.05052115809576, 28.61175626282851], [77.04967655238823, 28.613400240711556], [77.04754147326568, 28.61357827320072], [77.04625109650561, 28.61211230765046]]]}, "properties": {"h3_id": "893da112167ffff", "eligible_devices": 34, "qualifying_events": 1, "events_1_to_3_hours": 0, "events_over_3_hours": 1, "worst_affected_devices": 29, "worst_affected_share": 0.8529, "longest_event_minutes": 190.0, "latest_event_start_ist": "2026-07-20 01:25:00", "latest_event_end_ist": "2026-07-20 04:35:00", "severity": "over_3_hours"}}, {"type": "Feature", "geometry": {"type": "Polygon", "coordinates": [[[77.04238028623818, 28.607714455767958], [77.0432250133952, 28.606070618647404], [77.04535988275249, 28.605892684946777], [77.0466501215927, 28.607358568222754], [77.04580546899462, 28.609002445084403], [77.04367050299386, 28.60918039892983], [77.04238028623818, 28.607714455767958]]]}, "properties": {"h3_id": "893da11216bffff", "eligible_devices": 9, "qualifying_events": 1, "events_1_to_3_hours": 0, "events_over_3_hours": 1, "worst_affected_devices": 8, "worst_affected_share": 0.8889, "longest_event_minutes": 420.0, "latest_event_start_ist": "2026-07-15 04:35:00", "latest_event_end_ist": "2026-07-15 11:35:00", "severity": "over_3_hours"}}, {"type": "Feature", "geometry": {"type": "Polygon", "coordinates": [[[77.01529805070768, 28.576931381770933], [77.01614310524177, 28.575288252226915], [77.0182771825831, 28.57511086826571], [77.01956630197452, 28.576576593779844], [77.01872132186516, 28.578219763114074], [77.01658714793614, 28.578397167144786], [77.01529805070768, 28.576931381770933]]]}, "properties": {"h3_id": "893da11226bffff", "eligible_devices": 7, "qualifying_events": 2, "events_1_to_3_hours": 0, "events_over_3_hours": 2, "worst_affected_devices": 7, "worst_affected_share": 1.0, "longest_event_minutes": 625.0, "latest_event_start_ist": "2026-07-08 06:55:00", "latest_event_end_ist": "2026-07-08 10:30:00", "severity": "over_3_hours"}}, {"type": "Feature", "geometry": {"type": "Polygon", "coordinates": [[[77.01872132186516, 28.578219763114074], [77.01956630197452, 28.576576593779844], [77.02170039589723, 28.5763991514368], [77.02298960629423, 28.577864858350544], [77.0221447006207, 28.579508067468502], [77.02001051011081, 28.579685529889836], [77.01872132186516, 28.578219763114074]]]}, "properties": {"h3_id": "893da11226fffff", "eligible_devices": 12, "qualifying_events": 1, "events_1_to_3_hours": 0, "events_over_3_hours": 1, "worst_affected_devices": 11, "worst_affected_share": 0.9167, "longest_event_minutes": 185.0, "latest_event_start_ist": "2026-07-08 07:25:00", "latest_event_end_ist": "2026-07-08 10:30:00", "severity": "over_3_hours"}}, {"type": "Feature", "geometry": {"type": "Polygon", "coordinates": [[[77.00572308657948, 28.623353060773358], [77.0065689855592, 28.621709088373212], [77.00870462295354, 28.62153165553989], [77.00999445809929, 28.622998175048394], [77.00914863362522, 28.62464218726186], [77.00701289949625, 28.624819640154332], [77.00572308657948, 28.623353060773358]]]}, "properties": {"h3_id": "893da112427ffff", "eligible_devices": 9, "qualifying_events": 3, "events_1_to_3_hours": 1, "events_over_3_hours": 2, "worst_affected_devices": 8, "worst_affected_share": 0.8889, "longest_event_minutes": 405.0, "latest_event_start_ist": "2026-07-29 14:25:00", "latest_event_end_ist": "2026-07-29 16:25:00", "severity": "over_3_hours"}}, {"type": "Feature", "geometry": {"type": "Polygon", "coordinates": [[[77.00527924157176, 28.62024255017562], [77.00612511274663, 28.618598639016565], [77.0082606534149, 28.6184212262404], [77.00955041963083, 28.61988770456696], [77.00870462295354, 28.62153165553989], [77.0065689855592, 28.621709088373212], [77.00527924157176, 28.62024255017562]]]}, "properties": {"h3_id": "893da11242fffff", "eligible_devices": 5, "qualifying_events": 2, "events_1_to_3_hours": 1, "events_over_3_hours": 1, "worst_affected_devices": 4, "worst_affected_share": 0.8, "longest_event_minutes": 205.0, "latest_event_start_ist": "2026-07-29 14:25:00", "latest_event_end_ist": "2026-07-29 16:25:00", "severity": "over_3_hours"}}, {"type": "Feature", "geometry": {"type": "Polygon", "coordinates": [[[77.00274136782583, 28.625174448973], [77.00358736911433, 28.62353045515695], [77.00572308657948, 28.623353060773358], [77.00701289949625, 28.624819640154332], [77.00616697271029, 28.626463673789633], [77.0040311585015, 28.626641088225536], [77.00274136782583, 28.625174448973]]]}, "properties": {"h3_id": "893da112437ffff", "eligible_devices": 14, "qualifying_events": 2, "events_1_to_3_hours": 0, "events_over_3_hours": 2, "worst_affected_devices": 12, "worst_affected_share": 0.8571, "longest_event_minutes": 525.0, "latest_event_start_ist": "2026-07-09 02:15:00", "latest_event_end_ist": "2026-07-09 11:00:00", "severity": "over_3_hours"}}, {"type": "Feature", "geometry": {"type": "Polygon", "coordinates": [[[77.00141032976768, 28.61584298062069], [77.00225624761754, 28.614199170529535], [77.00439167490286, 28.61402183629109], [77.00568128105292, 28.615488292098224], [77.00483543768144, 28.617132142010252], [77.002699913678, 28.617309496295107], [77.00141032976768, 28.61584298062069]]]}, "properties": {"h3_id": "893da112467ffff", "eligible_devices": 8, "qualifying_events": 2, "events_1_to_3_hours": 1, "events_over_3_hours": 1, "worst_affected_devices": 7, "worst_affected_share": 0.875, "longest_event_minutes": 190.0, "latest_event_start_ist": "2026-07-23 08:05:00", "latest_event_end_ist": "2026-07-23 11:15:00", "severity": "over_3_hours"}}, {"type": "Feature", "geometry": {"type": "Polygon", "coordinates": [[[76.98694388453299, 28.628059239849335], [76.98779034173877, 28.626415261546956], [76.98992626591962, 28.62623809959903], [76.99121582966278, 28.627704895940028], [76.99036944692783, 28.62934891409237], [76.98823342597535, 28.629526096054583], [76.98694388453299, 28.628059239849335]]]}, "properties": {"h3_id": "893da112483ffff", "eligible_devices": 52, "qualifying_events": 1, "events_1_to_3_hours": 0, "events_over_3_hours": 1, "worst_affected_devices": 50, "worst_affected_share": 0.9615, "longest_event_minutes": 320.0, "latest_event_start_ist": "2026-07-08 05:10:00", "latest_event_end_ist": "2026-07-08 10:30:00", "severity": "over_3_hours"}}, {"type": "Feature", "geometry": {"type": "Polygon", "coordinates": [[[76.99036944692783, 28.62934891409237], [76.99121582966278, 28.627704895940028], [76.99335177058232, 28.627527675482753], [76.99464142553451, 28.628994453155585], [76.99379511728158, 28.63063851115143], [76.99165907959092, 28.63081575163178], [76.99036944692783, 28.62934891409237]]]}, "properties": {"h3_id": "893da112487ffff", "eligible_devices": 6, "qualifying_events": 1, "events_1_to_3_hours": 0, "events_over_3_hours": 1, "worst_affected_devices": 6, "worst_affected_share": 1.0, "longest_event_minutes": 330.0, "latest_event_start_ist": "2026-07-08 05:00:00", "latest_event_end_ist": "2026-07-08 10:30:00", "severity": "over_3_hours"}}, {"type": "Feature", "geometry": {"type": "Polygon", "coordinates": [[[76.98992626591962, 28.62623809959903], [76.99077262080382, 28.62459414266675], [76.99290846496073, 28.62441694223059], [76.99419805099255, 28.625883678706426], [76.99335177058232, 28.627527675482753], [76.99121582966278, 28.627704895940028], [76.98992626591962, 28.62623809959903]]]}, "properties": {"h3_id": "893da11248fffff", "eligible_devices": 28, "qualifying_events": 1, "events_1_to_3_hours": 0, "events_over_3_hours": 1, "worst_affected_devices": 27, "worst_affected_share": 0.9643, "longest_event_minutes": 335.0, "latest_event_start_ist": "2026-07-08 04:55:00", "latest_event_end_ist": "2026-07-08 10:30:00", "severity": "over_3_hours"}}, {"type": "Feature", "geometry": {"type": "Polygon", "coordinates": [[[77.00020310368568, 28.63010659568529], [77.00104923511448, 28.62846251924028], [77.0031851293973, 28.628285143271352], [77.00447498900891, 28.629751823700804], [77.00362893208757, 28.63139593997044], [77.00149294104362, 28.631573335986847], [77.00020310368568, 28.63010659568529]]]}, "properties": {"h3_id": "893da1124a7ffff", "eligible_devices": 49, "qualifying_events": 1, "events_1_to_3_hours": 0, "events_over_3_hours": 1, "worst_affected_devices": 46, "worst_affected_share": 0.9388, "longest_event_minutes": 240.0, "latest_event_start_ist": "2026-07-08 06:30:00", "latest_event_end_ist": "2026-07-08 10:30:00", "severity": "over_3_hours"}}, {"type": "Feature", "geometry": {"type": "Polygon", "coordinates": [[[76.99633391187338, 28.62570641976452], [76.99718008996524, 28.624062444375536], [76.9993158708016, 28.623885146959424], [77.00060557029563, 28.625351804896418], [76.99975946669203, 28.626995820117052], [76.99762358910256, 28.627173137569887], [76.99633391187338, 28.62570641976452]]]}, "properties": {"h3_id": "893da1124abffff", "eligible_devices": 5, "qualifying_events": 1, "events_1_to_3_hours": 0, "events_over_3_hours": 1, "worst_affected_devices": 4, "worst_affected_share": 0.8, "longest_event_minutes": 230.0, "latest_event_start_ist": "2026-07-08 06:40:00", "latest_event_end_ist": "2026-07-08 10:30:00", "severity": "over_3_hours"}}, {"type": "Feature", "geometry": {"type": "Polygon", "coordinates": [[[76.99975946669203, 28.626995820117052], [77.00060557029563, 28.625351804896418], [77.00274136782583, 28.625174448973], [77.0040311585015, 28.626641088225536], [77.0031851293973, 28.628285143271352], [77.00104923511448, 28.62846251924028], [76.99975946669203, 28.626995820117052]]]}, "properties": {"h3_id": "893da1124afffff", "eligible_devices": 9, "qualifying_events": 2, "events_1_to_3_hours": 0, "events_over_3_hours": 2, "worst_affected_devices": 9, "worst_affected_share": 1.0, "longest_event_minutes": 530.0, "latest_event_start_ist": "2026-07-09 02:15:00", "latest_event_end_ist": "2026-07-09 11:05:00", "severity": "over_3_hours"}}, {"type": "Feature", "geometry": {"type": "Polygon", "coordinates": [[[76.99379511728158, 28.63063851115143], [76.99464142553451, 28.628994453155585], [76.99677738317746, 28.628817174183784], [76.9980671293346, 28.630283933176802], [76.99722089557484, 28.631928031009682], [76.99508484116126, 28.632105330013353], [76.99379511728158, 28.63063851115143]]]}, "properties": {"h3_id": "893da1124b3ffff", "eligible_devices": 56, "qualifying_events": 2, "events_1_to_3_hours": 1, "events_over_3_hours": 1, "worst_affected_devices": 53, "worst_affected_share": 0.9464, "longest_event_minutes": 330.0, "latest_event_start_ist": "2026-07-23 18:00:00", "latest_event_end_ist": "2026-07-23 19:10:00", "severity": "over_3_hours"}}, {"type": "Feature", "geometry": {"type": "Polygon", "coordinates": [[[76.99722089557484, 28.631928031009682], [76.9980671293346, 28.630283933176802], [77.00020310368568, 28.63010659568529], [77.00149294104362, 28.631573335986847], [77.0006467817882, 28.63321747365028], [76.99851071066699, 28.63339483118245], [76.99722089557484, 28.631928031009682]]]}, "properties": {"h3_id": "893da1124b7ffff", "eligible_devices": 47, "qualifying_events": 1, "events_1_to_3_hours": 0, "events_over_3_hours": 1, "worst_affected_devices": 44, "worst_affected_share": 0.9362, "longest_event_minutes": 330.0, "latest_event_start_ist": "2026-07-08 05:00:00", "latest_event_end_ist": "2026-07-08 10:30:00", "severity": "over_3_hours"}}, {"type": "Feature", "geometry": {"type": "Polygon", "coordinates": [[[76.99335177058232, 28.627527675482753], [76.99419805099255, 28.625883678706426], [76.99633391187338, 28.62570641976452], [76.99762358910256, 28.627173137569887], [76.99677738317746, 28.628817174183784], [76.99464142553451, 28.628994453155585], [76.99335177058232, 28.627527675482753]]]}, "properties": {"h3_id": "893da1124bbffff", "eligible_devices": 22, "qualifying_events": 1, "events_1_to_3_hours": 0, "events_over_3_hours": 1, "worst_affected_devices": 22, "worst_affected_share": 1.0, "longest_event_minutes": 335.0, "latest_event_start_ist": "2026-07-08 04:55:00", "latest_event_end_ist": "2026-07-08 10:30:00", "severity": "over_3_hours"}}, {"type": "Feature", "geometry": {"type": "Polygon", "coordinates": [[[76.98605789493108, 28.62183775568583], [76.98690429642073, 28.620193899830596], [76.98904002708386, 28.620016777905345], [76.99032945300841, 28.621483491825796], [76.9894831259735, 28.62312738753208], [76.98734729855578, 28.623304529467692], [76.98605789493108, 28.62183775568583]]]}, "properties": {"h3_id": "893da1124c7ffff", "eligible_devices": 9, "qualifying_events": 1, "events_1_to_3_hours": 0, "events_over_3_hours": 1, "worst_affected_devices": 9, "worst_affected_share": 1.0, "longest_event_minutes": 330.0, "latest_event_start_ist": "2026-07-08 05:00:00", "latest_event_end_ist": "2026-07-08 10:30:00", "severity": "over_3_hours"}}, {"type": "Feature", "geometry": {"type": "Polygon", "coordinates": [[[76.98307558046913, 28.62365871635086], [76.9839220842678, 28.622014839126074], [76.98605789493108, 28.62183775568583], [76.98734729855578, 28.623304529467692], [76.98650086920877, 28.624948446549464], [76.98436496178189, 28.62512554999322], [76.98307558046913, 28.62365871635086]]]}, "properties": {"h3_id": "893da1124d7ffff", "eligible_devices": 14, "qualifying_events": 1, "events_1_to_3_hours": 0, "events_over_3_hours": 1, "worst_affected_devices": 12, "worst_affected_share": 0.8571, "longest_event_minutes": 330.0, "latest_event_start_ist": "2026-07-08 05:00:00", "latest_event_end_ist": "2026-07-08 10:30:00", "severity": "over_3_hours"}}, {"type": "Feature", "geometry": {"type": "Polygon", "coordinates": [[[77.02672286599434, 28.634197400611452], [77.02756834553085, 28.632553128196616], [77.02970417932173, 28.632375324142238], [77.0309946303126, 28.633841772389676], [77.03014922535672, 28.635486084578428], [77.0280132948258, 28.635663908746654], [77.02672286599434, 28.634197400611452]]]}, "properties": {"h3_id": "893da112537ffff", "eligible_devices": 18, "qualifying_events": 1, "events_1_to_3_hours": 1, "events_over_3_hours": 0, "worst_affected_devices": 14, "worst_affected_share": 0.7778, "longest_event_minutes": 105.0, "latest_event_start_ist": "2026-07-30 08:00:00", "latest_event_end_ist": "2026-07-30 09:45:00", "severity": "1_to_3_hours"}}, {"type": "Feature", "geometry": {"type": "Polygon", "coordinates": [[[77.00914863362522, 28.62464218726186], [77.00999445809929, 28.622998175048394], [77.01213011214266, 28.622820683709797], [77.01342003844256, 28.624287184517577], [77.01257428848528, 28.625931236537888], [77.01043853770778, 28.626108747944414], [77.00914863362522, 28.62464218726186]]]}, "properties": {"h3_id": "893da112553ffff", "eligible_devices": 14, "qualifying_events": 1, "events_1_to_3_hours": 0, "events_over_3_hours": 1, "worst_affected_devices": 11, "worst_affected_share": 0.7857, "longest_event_minutes": 245.0, "latest_event_start_ist": "2026-07-17 14:20:00", "latest_event_end_ist": "2026-07-17 18:25:00", "severity": "over_3_hours"}}, {"type": "Feature", "geometry": {"type": "Polygon", "coordinates": [[[77.01048091249474, 28.633974396824346], [77.01132682036769, 28.63233020092486], [77.01346276463889, 28.63215264937656], [77.01475289779323, 28.63361927365475], [77.01390706446122, 28.635263509359447], [77.01177102343041, 28.635441080981593], [77.01048091249474, 28.633974396824346]]]}, "properties": {"h3_id": "893da11258bffff", "eligible_devices": 14, "qualifying_events": 3, "events_1_to_3_hours": 1, "events_over_3_hours": 2, "worst_affected_devices": 13, "worst_affected_share": 0.9286, "longest_event_minutes": 840.0, "latest_event_start_ist": "2026-07-20 11:20:00", "latest_event_end_ist": "2026-07-20 12:55:00", "severity": "over_3_hours"}}, {"type": "Feature", "geometry": {"type": "Polygon", "coordinates": [[[77.01390706446122, 28.635263509359447], [77.01475289779323, 28.63361927365475], [77.01688885869667, 28.633441663569645], [77.01817908302367, 28.634908269107445], [77.01733332424375, 28.636552544610883], [77.01519726658121, 28.636730174778627], [77.01390706446122, 28.635263509359447]]]}, "properties": {"h3_id": "893da11258fffff", "eligible_devices": 17, "qualifying_events": 1, "events_1_to_3_hours": 0, "events_over_3_hours": 1, "worst_affected_devices": 13, "worst_affected_share": 0.7647, "longest_event_minutes": 370.0, "latest_event_start_ist": "2026-07-08 04:15:00", "latest_event_end_ist": "2026-07-08 10:25:00", "severity": "over_3_hours"}}, {"type": "Feature", "geometry": {"type": "Polygon", "coordinates": [[[77.02075969182292, 28.637841502561823], [77.02160537603957, 28.636197187266134], [77.0237413701616, 28.6360194600919], [77.02503177682152, 28.63748602811398], [77.02418616717928, 28.63913038319545], [77.02205007629918, 28.6393081304699], [77.02075969182292, 28.637841502561823]]]}, "properties": {"h3_id": "893da1125a3ffff", "eligible_devices": 19, "qualifying_events": 1, "events_1_to_3_hours": 0, "events_over_3_hours": 1, "worst_affected_devices": 16, "worst_affected_share": 0.8421, "longest_event_minutes": 375.0, "latest_event_start_ist": "2026-07-08 04:15:00", "latest_event_end_ist": "2026-07-08 10:30:00", "severity": "over_3_hours"}}, {"type": "Feature", "geometry": {"type": "Polygon", "coordinates": [[[77.0066108999698, 28.62957438921059], [77.00745685456344, 28.627930294346076], [77.00959268543552, 28.62775282139249], [77.01088265846204, 28.62921942324118], [77.01003677839013, 28.63086355791793], [77.00790085076645, 28.6310410509346], [77.0066108999698, 28.62957438921059]]]}, "properties": {"h3_id": "893da1125c3ffff", "eligible_devices": 34, "qualifying_events": 1, "events_1_to_3_hours": 1, "events_over_3_hours": 0, "worst_affected_devices": 24, "worst_affected_share": 0.7059, "longest_event_minutes": 180.0, "latest_event_start_ist": "2026-07-08 07:25:00", "latest_event_end_ist": "2026-07-08 10:25:00", "severity": "1_to_3_hours"}}, {"type": "Feature", "geometry": {"type": "Polygon", "coordinates": [[[77.00362893208757, 28.63139593997044], [77.00447498900891, 28.629751823700804], [77.0066108999698, 28.62957438921059], [77.00790085076645, 28.6310410509346], [77.00705486836372, 28.632685207022398], [77.00491886064219, 28.63286266156888], [77.00362893208757, 28.63139593997044]]]}, "properties": {"h3_id": "893da1125d3ffff", "eligible_devices": 28, "qualifying_events": 1, "events_1_to_3_hours": 0, "events_over_3_hours": 1, "worst_affected_devices": 27, "worst_affected_share": 0.9643, "longest_event_minutes": 335.0, "latest_event_start_ist": "2026-07-08 04:55:00", "latest_event_end_ist": "2026-07-08 10:30:00", "severity": "over_3_hours"}}, {"type": "Feature", "geometry": {"type": "Polygon", "coordinates": [[[77.0031851293973, 28.628285143271352], [77.0040311585015, 28.626641088225536], [77.00616697271029, 28.626463673789633], [77.00745685456344, 28.627930294346076], [77.0066108999698, 28.62957438921059], [77.00447498900891, 28.629751823700804], [77.0031851293973, 28.628285143271352]]]}, "properties": {"h3_id": "893da1125dbffff", "eligible_devices": 40, "qualifying_events": 2, "events_1_to_3_hours": 0, "events_over_3_hours": 2, "worst_affected_devices": 39, "worst_affected_share": 0.975, "longest_event_minutes": 520.0, "latest_event_start_ist": "2026-07-09 02:15:00", "latest_event_end_ist": "2026-07-09 10:55:00", "severity": "over_3_hours"}}, {"type": "Feature", "geometry": {"type": "Polygon", "coordinates": [[[77.07529584302159, 28.611261333387652], [77.07613974125184, 28.60961728303039], [77.07827448476705, 28.60943882498975], [77.07956542666109, 28.61090439708057], [77.07872160307689, 28.612548487115763], [77.07658676294905, 28.612726965383054], [77.07529584302159, 28.611261333387652]]]}, "properties": {"h3_id": "893da1128cfffff", "eligible_devices": 66, "qualifying_events": 1, "events_1_to_3_hours": 0, "events_over_3_hours": 1, "worst_affected_devices": 47, "worst_affected_share": 0.7121, "longest_event_minutes": 200.0, "latest_event_start_ist": "2026-07-27 05:35:00", "latest_event_end_ist": "2026-07-27 08:55:00", "severity": "over_3_hours"}}, {"type": "Feature", "geometry": {"type": "Polygon", "coordinates": [[[77.09332140216041, 28.62391612609883], [77.09416498219167, 28.622271754828184], [77.09630000038061, 28.62209296367023], [77.09759153516158, 28.623558523509242], [77.09674802984813, 28.62520293442423], [77.09461291503237, 28.62538174585672], [77.09332140216041, 28.62391612609883]]]}, "properties": {"h3_id": "893da1129d3ffff", "eligible_devices": 7, "qualifying_events": 1, "events_1_to_3_hours": 1, "events_over_3_hours": 0, "worst_affected_devices": 7, "worst_affected_share": 1.0, "longest_event_minutes": 120.0, "latest_event_start_ist": "2026-07-28 16:20:00", "latest_event_end_ist": "2026-07-28 18:20:00", "severity": "1_to_3_hours"}}, {"type": "Feature", "geometry": {"type": "Polygon", "coordinates": [[[77.07946438798174, 28.595179001625812], [77.08030797136973, 28.5935352398374], [77.08244216801793, 28.59335678620604], [77.0837328778353, 28.594822074131645], [77.08288936906725, 28.596465875588343], [77.08075507585839, 28.596644349451985], [77.07946438798174, 28.595179001625812]]]}, "properties": {"h3_id": "893da112a17ffff", "eligible_devices": 12, "qualifying_events": 2, "events_1_to_3_hours": 2, "events_over_3_hours": 0, "worst_affected_devices": 11, "worst_affected_share": 0.9167, "longest_event_minutes": 130.0, "latest_event_start_ist": "2026-07-22 20:10:00", "latest_event_end_ist": "2026-07-22 21:45:00", "severity": "1_to_3_hours"}}, {"type": "Feature", "geometry": {"type": "Polygon", "coordinates": [[[77.08586709077593, 28.59464356203811], [77.08671049734406, 28.59299978225889], [77.08884463001078, 28.5928212319459], [77.09013545265695, 28.59428644116512], [77.08929212072293, 28.595930260600213], [77.08715789150511, 28.596108831161068], [77.08586709077593, 28.59464356203811]]]}, "properties": {"h3_id": "893da112a33ffff", "eligible_devices": 11, "qualifying_events": 1, "events_1_to_3_hours": 1, "events_over_3_hours": 0, "worst_affected_devices": 8, "worst_affected_share": 0.7273, "longest_event_minutes": 75.0, "latest_event_start_ist": "2026-07-22 15:00:00", "latest_event_end_ist": "2026-07-22 16:15:00", "severity": "1_to_3_hours"}}, {"type": "Feature", "geometry": {"type": "Polygon", "coordinates": [[[77.0746990282751, 28.584565214996903], [77.07554260349697, 28.58292167692392], [77.07767649420465, 28.58274334240819], [77.07896690622272, 28.58420852574873], [77.0781234055855, 28.585852103498166], [77.07598941834205, 28.58603045823144], [77.0746990282751, 28.584565214996903]]]}, "properties": {"h3_id": "893da112a43ffff", "eligible_devices": 14, "qualifying_events": 2, "events_1_to_3_hours": 1, "events_over_3_hours": 1, "worst_affected_devices": 11, "worst_affected_share": 0.7857, "longest_event_minutes": 325.0, "latest_event_start_ist": "2026-07-28 12:45:00", "latest_event_end_ist": "2026-07-28 14:30:00", "severity": "over_3_hours"}}, {"type": "Feature", "geometry": {"type": "Polygon", "coordinates": [[[77.07767649420465, 28.58274334240819], [77.07851996726104, 28.581099826016896], [77.08065377775132, 28.58092145329478], [77.08194421170843, 28.582386576740475], [77.08110081323977, 28.58403013280228], [77.07896690622272, 28.58420852574873], [77.07767649420465, 28.58274334240819]]]}, "properties": {"h3_id": "893da112a4fffff", "eligible_devices": 12, "qualifying_events": 1, "events_1_to_3_hours": 0, "events_over_3_hours": 1, "worst_affected_devices": 10, "worst_affected_share": 0.8333, "longest_event_minutes": 325.0, "latest_event_start_ist": "2026-07-24 03:25:00", "latest_event_end_ist": "2026-07-24 08:50:00", "severity": "over_3_hours"}}, {"type": "Feature", "geometry": {"type": "Polygon", "coordinates": [[[77.07350828053846, 28.59882338272386], [77.07435206833932, 28.597179577626207], [77.07648642548882, 28.597001200472324], [77.07777709141264, 28.59846660819822], [77.0769333782256, 28.600110452976033], [77.0747989244974, 28.600288850348626], [77.07350828053846, 28.59882338272386]]]}, "properties": {"h3_id": "893da112a83ffff", "eligible_devices": 16, "qualifying_events": 2, "events_1_to_3_hours": 2, "events_over_3_hours": 0, "worst_affected_devices": 12, "worst_affected_share": 0.75, "longest_event_minutes": 125.0, "latest_event_start_ist": "2026-07-22 20:10:00", "latest_event_end_ist": "2026-07-22 21:25:00", "severity": "1_to_3_hours"}}, {"type": "Feature", "geometry": {"type": "Polygon", "coordinates": [[[77.0769333782256, 28.600110452976033], [77.07777709141264, 28.59846660819822], [77.07991146488402, 28.598288172574886], [77.08120222174301, 28.599753561502723], [77.0803585831809, 28.601397445954213], [77.07822411313136, 28.601575901805028], [77.0769333782256, 28.600110452976033]]]}, "properties": {"h3_id": "893da112a87ffff", "eligible_devices": 22, "qualifying_events": 2, "events_1_to_3_hours": 2, "events_over_3_hours": 0, "worst_affected_devices": 22, "worst_affected_share": 1.0, "longest_event_minutes": 130.0, "latest_event_start_ist": "2026-07-22 20:10:00", "latest_event_end_ist": "2026-07-22 21:45:00", "severity": "1_to_3_hours"}}, {"type": "Feature", "geometry": {"type": "Polygon", "coordinates": [[[77.07052995313002, 28.600645548358727], [77.0713738431469, 28.599001721623374], [77.07350828053846, 28.59882338272386], [77.0747989244974, 28.600288850348626], [77.07395510909127, 28.601932716770065], [77.07182057511197, 28.60211107588149], [77.07052995313002, 28.600645548358727]]]}, "properties": {"h3_id": "893da112a93ffff", "eligible_devices": 8, "qualifying_events": 2, "events_1_to_3_hours": 2, "events_over_3_hours": 0, "worst_affected_devices": 6, "worst_affected_share": 0.75, "longest_event_minutes": 125.0, "latest_event_start_ist": "2026-07-22 20:10:00", "latest_event_end_ist": "2026-07-22 21:45:00", "severity": "1_to_3_hours"}}, {"type": "Feature", "geometry": {"type": "Polygon", "coordinates": [[[77.083336611521, 28.59957506740481], [77.08418014786737, 28.597931204614166], [77.08631445736813, 28.59775267227957], [77.08760532708759, 28.599217982493418], [77.08676186538034, 28.60086188494531], [77.084627459311, 28.60104043752295], [77.083336611521, 28.59957506740481]]]}, "properties": {"h3_id": "893da112aa3ffff", "eligible_devices": 5, "qualifying_events": 2, "events_1_to_3_hours": 2, "events_over_3_hours": 0, "worst_affected_devices": 5, "worst_affected_share": 1.0, "longest_event_minutes": 130.0, "latest_event_start_ist": "2026-07-22 20:10:00", "latest_event_end_ist": "2026-07-22 21:45:00", "severity": "1_to_3_hours"}}, {"type": "Feature", "geometry": {"type": "Polygon", "coordinates": [[[77.08288936906725, 28.596465875588343], [77.0837328778353, 28.594822074131645], [77.08586709077593, 28.59464356203811], [77.08715789150511, 28.596108831161068], [77.08631445736813, 28.59775267227957], [77.08418014786737, 28.597931204614166], [77.08288936906725, 28.596465875588343]]]}, "properties": {"h3_id": "893da112aabffff", "eligible_devices": 20, "qualifying_events": 2, "events_1_to_3_hours": 2, "events_over_3_hours": 0, "worst_affected_devices": 18, "worst_affected_share": 0.9, "longest_event_minutes": 130.0, "latest_event_start_ist": "2026-07-22 20:10:00", "latest_event_end_ist": "2026-07-22 21:50:00", "severity": "1_to_3_hours"}}, {"type": "Feature", "geometry": {"type": "Polygon", "coordinates": [[[77.07991146488402, 28.598288172574886], [77.08075507585839, 28.596644349451985], [77.08288936906725, 28.596465875588343], [77.08418014786737, 28.597931204614166], [77.083336611521, 28.59957506740481], [77.08120222174301, 28.599753561502723], [77.07991146488402, 28.598288172574886]]]}, "properties": {"h3_id": "893da112abbffff", "eligible_devices": 12, "qualifying_events": 2, "events_1_to_3_hours": 2, "events_over_3_hours": 0, "worst_affected_devices": 12, "worst_affected_share": 1.0, "longest_event_minutes": 130.0, "latest_event_start_ist": "2026-07-22 20:10:00", "latest_event_end_ist": "2026-07-22 21:45:00", "severity": "1_to_3_hours"}}, {"type": "Feature", "geometry": {"type": "Polygon", "coordinates": [[[77.06039989630091, 28.620373624963197], [77.06124430586402, 28.618729466637674], [77.06337945071306, 28.618551200109057], [77.06467028265322, 28.620017071714127], [77.0638259477208, 28.62166126974723], [77.061690706214, 28.62183955646853], [77.06039989630091, 28.620373624963197]]]}, "properties": {"h3_id": "893da112c47ffff", "eligible_devices": 12, "qualifying_events": 1, "events_1_to_3_hours": 1, "events_over_3_hours": 0, "worst_affected_devices": 9, "worst_affected_share": 0.75, "longest_event_minutes": 80.0, "latest_event_start_ist": "2026-07-20 01:25:00", "latest_event_end_ist": "2026-07-20 02:45:00", "severity": "1_to_3_hours"}}, {"type": "Feature", "geometry": {"type": "Polygon", "coordinates": [[[77.07544597699747, 28.63485475043288], [77.07629017085279, 28.633210249520722], [77.0784256711759, 28.633031688180854], [77.07971707432127, 28.634497607520235], [77.07887295516538, 28.636142148112334], [77.0767373581612, 28.636320729685966], [77.07544597699747, 28.63485475043288]]]}, "properties": {"h3_id": "893da112dc3ffff", "eligible_devices": 6, "qualifying_events": 1, "events_1_to_3_hours": 1, "events_over_3_hours": 0, "worst_affected_devices": 5, "worst_affected_share": 0.8333, "longest_event_minutes": 80.0, "latest_event_start_ist": "2026-07-16 16:15:00", "latest_event_end_ist": "2026-07-16 17:35:00", "severity": "1_to_3_hours"}}, {"type": "Feature", "geometry": {"type": "Polygon", "coordinates": [[[77.07499885874104, 28.631744311294458], [77.07584302496771, 28.630099871641445], [77.07797842861828, 28.629921330533367], [77.07926976271122, 28.631387208847354], [77.0784256711759, 28.633031688180854], [77.07629017085279, 28.633210249520722], [77.07499885874104, 28.631744311294458]]]}, "properties": {"h3_id": "893da112dcbffff", "eligible_devices": 13, "qualifying_events": 1, "events_1_to_3_hours": 1, "events_over_3_hours": 0, "worst_affected_devices": 12, "worst_affected_share": 0.9231, "longest_event_minutes": 80.0, "latest_event_start_ist": "2026-07-16 16:15:00", "latest_event_end_ist": "2026-07-16 17:35:00", "severity": "1_to_3_hours"}}, {"type": "Feature", "geometry": {"type": "Polygon", "coordinates": [[[77.06501920682621, 28.607399408292313], [77.06586332892783, 28.605755477007737], [77.06799802339225, 28.60557719444992], [77.06928869236576, 28.6070428229772], [77.0684446448768, 28.60868679395915], [77.06630985379813, 28.608865096717288], [77.06501920682621, 28.607399408292313]]]}, "properties": {"h3_id": "893da112e33ffff", "eligible_devices": 17, "qualifying_events": 1, "events_1_to_3_hours": 1, "events_over_3_hours": 0, "worst_affected_devices": 12, "worst_affected_share": 0.7059, "longest_event_minutes": 75.0, "latest_event_start_ist": "2026-07-20 01:30:00", "latest_event_end_ist": "2026-07-20 02:45:00", "severity": "1_to_3_hours"}}, {"type": "Feature", "geometry": {"type": "Polygon", "coordinates": [[[77.04967655238823, 28.613400240711556], [77.05052115809576, 28.61175626282851], [77.05265615702194, 28.611578192001545], [77.053946646888, 28.613044078894134], [77.05310211576972, 28.614688096504747], [77.05096702019263, 28.61486618749606], [77.04967655238823, 28.613400240711556]]]}, "properties": {"h3_id": "893da112e93ffff", "eligible_devices": 76, "qualifying_events": 1, "events_1_to_3_hours": 0, "events_over_3_hours": 1, "worst_affected_devices": 60, "worst_affected_share": 0.7895, "longest_event_minutes": 185.0, "latest_event_start_ist": "2026-07-20 01:25:00", "latest_event_end_ist": "2026-07-20 04:30:00", "severity": "over_3_hours"}}, {"type": "Feature", "geometry": {"type": "Polygon", "coordinates": [[[77.06204020778159, 28.609221605440705], [77.06288443212782, 28.60757765255768], [77.06501920682621, 28.607399408292313], [77.06630985379813, 28.608865096717288], [77.0654657040615, 28.610509089303633], [77.06333083273982, 28.610687353762533], [77.06204020778159, 28.609221605440705]]]}, "properties": {"h3_id": "893da112eabffff", "eligible_devices": 21, "qualifying_events": 1, "events_1_to_3_hours": 1, "events_over_3_hours": 0, "worst_affected_devices": 17, "worst_affected_share": 0.8095, "longest_event_minutes": 75.0, "latest_event_start_ist": "2026-07-20 01:30:00", "latest_event_end_ist": "2026-07-20 02:45:00", "severity": "1_to_3_hours"}}, {"type": "Feature", "geometry": {"type": "Polygon", "coordinates": [[[77.0654657040615, 28.610509089303633], [77.06630985379813, 28.608865096717288], [77.0684446448768, 28.60868679395915], [77.06973538283806, 28.610152463585905], [77.06889130772215, 28.611796495869086], [77.06675642002072, 28.61197481882952], [77.0654657040615, 28.610509089303633]]]}, "properties": {"h3_id": "893da112eafffff", "eligible_devices": 13, "qualifying_events": 1, "events_1_to_3_hours": 1, "events_over_3_hours": 0, "worst_affected_devices": 12, "worst_affected_share": 0.9231, "longest_event_minutes": 75.0, "latest_event_start_ist": "2026-07-20 01:30:00", "latest_event_end_ist": "2026-07-20 02:45:00", "severity": "1_to_3_hours"}}, {"type": "Feature", "geometry": {"type": "Polygon", "coordinates": [[[77.05950727493907, 28.61415362985241], [77.06035162919018, 28.612509594091183], [77.06248658074914, 28.61233136794196], [77.06377727469426, 28.613797157366104], [77.06293299505774, 28.61544123283602], [77.06079794685799, 28.61561947917395], [77.05950727493907, 28.61415362985241]]]}, "properties": {"h3_id": "893da112eb3ffff", "eligible_devices": 113, "qualifying_events": 1, "events_1_to_3_hours": 1, "events_over_3_hours": 0, "worst_affected_devices": 81, "worst_affected_share": 0.7168, "longest_event_minutes": 70.0, "latest_event_start_ist": "2026-07-20 01:30:00", "latest_event_end_ist": "2026-07-20 02:40:00", "severity": "1_to_3_hours"}}, {"type": "Feature", "geometry": {"type": "Polygon", "coordinates": [[[77.01485407686002, 28.573822508123992], [77.01569910365353, 28.57217943991899], [77.01783308441564, 28.572002076025313], [77.01912213495993, 28.57346776026995], [77.0182771825831, 28.57511086826571], [77.01614310524177, 28.575288252226915], [77.01485407686002, 28.573822508123992]]]}, "properties": {"h3_id": "893da1131a7ffff", "eligible_devices": 13, "qualifying_events": 1, "events_1_to_3_hours": 0, "events_over_3_hours": 1, "worst_affected_devices": 11, "worst_affected_share": 0.8462, "longest_event_minutes": 190.0, "latest_event_start_ist": "2026-07-08 07:20:00", "latest_event_end_ist": "2026-07-08 10:30:00", "severity": "over_3_hours"}}, {"type": "Feature", "geometry": {"type": "Polygon", "coordinates": [[[77.23530581327527, 28.64185554556837], [77.23614584380964, 28.640210211062065], [77.23828038802283, 28.640029145399485], [77.23957499819724, 28.641493393616063], [77.23873504276088, 28.643138767493348], [77.23660040204862, 28.643319853783947], [77.23530581327527, 28.64185554556837]]]}, "properties": {"h3_id": "893da114193ffff", "eligible_devices": 86, "qualifying_events": 2, "events_1_to_3_hours": 2, "events_over_3_hours": 0, "worst_affected_devices": 85, "worst_affected_share": 0.9884, "longest_event_minutes": 115.0, "latest_event_start_ist": "2026-07-20 17:20:00", "latest_event_end_ist": "2026-07-20 19:10:00", "severity": "1_to_3_hours"}}, {"type": "Feature", "geometry": {"type": "Polygon", "coordinates": [[[77.23873504276088, 28.643138767493348], [77.23957499819724, 28.641493393616063], [77.24170955800088, 28.641312269291596], [77.24300425886301, 28.642776498208473], [77.24216437853572, 28.6444219114502], [77.2400297222337, 28.644603056411462], [77.23873504276088, 28.643138767493348]]]}, "properties": {"h3_id": "893da114197ffff", "eligible_devices": 20, "qualifying_events": 2, "events_1_to_3_hours": 2, "events_over_3_hours": 0, "worst_affected_devices": 18, "worst_affected_share": 0.9, "longest_event_minutes": 115.0, "latest_event_start_ist": "2026-07-20 17:25:00", "latest_event_end_ist": "2026-07-20 19:15:00", "severity": "1_to_3_hours"}}, {"type": "Feature", "geometry": {"type": "Polygon", "coordinates": [[[77.22295168832642, 28.646051055453253], [77.22379210087055, 28.644405694512134], [77.22592687209898, 28.64422480166162], [77.22722132730678, 28.645689249154103], [77.22638098984066, 28.647334649490567], [77.22424612208522, 28.647515562940058], [77.22295168832642, 28.646051055453253]]]}, "properties": {"h3_id": "893da114503ffff", "eligible_devices": 19, "qualifying_events": 1, "events_1_to_3_hours": 0, "events_over_3_hours": 1, "worst_affected_devices": 15, "worst_affected_share": 0.7895, "longest_event_minutes": 315.0, "latest_event_start_ist": "2026-07-28 02:50:00", "latest_event_end_ist": "2026-07-28 08:05:00", "severity": "over_3_hours"}}, {"type": "Feature", "geometry": {"type": "Polygon", "coordinates": [[[77.21997632137084, 28.647877293087124], [77.22081683623553, 28.64623191023111], [77.22295168832642, 28.646051055453253], [77.22424612208522, 28.647515562940058], [77.22340568229556, 28.64916098519736], [77.22127073366855, 28.649341860567414], [77.21997632137084, 28.647877293087124]]]}, "properties": {"h3_id": "893da114513ffff", "eligible_devices": 29, "qualifying_events": 2, "events_1_to_3_hours": 1, "events_over_3_hours": 1, "worst_affected_devices": 26, "worst_affected_share": 0.8966, "longest_event_minutes": 320.0, "latest_event_start_ist": "2026-07-28 02:50:00", "latest_event_end_ist": "2026-07-28 08:10:00", "severity": "over_3_hours"}}, {"type": "Feature", "geometry": {"type": "Polygon", "coordinates": [[[77.23576034430518, 28.644965249621833], [77.23660040204862, 28.643319853783947], [77.23873504276088, 28.643138767493348], [77.2400297222337, 28.644603056411462], [77.23918973959638, 28.646248491619726], [77.23705500237661, 28.64642959854037], [77.23576034430518, 28.644965249621833]]]}, "properties": {"h3_id": "893da11452fffff", "eligible_devices": 11, "qualifying_events": 2, "events_1_to_3_hours": 2, "events_over_3_hours": 0, "worst_affected_devices": 10, "worst_affected_share": 0.9091, "longest_event_minutes": 115.0, "latest_event_start_ist": "2026-07-20 17:25:00", "latest_event_end_ist": "2026-07-20 19:10:00", "severity": "1_to_3_hours"}}, {"type": "Feature", "geometry": {"type": "Polygon", "coordinates": [[[77.28858909298026, 28.629455958885096], [77.28942754764867, 28.62781063088822], [77.29156129400332, 28.62762879570034], [77.29285668208084, 28.629092267755322], [77.29201830260922, 28.630737635018498], [77.2898844598598, 28.630919490961254], [77.28858909298026, 28.629455958885096]]]}, "properties": {"h3_id": "893da114803ffff", "eligible_devices": 171, "qualifying_events": 2, "events_1_to_3_hours": 2, "events_over_3_hours": 0, "worst_affected_devices": 126, "worst_affected_share": 0.7368, "longest_event_minutes": 125.0, "latest_event_start_ist": "2026-07-22 20:10:00", "latest_event_end_ist": "2026-07-22 21:25:00", "severity": "1_to_3_hours"}}, {"type": "Feature", "geometry": {"type": "Polygon", "coordinates": [[[77.29201830260922, 28.630737635018498], [77.29285668208084, 28.629092267755322], [77.29499044377229, 28.628910373916064], [77.29628592238271, 28.63037382657722], [77.29544761811891, 28.63201923310017], [77.29331376003337, 28.632201147703064], [77.29201830260922, 28.630737635018498]]]}, "properties": {"h3_id": "893da114807ffff", "eligible_devices": 158, "qualifying_events": 2, "events_1_to_3_hours": 2, "events_over_3_hours": 0, "worst_affected_devices": 143, "worst_affected_share": 0.9051, "longest_event_minutes": 130.0, "latest_event_start_ist": "2026-07-22 20:10:00", "latest_event_end_ist": "2026-07-22 21:45:00", "severity": "1_to_3_hours"}}, {"type": "Feature", "geometry": {"type": "Polygon", "coordinates": [[[77.28904597813485, 28.63256488034461], [77.2898844598598, 28.630919490961254], [77.29201830260922, 28.630737635018498], [77.29331376003337, 28.632201147703064], [77.29247535351334, 28.63384657635213], [77.29034141436073, 28.634028453051783], [77.28904597813485, 28.63256488034461]]]}, "properties": {"h3_id": "893da114817ffff", "eligible_devices": 35, "qualifying_events": 2, "events_1_to_3_hours": 2, "events_over_3_hours": 0, "worst_affected_devices": 32, "worst_affected_share": 0.9143, "longest_event_minutes": 130.0, "latest_event_start_ist": "2026-07-22 20:10:00", "latest_event_end_ist": "2026-07-22 21:45:00", "severity": "1_to_3_hours"}}, {"type": "Feature", "geometry": {"type": "Polygon", "coordinates": [[[77.27967139014511, 28.634937353636467], [77.2805101515842, 28.63329195933068], [77.2826441410521, 28.633110237874867], [77.28393946549953, 28.634573889991028], [77.28310077924841, 28.636219323580953], [77.2809666933584, 28.63640106577143], [77.27967139014511, 28.634937353636467]]]}, "properties": {"h3_id": "893da11489bffff", "eligible_devices": 7, "qualifying_events": 1, "events_1_to_3_hours": 1, "events_over_3_hours": 0, "worst_affected_devices": 5, "worst_affected_share": 0.7143, "longest_event_minutes": 95.0, "latest_event_start_ist": "2026-07-20 17:00:00", "latest_event_end_ist": "2026-07-20 18:35:00", "severity": "1_to_3_hours"}}, {"type": "Feature", "geometry": {"type": "Polygon", "coordinates": [[[77.29247535351334, 28.63384657635213], [77.29331376003337, 28.632201147703064], [77.29544761811891, 28.63201923310017], [77.2967431660834, 28.633482726381537], [77.2959048347793, 28.63512819428976], [77.29377088029128, 28.635310129658322], [77.29247535351334, 28.63384657635213]]]}, "properties": {"h3_id": "893da1148abffff", "eligible_devices": 121, "qualifying_events": 2, "events_1_to_3_hours": 2, "events_over_3_hours": 0, "worst_affected_devices": 104, "worst_affected_share": 0.8595, "longest_event_minutes": 130.0, "latest_event_start_ist": "2026-07-22 20:10:00", "latest_event_end_ist": "2026-07-22 21:45:00", "severity": "1_to_3_hours"}}, {"type": "Feature", "geometry": {"type": "Polygon", "coordinates": [[[77.2959048347793, 28.63512819428976], [77.2967431660834, 28.633482726381537], [77.29887703948967, 28.63330075311346], [77.30017267799018, 28.634764226980007], [77.29933442191309, 28.636409734140834], [77.29720045210499, 28.636591728183358], [77.2959048347793, 28.63512819428976]]]}, "properties": {"h3_id": "893da1148afffff", "eligible_devices": 69, "qualifying_events": 2, "events_1_to_3_hours": 2, "events_over_3_hours": 0, "worst_affected_devices": 55, "worst_affected_share": 0.7971, "longest_event_minutes": 130.0, "latest_event_start_ist": "2026-07-22 20:10:00", "latest_event_end_ist": "2026-07-22 21:45:00", "severity": "1_to_3_hours"}}, {"type": "Feature", "geometry": {"type": "Polygon", "coordinates": [[[77.29179140764352, 28.60715121694596], [77.292629495632, 28.6055063017182], [77.29476250180132, 28.605324515328498], [77.2960575163046, 28.60678762341129], [77.29521950347002, 28.60843257789715], [77.29308640097476, 28.60861438504297], [77.29179140764352, 28.60715121694596]]]}, "properties": {"h3_id": "893da114a3bffff", "eligible_devices": 7, "qualifying_events": 1, "events_1_to_3_hours": 0, "events_over_3_hours": 1, "worst_affected_devices": 5, "worst_affected_share": 0.7143, "longest_event_minutes": 190.0, "latest_event_start_ist": "2026-07-25 07:15:00", "latest_event_end_ist": "2026-07-25 10:25:00", "severity": "over_3_hours"}}, {"type": "Feature", "geometry": {"type": "Polygon", "coordinates": [[[77.32264807678185, 28.618680658275384], [77.32348548798778, 28.617035389960662], [77.3256186314093, 28.6168530760678], [77.32691445994101, 28.618316009655498], [77.3260771239883, 28.619961317169334], [77.32394388424713, 28.62014365189721], [77.32264807678185, 28.618680658275384]]]}, "properties": {"h3_id": "893da114b27ffff", "eligible_devices": 7, "qualifying_events": 1, "events_1_to_3_hours": 1, "events_over_3_hours": 0, "worst_affected_devices": 6, "worst_affected_share": 0.8571, "longest_event_minutes": 70.0, "latest_event_start_ist": "2026-07-03 13:30:00", "latest_event_end_ist": "2026-07-03 14:40:00", "severity": "1_to_3_hours"}}, {"type": "Feature", "geometry": {"type": "Polygon", "coordinates": [[[77.30550442559613, 28.612276193045147], [77.30634221290273, 28.610631120824316], [77.30847528022652, 28.61044910003912], [77.30977065656336, 28.61191213068445], [77.30893294445481, 28.613557242137176], [77.30679978080786, 28.61373928371354], [77.30550442559613, 28.612276193045147]]]}, "properties": {"h3_id": "893da114b57ffff", "eligible_devices": 21, "qualifying_events": 1, "events_1_to_3_hours": 1, "events_over_3_hours": 0, "worst_affected_devices": 15, "worst_affected_share": 0.7143, "longest_event_minutes": 70.0, "latest_event_start_ist": "2026-07-28 12:45:00", "latest_event_end_ist": "2026-07-28 13:55:00", "severity": "1_to_3_hours"}}, {"type": "Feature", "geometry": {"type": "Polygon", "coordinates": [[[77.31830285515423, 28.61118362024976], [77.31914028767652, 28.609538514013845], [77.32127322329374, 28.60935630039894], [77.32256882268868, 28.610819172198674], [77.32173146539232, 28.61246431764148], [77.31959843347158, 28.612646552078544], [77.31830285515423, 28.61118362024976]]]}, "properties": {"h3_id": "893da114b67ffff", "eligible_devices": 8, "qualifying_events": 1, "events_1_to_3_hours": 1, "events_over_3_hours": 0, "worst_affected_devices": 7, "worst_affected_share": 0.875, "longest_event_minutes": 90.0, "latest_event_start_ist": "2026-07-09 11:20:00", "latest_event_end_ist": "2026-07-09 12:50:00", "severity": "1_to_3_hours"}}, {"type": "Feature", "geometry": {"type": "Polygon", "coordinates": [[[77.30687717533107, 28.621601172177265], [77.30771504363368, 28.619955915683708], [77.30984839995224, 28.61977383251885], [77.31114398431316, 28.621236985051137], [77.31030619123298, 28.622882280774753], [77.30817273856596, 28.623064384736903], [77.30687717533107, 28.621601172177265]]]}, "properties": {"h3_id": "893da114b8fffff", "eligible_devices": 49, "qualifying_events": 1, "events_1_to_3_hours": 0, "events_over_3_hours": 1, "worst_affected_devices": 39, "worst_affected_share": 0.7959, "longest_event_minutes": 280.0, "latest_event_start_ist": "2026-07-12 09:10:00", "latest_event_end_ist": "2026-07-12 13:50:00", "severity": "over_3_hours"}}, {"type": "Feature", "geometry": {"type": "Polygon", "coordinates": [[[77.27075203764105, 28.640418605727426], [77.27159110590937, 28.638773145214063], [77.27372533844051, 28.63859153758446], [77.27502059914934, 28.64005536975466], [77.27418160606022, 28.64170086956999], [77.27204727707958, 28.641882497914015], [77.27075203764105, 28.640418605727426]]]}, "properties": {"h3_id": "893da114c0fffff", "eligible_devices": 9, "qualifying_events": 1, "events_1_to_3_hours": 1, "events_over_3_hours": 0, "worst_affected_devices": 7, "worst_affected_share": 0.7778, "longest_event_minutes": 105.0, "latest_event_start_ist": "2026-07-20 17:00:00", "latest_event_end_ist": "2026-07-20 18:45:00", "severity": "1_to_3_hours"}}, {"type": "Feature", "geometry": {"type": "Polygon", "coordinates": [[[77.27326911305472, 28.635482307604946], [77.27410805193773, 28.633836930515365], [77.27624210702145, 28.633655305652358], [77.27753731965056, 28.63511903716067], [77.27669845594156, 28.636764453546906], [77.27456430442592, 28.636946099129037], [77.27326911305472, 28.635482307604946]]]}, "properties": {"h3_id": "893da114c63ffff", "eligible_devices": 6, "qualifying_events": 1, "events_1_to_3_hours": 1, "events_over_3_hours": 0, "worst_affected_devices": 5, "worst_affected_share": 0.8333, "longest_event_minutes": 100.0, "latest_event_start_ist": "2026-07-20 17:00:00", "latest_event_end_ist": "2026-07-20 18:40:00", "severity": "1_to_3_hours"}}, {"type": "Feature", "geometry": {"type": "Polygon", "coordinates": [[[77.27029593580816, 28.63730929367499], [77.27113497696462, 28.635663894522146], [77.27326911305472, 28.635482307604946], [77.27456430442592, 28.636946099129037], [77.27372533844051, 28.63859153758446], [77.27159110590937, 28.638773145214063], [77.27029593580816, 28.63730929367499]]]}, "properties": {"h3_id": "893da114c73ffff", "eligible_devices": 8, "qualifying_events": 1, "events_1_to_3_hours": 1, "events_over_3_hours": 0, "worst_affected_devices": 8, "worst_affected_share": 1.0, "longest_event_minutes": 120.0, "latest_event_start_ist": "2026-07-20 17:00:00", "latest_event_end_ist": "2026-07-20 19:00:00", "severity": "1_to_3_hours"}}, {"type": "Feature", "geometry": {"type": "Polygon", "coordinates": [[[77.295675894681, 28.655612020954152], [77.29651449057667, 28.653966162769855], [77.29864902365686, 28.653784102764455], [77.29994505729947, 28.655247880164275], [77.29910653667665, 28.65689377760341], [77.29697190713489, 28.657075858388755], [77.295675894681, 28.655612020954152]]]}, "properties": {"h3_id": "893da114dabffff", "eligible_devices": 14, "qualifying_events": 12, "events_1_to_3_hours": 0, "events_over_3_hours": 12, "worst_affected_devices": 13, "worst_affected_share": 0.9286, "longest_event_minutes": 2180.0, "latest_event_start_ist": "2026-07-29 20:55:00", "latest_event_end_ist": "2026-07-30 08:50:00", "severity": "over_3_hours"}}, {"type": "Feature", "geometry": {"type": "Polygon", "coordinates": [[[77.2927025822453, 28.657439923271063], [77.2935412804698, 28.655794043009134], [77.295675894681, 28.655612020954152], [77.29697190713489, 28.657075858388755], [77.29613328418033, 28.658721777911488], [77.29399857349841, 28.658903820739678], [77.2927025822453, 28.657439923271063]]]}, "properties": {"h3_id": "893da114dbbffff", "eligible_devices": 9, "qualifying_events": 1, "events_1_to_3_hours": 0, "events_over_3_hours": 1, "worst_affected_devices": 9, "worst_affected_share": 1.0, "longest_event_minutes": 270.0, "latest_event_start_ist": "2026-07-07 02:05:00", "latest_event_end_ist": "2026-07-07 06:35:00", "severity": "over_3_hours"}}, {"type": "Feature", "geometry": {"type": "Polygon", "coordinates": [[[77.16863361333321, 28.58454825107443], [77.1694746929222, 28.58290430151787], [77.17160789282777, 28.582724515938203], [77.17290010955833, 28.58418865946805], [77.17205910477892, 28.58583264851951], [77.16992580845587, 28.586012454547088], [77.16863361333321, 28.58454825107443]]]}, "properties": {"h3_id": "893da115403ffff", "eligible_devices": 11, "qualifying_events": 1, "events_1_to_3_hours": 1, "events_over_3_hours": 0, "worst_affected_devices": 10, "worst_affected_share": 0.9091, "longest_event_minutes": 95.0, "latest_event_start_ist": "2026-07-08 02:15:00", "latest_event_end_ist": "2026-07-08 03:50:00", "severity": "1_to_3_hours"}}, {"type": "Feature", "geometry": {"type": "Polygon", "coordinates": [[[77.1656591511624, 28.586371970087455], [77.16650033289801, 28.584727998624466], [77.16863361333321, 28.58454825107443], [77.16992580845587, 28.586012454547088], [77.16908470152688, 28.587656465510904], [77.16695132466512, 28.5878362335021], [77.1656591511624, 28.586371970087455]]]}, "properties": {"h3_id": "893da115413ffff", "eligible_devices": 18, "qualifying_events": 1, "events_1_to_3_hours": 1, "events_over_3_hours": 0, "worst_affected_devices": 15, "worst_affected_share": 0.8333, "longest_event_minutes": 95.0, "latest_event_start_ist": "2026-07-08 02:15:00", "latest_event_end_ist": "2026-07-08 03:50:00", "severity": "1_to_3_hours"}}, {"type": "Feature", "geometry": {"type": "Polygon", "coordinates": [[[77.16908470152688, 28.587656465510904], [77.16992580845587, 28.586012454547088], [77.17205910477892, 28.58583264851951], [77.17335139059546, 28.587296833006672], [77.17251035848413, 28.588940883464815], [77.17037696573513, 28.58912070994233], [77.16908470152688, 28.587656465510904]]]}, "properties": {"h3_id": "893da115417ffff", "eligible_devices": 13, "qualifying_events": 1, "events_1_to_3_hours": 1, "events_over_3_hours": 0, "worst_affected_devices": 10, "worst_affected_share": 0.7692, "longest_event_minutes": 90.0, "latest_event_start_ist": "2026-07-08 02:15:00", "latest_event_end_ist": "2026-07-08 03:45:00", "severity": "1_to_3_hours"}}, {"type": "Feature", "geometry": {"type": "Polygon", "coordinates": [[[77.16799969967566, 28.55786314204916], [77.16884045852872, 28.556219705923237], [77.17097280693538, 28.55604004588942], [77.17226449282639, 28.557503801543785], [77.17142380872136, 28.559147277163277], [77.16929136397377, 28.559326957635687], [77.16799969967566, 28.55786314204916]]]}, "properties": {"h3_id": "893da115673ffff", "eligible_devices": 12, "qualifying_events": 1, "events_1_to_3_hours": 0, "events_over_3_hours": 1, "worst_affected_devices": 11, "worst_affected_share": 0.9167, "longest_event_minutes": 240.0, "latest_event_start_ist": "2026-07-28 12:40:00", "latest_event_end_ist": "2026-07-28 16:40:00", "severity": "over_3_hours"}}, {"type": "Feature", "geometry": {"type": "Polygon", "coordinates": [[[77.17622789854705, 28.681491483314325], [77.17707000379147, 28.679845650634427], [77.17920626149899, 28.679665327218846], [77.18050051064812, 28.68113081598937], [77.17965848045007, 28.682776688158526], [77.17752212605299, 28.682957032068767], [77.17622789854705, 28.681491483314325]]]}, "properties": {"h3_id": "893da116097ffff", "eligible_devices": 16, "qualifying_events": 1, "events_1_to_3_hours": 1, "events_over_3_hours": 0, "worst_affected_devices": 16, "worst_affected_share": 1.0, "longest_event_minutes": 155.0, "latest_event_start_ist": "2026-07-14 06:35:00", "latest_event_end_ist": "2026-07-14 09:10:00", "severity": "1_to_3_hours"}}, {"type": "Feature", "geometry": {"type": "Polygon", "coordinates": [[[77.18904547511204, 28.680409093374607], [77.18988722537404, 28.67876322522737], [77.19202335317728, 28.678582707856275], [77.19331782738512, 28.680048038107476], [77.19247615219773, 28.681693945718997], [77.19033992772437, 28.6818744836159], [77.18904547511204, 28.680409093374607]]]}, "properties": {"h3_id": "893da1160a7ffff", "eligible_devices": 5, "qualifying_events": 1, "events_1_to_3_hours": 1, "events_over_3_hours": 0, "worst_affected_devices": 5, "worst_affected_share": 1.0, "longest_event_minutes": 110.0, "latest_event_start_ist": "2026-07-07 17:15:00", "latest_event_end_ist": "2026-07-07 19:05:00", "severity": "1_to_3_hours"}}, {"type": "Feature", "geometry": {"type": "Polygon", "coordinates": [[[77.17144188810265, 28.670872545063048], [77.17228398616747, 28.669226935572414], [77.17441993795579, 28.66904673234192], [77.17571388834052, 28.670512118123064], [77.17487186528665, 28.672157767111237], [77.17273581683358, 28.672337990821585], [77.17144188810265, 28.670872545063048]]]}, "properties": {"h3_id": "893da1160c3ffff", "eligible_devices": 7, "qualifying_events": 2, "events_1_to_3_hours": 2, "events_over_3_hours": 0, "worst_affected_devices": 5, "worst_affected_share": 0.7143, "longest_event_minutes": 125.0, "latest_event_start_ist": "2026-07-11 08:15:00", "latest_event_end_ist": "2026-07-11 09:35:00", "severity": "1_to_3_hours"}}, {"type": "Feature", "geometry": {"type": "Polygon", "coordinates": [[[77.19681299195103, 28.689201541814608], [77.19765464675037, 28.68755547229726], [77.19979099953234, 28.68737479633739], [77.20108579419728, 28.688840169348307], [77.20024421451106, 28.690486278315657], [77.19810776504325, 28.69066697482294], [77.19681299195103, 28.689201541814608]]]}, "properties": {"h3_id": "893da116193ffff", "eligible_devices": 8, "qualifying_events": 1, "events_1_to_3_hours": 0, "events_over_3_hours": 1, "worst_affected_devices": 7, "worst_affected_share": 0.875, "longest_event_minutes": 350.0, "latest_event_start_ist": "2026-07-07 01:45:00", "latest_event_end_ist": "2026-07-07 07:35:00", "severity": "over_3_hours"}}, {"type": "Feature", "geometry": {"type": "Polygon", "coordinates": [[[77.1950010479759, 28.67675630589236], [77.19584259338524, 28.675110481294976], [77.1979785595087, 28.67492988750463], [77.19927307687122, 28.676395097773142], [77.1984316065425, 28.678040961822916], [77.19629554376712, 28.67822157615263], [77.1950010479759, 28.67675630589236]]]}, "properties": {"h3_id": "893da1161cbffff", "eligible_devices": 5, "qualifying_events": 2, "events_1_to_3_hours": 1, "events_over_3_hours": 1, "worst_affected_devices": 5, "worst_affected_share": 1.0, "longest_event_minutes": 220.0, "latest_event_start_ist": "2026-07-13 14:25:00", "latest_event_end_ist": "2026-07-13 16:20:00", "severity": "over_3_hours"}}, {"type": "Feature", "geometry": {"type": "Polygon", "coordinates": [[[77.18244851540099, 28.657347922351093], [77.18329014915679, 28.655702522442894], [77.1854255846628, 28.65552220737692], [77.18671948302091, 28.656987271717064], [77.18587792427186, 28.658632711100225], [77.18374239215444, 28.658813046669138], [77.18244851540099, 28.657347922351093]]]}, "properties": {"h3_id": "893da1162a3ffff", "eligible_devices": 10, "qualifying_events": 2, "events_1_to_3_hours": 0, "events_over_3_hours": 2, "worst_affected_devices": 7, "worst_affected_share": 0.7, "longest_event_minutes": 1530.0, "latest_event_start_ist": "2026-07-05 00:05:00", "latest_event_end_ist": "2026-07-05 16:20:00", "severity": "over_3_hours"}}, {"type": "Feature", "geometry": {"type": "Polygon", "coordinates": [[[77.21150262009067, 28.656466166108274], [77.21234346923923, 28.65482065628048], [77.2144786604473, 28.654639895211474], [77.21577309907516, 28.656104623397177], [77.21493232500082, 28.657750172643492], [77.21279703722085, 28.65793095428644], [77.21150262009067, 28.656466166108274]]]}, "properties": {"h3_id": "893da11632bffff", "eligible_devices": 10, "qualifying_events": 1, "events_1_to_3_hours": 1, "events_over_3_hours": 0, "worst_affected_devices": 8, "worst_affected_share": 0.8, "longest_event_minutes": 80.0, "latest_event_start_ist": "2026-07-22 17:50:00", "latest_event_end_ist": "2026-07-22 19:10:00", "severity": "1_to_3_hours"}}, {"type": "Feature", "geometry": {"type": "Polygon", "coordinates": [[[77.20464352985107, 28.65389791916518], [77.20548452911478, 28.652252488194037], [77.2076196888607, 28.652071844492802], [77.20891394591257, 28.653536611207198], [77.20807302170088, 28.65518208160993], [77.2059377653818, 28.65536274586754], [77.20464352985107, 28.65389791916518]]]}, "properties": {"h3_id": "893da116373ffff", "eligible_devices": 11, "qualifying_events": 1, "events_1_to_3_hours": 1, "events_over_3_hours": 0, "worst_affected_devices": 8, "worst_affected_share": 0.7273, "longest_event_minutes": 85.0, "latest_event_start_ist": "2026-07-22 17:45:00", "latest_event_end_ist": "2026-07-22 19:10:00", "severity": "1_to_3_hours"}}, {"type": "Feature", "geometry": {"type": "Polygon", "coordinates": [[[77.20004967169038, 28.666881773534218], [77.20089095762388, 28.665236115049037], [77.20302656880305, 28.665055485981064], [77.20432099066197, 28.666520494850253], [77.20347977979884, 28.668166192777143], [77.2013440720029, 28.668346842393987], [77.20004967169038, 28.666881773534218]]]}, "properties": {"h3_id": "893da116387ffff", "eligible_devices": 5, "qualifying_events": 4, "events_1_to_3_hours": 1, "events_over_3_hours": 3, "worst_affected_devices": 5, "worst_affected_share": 1.0, "longest_event_minutes": 25070.0, "latest_event_start_ist": "2026-07-14 14:10:00", "latest_event_end_ist": "2026-08-01 00:00:00", "severity": "over_3_hours"}}, {"type": "Feature", "geometry": {"type": "Polygon", "coordinates": [[[77.19318977539213, 28.664312701103835], [77.19403121143307, 28.662667121521658], [77.19616679103363, 28.6624866098686], [77.19746103120771, 28.66395165726726], [77.19661967021493, 28.66559727630421], [77.19448399399636, 28.66577780848857], [77.19318977539213, 28.664312701103835]]]}, "properties": {"h3_id": "893da11639bffff", "eligible_devices": 11, "qualifying_events": 2, "events_1_to_3_hours": 1, "events_over_3_hours": 1, "worst_affected_devices": 10, "worst_affected_share": 0.9091, "longest_event_minutes": 420.0, "latest_event_start_ist": "2026-07-21 00:50:00", "latest_event_end_ist": "2026-07-21 07:50:00", "severity": "over_3_hours"}}, {"type": "Feature", "geometry": {"type": "Polygon", "coordinates": [[[77.1732493523615, 28.683317622879613], [77.17409156004886, 28.681671768476235], [77.17622789854705, 28.681491483314325], [77.17752212605299, 28.682957032068767], [77.176679993409, 28.684602925967326], [77.17454355821215, 28.684783231617118], [77.1732493523615, 28.683317622879613]]]}, "properties": {"h3_id": "893da11642fffff", "eligible_devices": 48, "qualifying_events": 1, "events_1_to_3_hours": 1, "events_over_3_hours": 0, "worst_affected_devices": 47, "worst_affected_share": 0.9792, "longest_event_minutes": 145.0, "latest_event_start_ist": "2026-07-14 06:35:00", "latest_event_end_ist": "2026-07-14 09:00:00", "severity": "1_to_3_hours"}}, {"type": "Feature", "geometry": {"type": "Polygon", "coordinates": [[[77.15266775105962, 28.675604166938996], [77.15351040877367, 28.673958549644002], [77.15564665155587, 28.67377861686475], [77.15694033332281, 28.675244280946234], [77.1560977505854, 28.676889937775616], [77.1539614111009, 28.677069890989983], [77.15266775105962, 28.675604166938996]]]}, "properties": {"h3_id": "893da11645bffff", "eligible_devices": 9, "qualifying_events": 1, "events_1_to_3_hours": 1, "events_over_3_hours": 0, "worst_affected_devices": 8, "worst_affected_share": 0.8889, "longest_event_minutes": 80.0, "latest_event_start_ist": "2026-07-09 04:45:00", "latest_event_end_ist": "2026-07-09 06:05:00", "severity": "1_to_3_hours"}}, {"type": "Feature", "geometry": {"type": "Polygon", "coordinates": [[[77.16936705529503, 28.678920839646885], [77.17020931059886, 28.677275085965086], [77.17234553649197, 28.677094880023457], [77.17363960376852, 28.678560407287414], [77.17279742348882, 28.68020620047153], [77.17066110090492, 28.680386426890223], [77.16936705529503, 28.678920839646885]]]}, "properties": {"h3_id": "893da116467ffff", "eligible_devices": 19, "qualifying_events": 1, "events_1_to_3_hours": 1, "events_over_3_hours": 0, "worst_affected_devices": 17, "worst_affected_share": 0.8947, "longest_event_minutes": 140.0, "latest_event_start_ist": "2026-07-14 01:15:00", "latest_event_end_ist": "2026-07-14 03:35:00", "severity": "1_to_3_hours"}}, {"type": "Feature", "geometry": {"type": "Polygon", "coordinates": [[[77.176679993409, 28.684602925967326], [77.17752212605299, 28.682957032068767], [77.17965848045007, 28.682776688158526], [77.18095279889769, 28.684242217651047], [77.1801107413082, 28.685888151038274], [77.17797429021306, 28.68606851544518], [77.176679993409, 28.684602925967326]]]}, "properties": {"h3_id": "893da11655bffff", "eligible_devices": 6, "qualifying_events": 1, "events_1_to_3_hours": 1, "events_over_3_hours": 0, "worst_affected_devices": 6, "worst_affected_share": 1.0, "longest_event_minutes": 150.0, "latest_event_start_ist": "2026-07-14 06:35:00", "latest_event_end_ist": "2026-07-14 09:05:00", "severity": "1_to_3_hours"}}, {"type": "Feature", "geometry": {"type": "Polygon", "coordinates": [[[77.19338187611812, 28.68791672721451], [77.19422360601943, 28.686270697153724], [77.19635994299409, 28.68609007996398], [77.19765464675037, 28.68755547229726], [77.19681299195103, 28.689201541814608], [77.19467655828993, 28.689382179542967], [77.19338187611812, 28.68791672721451]]]}, "properties": {"h3_id": "893da116567ffff", "eligible_devices": 7, "qualifying_events": 2, "events_1_to_3_hours": 0, "events_over_3_hours": 2, "worst_affected_devices": 7, "worst_affected_share": 1.0, "longest_event_minutes": 18645.0, "latest_event_start_ist": "2026-07-19 01:15:00", "latest_event_end_ist": "2026-08-01 00:00:00", "severity": "over_3_hours"}}, {"type": "Feature", "geometry": {"type": "Polygon", "coordinates": [[[77.178941096292, 28.700161667995516], [77.17978336595418, 28.698515468093042], [77.18192020392635, 28.69833502167937], [77.18321486897328, 28.69980075466232], [77.18237267440617, 28.701446994050503], [77.18023573969353, 28.701627460970887], [77.178941096292, 28.700161667995516]]]}, "properties": {"h3_id": "893da116583ffff", "eligible_devices": 19, "qualifying_events": 1, "events_1_to_3_hours": 0, "events_over_3_hours": 1, "worst_affected_devices": 19, "worst_affected_share": 1.0, "longest_event_minutes": 195.0, "latest_event_start_ist": "2026-07-11 10:30:00", "latest_event_end_ist": "2026-07-11 13:45:00", "severity": "over_3_hours"}}, {"type": "Feature", "geometry": {"type": "Polygon", "coordinates": [[[77.17803652940108, 28.693937865487335], [77.1788787442519, 28.692291787968532], [77.18101538876859, 28.69211138256226], [77.18230991515442, 28.69357703417296], [77.18146777538242, 28.69522315117865], [77.17933103414224, 28.695403577087614], [77.17803652940108, 28.693937865487335]]]}, "properties": {"h3_id": "893da1165c7ffff", "eligible_devices": 22, "qualifying_events": 2, "events_1_to_3_hours": 2, "events_over_3_hours": 0, "worst_affected_devices": 19, "worst_affected_share": 0.8636, "longest_event_minutes": 130.0, "latest_event_start_ist": "2026-07-22 20:05:00", "latest_event_end_ist": "2026-07-22 21:45:00", "severity": "1_to_3_hours"}}, {"type": "Feature", "geometry": {"type": "Polygon", "coordinates": [[[77.26982207431176, 28.678283660591955], [77.27066164569052, 28.676637481539643], [77.27279710184567, 28.676455722024524], [77.27409308317922, 28.677920120839307], [77.27325358706317, 28.679566339198782], [77.27111803434735, 28.679748119437182], [77.26982207431176, 28.678283660591955]]]}, "properties": {"h3_id": "893da116943ffff", "eligible_devices": 11, "qualifying_events": 1, "events_1_to_3_hours": 0, "events_over_3_hours": 1, "worst_affected_devices": 8, "worst_affected_share": 0.7273, "longest_event_minutes": 255.0, "latest_event_start_ist": "2026-07-04 08:10:00", "latest_event_end_ist": "2026-07-04 12:25:00", "severity": "over_3_hours"}}, {"type": "Feature", "geometry": {"type": "Polygon", "coordinates": [[[77.27210430466467, 28.69383817460702], [77.27294401178949, 28.692191689221207], [77.2750799508326, 28.69200982606942], [77.27637627935034, 28.693474427570877], [77.2755366475289, 28.695120952260776], [77.2734006118828, 28.695302836145995], [77.27210430466467, 28.69383817460702]]]}, "properties": {"h3_id": "893da116987ffff", "eligible_devices": 10, "qualifying_events": 1, "events_1_to_3_hours": 1, "events_over_3_hours": 0, "worst_affected_devices": 7, "worst_affected_share": 0.7, "longest_event_minutes": 140.0, "latest_event_start_ist": "2026-07-22 07:20:00", "latest_event_end_ist": "2026-07-22 09:40:00", "severity": "1_to_3_hours"}}, {"type": "Feature", "geometry": {"type": "Polygon", "coordinates": [[[77.26067985309217, 28.66016629953845], [77.26151943916872, 28.658520505608458], [77.26365438170089, 28.658338967131698], [77.26494983467276, 28.659803201890238], [77.2641103237961, 28.661449035143562], [77.26197528474417, 28.661630594315877], [77.26067985309217, 28.66016629953845]]]}, "properties": {"h3_id": "893da116bcbffff", "eligible_devices": 9, "qualifying_events": 29, "events_1_to_3_hours": 0, "events_over_3_hours": 29, "worst_affected_devices": 9, "worst_affected_share": 1.0, "longest_event_minutes": 2220.0, "latest_event_start_ist": "2026-07-31 19:45:00", "latest_event_end_ist": "2026-08-01 00:00:00", "severity": "over_3_hours"}}, {"type": "Feature", "geometry": {"type": "Polygon", "coordinates": [[[77.2641103237961, 28.661449035143562], [77.26494983467276, 28.659803201890238], [77.26708479268581, 28.65962160468978], [77.2683803363378, 28.661085820039176], [77.2675409006721, 28.662731692609267], [77.26540584613996, 28.662913310514057], [77.2641103237961, 28.661449035143562]]]}, "properties": {"h3_id": "893da116bcfffff", "eligible_devices": 7, "qualifying_events": 2, "events_1_to_3_hours": 0, "events_over_3_hours": 2, "worst_affected_devices": 5, "worst_affected_share": 0.7143, "longest_event_minutes": 485.0, "latest_event_start_ist": "2026-07-22 02:00:00", "latest_event_end_ist": "2026-07-22 09:15:00", "severity": "over_3_hours"}}, {"type": "Feature", "geometry": {"type": "Polygon", "coordinates": [[[77.2528793354275, 28.69547343695848], [77.2537195757498, 28.69382700379542], [77.25585571165603, 28.69364543141917], [77.25715170386883, 28.695110271520072], [77.25631153880778, 28.696756744024764], [77.25417530626915, 28.696938337087794], [77.2528793354275, 28.69547343695848]]]}, "properties": {"h3_id": "893da116d0bffff", "eligible_devices": 7, "qualifying_events": 1, "events_1_to_3_hours": 1, "events_over_3_hours": 0, "worst_affected_devices": 7, "worst_affected_share": 1.0, "longest_event_minutes": 95.0, "latest_event_start_ist": "2026-07-01 05:50:00", "latest_event_end_ist": "2026-07-01 07:25:00", "severity": "1_to_3_hours"}}, {"type": "Feature", "geometry": {"type": "Polygon", "coordinates": [[[77.21583978017094, 28.663971033497248], [77.21668060879976, 28.662325361680317], [77.21881600886682, 28.662144500752333], [77.2201106768897, 28.663609291055383], [77.21926992336242, 28.6652550022831], [77.21713442670719, 28.665435883797834], [77.21583978017094, 28.663971033497248]]]}, "properties": {"h3_id": "893da116ecbffff", "eligible_devices": 10, "qualifying_events": 30, "events_1_to_3_hours": 1, "events_over_3_hours": 29, "worst_affected_devices": 9, "worst_affected_share": 0.9, "longest_event_minutes": 1125.0, "latest_event_start_ist": "2026-07-31 20:15:00", "latest_event_end_ist": "2026-08-01 00:00:00", "severity": "over_3_hours"}}, {"type": "Feature", "geometry": {"type": "Polygon", "coordinates": [[[77.2128633682152, 28.665797549970716], [77.21370429922183, 28.664151856294115], [77.21583978017094, 28.663971033497248], [77.21713442670719, 28.665435883797834], [77.21629357079912, 28.667081616891156], [77.21415799325273, 28.66726246026802], [77.2128633682152, 28.665797549970716]]]}, "properties": {"h3_id": "893da116edbffff", "eligible_devices": 8, "qualifying_events": 18, "events_1_to_3_hours": 3, "events_over_3_hours": 15, "worst_affected_devices": 7, "worst_affected_share": 0.875, "longest_event_minutes": 860.0, "latest_event_start_ist": "2026-07-31 19:25:00", "latest_event_end_ist": "2026-08-01 00:00:00", "severity": "over_3_hours"}}, {"type": "Feature", "geometry": {"type": "Polygon", "coordinates": [[[77.14293091722291, 28.630769685383257], [77.14377326552507, 28.62912496529724], [77.14590813935041, 28.62894537698881], [77.14720076145426, 28.63041048836896], [77.1463584880043, 28.632055248004026], [77.14422351759474, 28.632234856710742], [77.14293091722291, 28.630769685383257]]]}, "properties": {"h3_id": "893da11742fffff", "eligible_devices": 7, "qualifying_events": 1, "events_1_to_3_hours": 1, "events_over_3_hours": 0, "worst_affected_devices": 5, "worst_affected_share": 0.7143, "longest_event_minutes": 125.0, "latest_event_start_ist": "2026-07-15 15:40:00", "latest_event_end_ist": "2026-07-15 17:45:00", "severity": "1_to_3_hours"}}, {"type": "Feature", "geometry": {"type": "Polygon", "coordinates": [[[77.14040361281849, 28.635704011729267], [77.14124609087257, 28.63405920860238], [77.14338114184592, 28.633879638097373], [77.14467381136343, 28.635344850326593], [77.1438314081666, 28.636989693007884], [77.1416962605915, 28.637169283906402], [77.14040361281849, 28.635704011729267]]]}, "properties": {"h3_id": "893da117437ffff", "eligible_devices": 9, "qualifying_events": 1, "events_1_to_3_hours": 1, "events_over_3_hours": 0, "worst_affected_devices": 8, "worst_affected_share": 0.8889, "longest_event_minutes": 130.0, "latest_event_start_ist": "2026-07-15 15:35:00", "latest_event_end_ist": "2026-07-15 17:45:00", "severity": "1_to_3_hours"}}, {"type": "Feature", "geometry": {"type": "Polygon", "coordinates": [[[77.16440042500894, 28.644702149131057], [77.16524237882886, 28.643057069260188], [77.16737754168274, 28.642877088433877], [77.16867084731072, 28.644342167024295], [77.16782896842581, 28.645987286403937], [77.16569370897437, 28.64616728768524], [77.16440042500894, 28.644702149131057]]]}, "properties": {"h3_id": "893da117537ffff", "eligible_devices": 6, "qualifying_events": 1, "events_1_to_3_hours": 0, "events_over_3_hours": 1, "worst_affected_devices": 6, "worst_affected_share": 1.0, "longest_event_minutes": 265.0, "latest_event_start_ist": "2026-07-19 02:50:00", "latest_event_end_ist": "2026-07-19 07:15:00", "severity": "over_3_hours"}}, {"type": "Feature", "geometry": {"type": "Polygon", "coordinates": [[[77.15203936355697, 28.648891723100412], [77.15288169930962, 28.647246617484914], [77.15501708814908, 28.647066809892994], [77.15631023785775, 28.648532087491546], [77.15546797701997, 28.65017723264015], [77.15333249155512, 28.650357060657953], [77.15203936355697, 28.648891723100412]]]}, "properties": {"h3_id": "893da117587ffff", "eligible_devices": 15, "qualifying_events": 1, "events_1_to_3_hours": 0, "events_over_3_hours": 1, "worst_affected_devices": 15, "worst_affected_share": 1.0, "longest_event_minutes": 230.0, "latest_event_start_ist": "2026-07-19 02:45:00", "latest_event_end_ist": "2026-07-19 06:35:00", "severity": "over_3_hours"}}, {"type": "Feature", "geometry": {"type": "Polygon", "coordinates": [[[77.14563289054085, 28.64943093433666], [77.14647540354336, 28.647785846536035], [77.14861085700116, 28.64760613580785], [77.14990389408797, 28.649071492470835], [77.1490614559862, 28.65071661981705], [77.14692590589334, 28.650896350955538], [77.14563289054085, 28.64943093433666]]]}, "properties": {"h3_id": "893da117593ffff", "eligible_devices": 6, "qualifying_events": 1, "events_1_to_3_hours": 1, "events_over_3_hours": 0, "worst_affected_devices": 5, "worst_affected_share": 0.8333, "longest_event_minutes": 100.0, "latest_event_start_ist": "2026-07-07 13:30:00", "latest_event_end_ist": "2026-07-07 15:10:00", "severity": "1_to_3_hours"}}, {"type": "Feature", "geometry": {"type": "Polygon", "coordinates": [[[77.15844564267834, 28.648352221255944], [77.15928780117041, 28.64670709785529], [77.16142312534107, 28.646527193412336], [77.16271638763187, 28.64799239192944], [77.16187430406882, 28.649637554850734], [77.15973888328243, 28.649817479735148], [77.15844564267834, 28.648352221255944]]]}, "properties": {"h3_id": "893da1175a3ffff", "eligible_devices": 32, "qualifying_events": 1, "events_1_to_3_hours": 0, "events_over_3_hours": 1, "worst_affected_devices": 31, "worst_affected_share": 0.9688, "longest_event_minutes": 235.0, "latest_event_start_ist": "2026-07-19 02:45:00", "latest_event_end_ist": "2026-07-19 06:40:00", "severity": "over_3_hours"}}, {"type": "Feature", "geometry": {"type": "Polygon", "coordinates": [[[77.16187430406882, 28.649637554850734], [77.16271638763187, 28.64799239192944], [77.16485172775361, 28.64781242884136], [77.16614508092388, 28.649277608225216], [77.16530307230092, 28.65092281066065], [77.16316763556408, 28.651102794198955], [77.16187430406882, 28.649637554850734]]]}, "properties": {"h3_id": "893da1175a7ffff", "eligible_devices": 5, "qualifying_events": 1, "events_1_to_3_hours": 0, "events_over_3_hours": 1, "worst_affected_devices": 4, "worst_affected_share": 0.8, "longest_event_minutes": 265.0, "latest_event_start_ist": "2026-07-19 02:45:00", "latest_event_end_ist": "2026-07-19 07:10:00", "severity": "over_3_hours"}}, {"type": "Feature", "geometry": {"type": "Polygon", "coordinates": [[[77.15799462976328, 28.645241880216574], [77.15883676083696, 28.6435968180964], [77.16097198840038, 28.643416934092865], [77.16226518149385, 28.644882091770928], [77.16142312534107, 28.646527193412336], [77.15928780117041, 28.64670709785529], [77.15799462976328, 28.645241880216574]]]}, "properties": {"h3_id": "893da1175abffff", "eligible_devices": 47, "qualifying_events": 1, "events_1_to_3_hours": 0, "events_over_3_hours": 1, "worst_affected_devices": 43, "worst_affected_share": 0.9149, "longest_event_minutes": 240.0, "latest_event_start_ist": "2026-07-19 02:50:00", "latest_event_end_ist": "2026-07-19 06:50:00", "severity": "over_3_hours"}}, {"type": "Feature", "geometry": {"type": "Polygon", "coordinates": [[[77.16142312534107, 28.646527193412336], [77.16226518149385, 28.644882091770928], [77.16440042500894, 28.644702149131057], [77.16569370897437, 28.64616728768524], [77.16485172775361, 28.64781242884136], [77.16271638763187, 28.64799239192944], [77.16142312534107, 28.646527193412336]]]}, "properties": {"h3_id": "893da1175afffff", "eligible_devices": 17, "qualifying_events": 1, "events_1_to_3_hours": 0, "events_over_3_hours": 1, "worst_affected_devices": 15, "worst_affected_share": 0.8824, "longest_event_minutes": 255.0, "latest_event_start_ist": "2026-07-19 02:50:00", "latest_event_end_ist": "2026-07-19 07:05:00", "severity": "over_3_hours"}}, {"type": "Feature", "geometry": {"type": "Polygon", "coordinates": [[[77.15546797701997, 28.65017723264015], [77.15631023785775, 28.648532087491546], [77.15844564267834, 28.648352221255944], [77.15973888328243, 28.649817479735148], [77.15889669737062, 28.65146266441034], [77.15676119592524, 28.651642551080602], [77.15546797701997, 28.65017723264015]]]}, "properties": {"h3_id": "893da1175b3ffff", "eligible_devices": 15, "qualifying_events": 1, "events_1_to_3_hours": 0, "events_over_3_hours": 1, "worst_affected_devices": 12, "worst_affected_share": 0.8, "longest_event_minutes": 220.0, "latest_event_start_ist": "2026-07-19 02:50:00", "latest_event_end_ist": "2026-07-19 06:30:00", "severity": "over_3_hours"}}, {"type": "Feature", "geometry": {"type": "Polygon", "coordinates": [[[77.15501708814908, 28.647066809892994], [77.155859321559, 28.645421726019524], [77.15799462976328, 28.645241880216574], [77.15928780117041, 28.64670709785529], [77.15844564267834, 28.648352221255944], [77.15631023785775, 28.648532087491546], [77.15501708814908, 28.647066809892994]]]}, "properties": {"h3_id": "893da1175bbffff", "eligible_devices": 61, "qualifying_events": 1, "events_1_to_3_hours": 0, "events_over_3_hours": 1, "worst_affected_devices": 59, "worst_affected_share": 0.9672, "longest_event_minutes": 225.0, "latest_event_start_ist": "2026-07-19 02:45:00", "latest_event_end_ist": "2026-07-19 06:30:00", "severity": "over_3_hours"}}, {"type": "Feature", "geometry": {"type": "Polygon", "coordinates": [[[76.99206434770723, 28.459396097595246], [76.99290852500536, 28.457755321153044], [76.99503900130927, 28.457578794475914], [76.99632539658712, 28.459043024262826], [76.99548129339527, 28.460683840527714], [76.99335072081577, 28.460860387183835], [76.99206434770723, 28.459396097595246]]]}, "properties": {"h3_id": "893da11a017ffff", "eligible_devices": 7, "qualifying_events": 1, "events_1_to_3_hours": 0, "events_over_3_hours": 1, "worst_affected_devices": 6, "worst_affected_share": 0.8571, "longest_event_minutes": 345.0, "latest_event_start_ist": "2026-07-27 15:05:00", "latest_event_end_ist": "2026-07-27 20:50:00", "severity": "over_3_hours"}}, {"type": "Feature", "geometry": {"type": "Polygon", "coordinates": [[[76.99801347347243, 28.45576147502918], [76.99885744717179, 28.45412074206659], [77.0009877641973, 28.453944139276633], [77.00227420377772, 28.455408249457555], [77.00143030419085, 28.45704902223103], [76.9992998909076, 28.457225645013526], [76.99801347347243, 28.45576147502918]]]}, "properties": {"h3_id": "893da11a03bffff", "eligible_devices": 5, "qualifying_events": 3, "events_1_to_3_hours": 1, "events_over_3_hours": 2, "worst_affected_devices": 5, "worst_affected_share": 1.0, "longest_event_minutes": 2860.0, "latest_event_start_ist": "2026-07-27 17:30:00", "latest_event_end_ist": "2026-07-29 17:10:00", "severity": "over_3_hours"}}, {"type": "Feature", "geometry": {"type": "Polygon", "coordinates": [[[76.99934084429658, 28.46507667791947], [77.00018490106075, 28.4634357602878], [77.00231550688483, 28.463259097514293], [77.00360215222423, 28.464723332374838], [77.00275816959648, 28.466364289815832], [77.00062746748937, 28.466540972587794], [76.99934084429658, 28.46507667791947]]]}, "properties": {"h3_id": "893da11a0a7ffff", "eligible_devices": 10, "qualifying_events": 1, "events_1_to_3_hours": 0, "events_over_3_hours": 1, "worst_affected_devices": 10, "worst_affected_share": 1.0, "longest_event_minutes": 515.0, "latest_event_start_ist": "2026-07-28 01:10:00", "latest_event_end_ist": "2026-07-28 09:45:00", "severity": "over_3_hours"}}, {"type": "Feature", "geometry": {"type": "Polygon", "coordinates": [[[76.99889834646089, 28.46197150717298], [76.99974237553539, 28.46033065109182], [77.00187288508481, 28.46015400831481], [77.00315946183086, 28.461618201623295], [77.00231550688483, 28.463259097514293], [77.00018490106075, 28.4634357602878], [76.99889834646089, 28.46197150717298]]]}, "properties": {"h3_id": "893da11a0afffff", "eligible_devices": 16, "qualifying_events": 1, "events_1_to_3_hours": 0, "events_over_3_hours": 1, "worst_affected_devices": 16, "worst_affected_share": 1.0, "longest_event_minutes": 515.0, "latest_event_start_ist": "2026-07-28 01:10:00", "latest_event_end_ist": "2026-07-28 09:45:00", "severity": "over_3_hours"}}, {"type": "Feature", "geometry": {"type": "Polygon", "coordinates": [[[77.01168144021958, 28.46091120606155], [77.01252511740257, 28.45927031389398], [77.01465550074118, 28.459093478912294], [77.01594230314903, 28.460557516071486], [77.01509870012279, 28.462198448024225], [77.01296822052845, 28.462375303033436], [77.01168144021958, 28.46091120606155]]]}, "properties": {"h3_id": "893da11a157ffff", "eligible_devices": 7, "qualifying_events": 5, "events_1_to_3_hours": 2, "events_over_3_hours": 3, "worst_affected_devices": 6, "worst_affected_share": 0.8571, "longest_event_minutes": 485.0, "latest_event_start_ist": "2026-07-27 12:40:00", "latest_event_end_ist": "2026-07-27 13:55:00", "severity": "over_3_hours"}}, {"type": "Feature", "geometry": {"type": "Polygon", "coordinates": [[[77.02104652440673, 28.45856278179697], [77.02188992382851, 28.4569218934278], [77.02402016425961, 28.456744924349785], [77.02530710150276, 28.45820882359196], [77.02446377625499, 28.45984975172806], [77.02233343958656, 28.460026740855888], [77.02104652440673, 28.45856278179697]]]}, "properties": {"h3_id": "893da11a163ffff", "eligible_devices": 6, "qualifying_events": 1, "events_1_to_3_hours": 1, "events_over_3_hours": 0, "worst_affected_devices": 6, "worst_affected_share": 1.0, "longest_event_minutes": 75.0, "latest_event_start_ist": "2026-07-27 12:40:00", "latest_event_end_ist": "2026-07-27 13:55:00", "severity": "1_to_3_hours"}}, {"type": "Feature", "geometry": {"type": "Polygon", "coordinates": [[[77.02446377625499, 28.45984975172806], [77.02530710150276, 28.45820882359196], [77.02743735842972, 28.458031796455156], [77.02872438634225, 28.459495677396728], [77.02788113527954, 28.46113664529332], [77.02575078211575, 28.461313692488677], [77.02446377625499, 28.45984975172806]]]}, "properties": {"h3_id": "893da11a167ffff", "eligible_devices": 5, "qualifying_events": 1, "events_1_to_3_hours": 1, "events_over_3_hours": 0, "worst_affected_devices": 4, "worst_affected_share": 0.8, "longest_event_minutes": 75.0, "latest_event_start_ist": "2026-07-27 12:40:00", "latest_event_end_ist": "2026-07-27 13:55:00", "severity": "1_to_3_hours"}}, {"type": "Feature", "geometry": {"type": "Polygon", "coordinates": [[[77.018072703028, 28.460380623028982], [77.01891620424884, 28.45873971286242], [77.02104652440673, 28.45856278179697], [77.02233343958656, 28.460026740855888], [77.02149001253665, 28.461667690795284], [77.01935959613247, 28.461844641903774], [77.018072703028, 28.460380623028982]]]}, "properties": {"h3_id": "893da11a173ffff", "eligible_devices": 5, "qualifying_events": 1, "events_1_to_3_hours": 1, "events_over_3_hours": 0, "worst_affected_devices": 5, "worst_affected_share": 1.0, "longest_event_minutes": 75.0, "latest_event_start_ist": "2026-07-27 12:40:00", "latest_event_end_ist": "2026-07-27 13:55:00", "severity": "1_to_3_hours"}}, {"type": "Feature", "geometry": {"type": "Polygon", "coordinates": [[[77.02149001253665, 28.461667690795284], [77.02233343958656, 28.460026740855888], [77.02446377625499, 28.45984975172806], [77.02575078211575, 28.461313692488677], [77.02490742924783, 28.46295468219448], [77.02277699633365, 28.463131691374095], [77.02149001253665, 28.461667690795284]]]}, "properties": {"h3_id": "893da11a177ffff", "eligible_devices": 11, "qualifying_events": 1, "events_1_to_3_hours": 1, "events_over_3_hours": 0, "worst_affected_devices": 11, "worst_affected_share": 1.0, "longest_event_minutes": 75.0, "latest_event_start_ist": "2026-07-27 12:40:00", "latest_event_end_ist": "2026-07-27 13:55:00", "severity": "1_to_3_hours"}}, {"type": "Feature", "geometry": {"type": "Polygon", "coordinates": [[[77.00870719818865, 28.46272891694294], [77.00955097718024, 28.46108800300635], [77.01168144021958, 28.46091120606155], [77.01296822052845, 28.462375303033436], [77.01212451569053, 28.464016256761106], [77.00999395638652, 28.46419307372667], [77.00870719818865, 28.46272891694294]]]}, "properties": {"h3_id": "893da11a1cfffff", "eligible_devices": 7, "qualifying_events": 2, "events_1_to_3_hours": 1, "events_over_3_hours": 1, "worst_affected_devices": 6, "worst_affected_share": 0.8571, "longest_event_minutes": 1230.0, "latest_event_start_ist": "2026-07-13 18:35:00", "latest_event_end_ist": "2026-07-14 15:05:00", "severity": "over_3_hours"}}, {"type": "Feature", "geometry": {"type": "Polygon", "coordinates": [[[77.00275816959648, 28.466364289815832], [77.00360215222423, 28.464723332374838], [77.00573277464781, 28.464546611534907], [77.00701951072267, 28.46601082812959], [77.00617560224242, 28.46765182537347], [77.0040448835363, 28.467828566220607], [77.00275816959648, 28.466364289815832]]]}, "properties": {"h3_id": "893da11a1d3ffff", "eligible_devices": 15, "qualifying_events": 1, "events_1_to_3_hours": 0, "events_over_3_hours": 1, "worst_affected_devices": 14, "worst_affected_share": 0.9333, "longest_event_minutes": 515.0, "latest_event_start_ist": "2026-07-28 01:10:00", "latest_event_end_ist": "2026-07-28 09:45:00", "severity": "over_3_hours"}}, {"type": "Feature", "geometry": {"type": "Polygon", "coordinates": [[[77.00231550688483, 28.463259097514293], [77.00315946183086, 28.461618201623295], [77.0052899879803, 28.46144150078859], [77.00657665545432, 28.462905675840492], [77.00573277464781, 28.464546611534907], [77.00360215222423, 28.464723332374838], [77.00231550688483, 28.463259097514293]]]}, "properties": {"h3_id": "893da11a1dbffff", "eligible_devices": 28, "qualifying_events": 1, "events_1_to_3_hours": 0, "events_over_3_hours": 1, "worst_affected_devices": 27, "worst_affected_share": 0.9643, "longest_event_minutes": 515.0, "latest_event_start_ist": "2026-07-28 01:10:00", "latest_event_end_ist": "2026-07-28 09:45:00", "severity": "over_3_hours"}}, {"type": "Feature", "geometry": {"type": "Polygon", "coordinates": [[[77.02224612614006, 28.44432664599121], [77.02308931330808, 28.442686025791197], [77.02521908917744, 28.44250909891748], [77.02650577406995, 28.44397277219596], [77.02566266104708, 28.445613432159092], [77.02353278898305, 28.445790379081465], [77.02224612614006, 28.44432664599121]]]}, "properties": {"h3_id": "893da11a323ffff", "eligible_devices": 20, "qualifying_events": 1, "events_1_to_3_hours": 1, "events_over_3_hours": 0, "worst_affected_devices": 14, "worst_affected_share": 0.7, "longest_event_minutes": 70.0, "latest_event_start_ist": "2026-07-08 06:05:00", "latest_event_end_ist": "2026-07-08 07:15:00", "severity": "1_to_3_hours"}}, {"type": "Feature", "geometry": {"type": "Polygon", "coordinates": [[[77.02566266104708, 28.445613432159092], [77.02650577406995, 28.44397277219596], [77.02863556642258, 28.443795787302015], [77.02992234194299, 28.445259442314644], [77.02907930307632, 28.446900142034455], [77.02694941452953, 28.44707714698581], [77.02566266104708, 28.445613432159092]]]}, "properties": {"h3_id": "893da11a327ffff", "eligible_devices": 15, "qualifying_events": 1, "events_1_to_3_hours": 1, "events_over_3_hours": 0, "worst_affected_devices": 11, "worst_affected_share": 0.7333, "longest_event_minutes": 75.0, "latest_event_start_ist": "2026-07-08 06:05:00", "latest_event_end_ist": "2026-07-08 07:20:00", "severity": "1_to_3_hours"}}, {"type": "Feature", "geometry": {"type": "Polygon", "coordinates": [[[77.01927298165077, 28.446144176919645], [77.02011627057398, 28.444503534889765], [77.02224612614006, 28.44432664599121], [77.02353278898305, 28.445790379081465], [77.0226895742019, 28.447431060880366], [77.02055962243222, 28.447607969820837], [77.01927298165077, 28.446144176919645]]]}, "properties": {"h3_id": "893da11a333ffff", "eligible_devices": 33, "qualifying_events": 1, "events_1_to_3_hours": 1, "events_over_3_hours": 0, "worst_affected_devices": 25, "worst_affected_share": 0.7576, "longest_event_minutes": 70.0, "latest_event_start_ist": "2026-07-08 06:05:00", "latest_event_end_ist": "2026-07-08 07:15:00", "severity": "1_to_3_hours"}}, {"type": "Feature", "geometry": {"type": "Polygon", "coordinates": [[[77.0226895742019, 28.447431060880366], [77.02353278898305, 28.445790379081465], [77.02566266104708, 28.445613432159092], [77.02694941452953, 28.44707714698581], [77.02610627390149, 28.448717868547305], [77.02397630563439, 28.44889483552033], [77.0226895742019, 28.447431060880366]]]}, "properties": {"h3_id": "893da11a337ffff", "eligible_devices": 15, "qualifying_events": 2, "events_1_to_3_hours": 2, "events_over_3_hours": 0, "worst_affected_devices": 13, "worst_affected_share": 0.8667, "longest_event_minutes": 75.0, "latest_event_start_ist": "2026-07-08 13:00:00", "latest_event_end_ist": "2026-07-08 14:10:00", "severity": "1_to_3_hours"}}, {"type": "Feature", "geometry": {"type": "Polygon", "coordinates": [[[77.01035245946522, 28.45159667261749], [77.0111960536919, 28.449955965165326], [77.01332614831394, 28.44977919025436], [77.01461274493623, 28.451243102774804], [77.01376922484238, 28.452883850013713], [77.01163903398991, 28.453060644946273], [77.01035245946522, 28.45159667261749]]]}, "properties": {"h3_id": "893da11a387ffff", "eligible_devices": 5, "qualifying_events": 1, "events_1_to_3_hours": 0, "events_over_3_hours": 1, "worst_affected_devices": 5, "worst_affected_share": 1.0, "longest_event_minutes": 225.0, "latest_event_start_ist": "2026-07-08 05:55:00", "latest_event_end_ist": "2026-07-08 09:40:00", "severity": "over_3_hours"}}, {"type": "Feature", "geometry": {"type": "Polygon", "coordinates": [[[77.00794732200471, 28.48007371137699], [77.00879134119393, 28.4784324679937], [77.01092236538075, 28.478255609006496], [77.01220946669068, 28.47971997337958], [77.01136552169199, 28.481361256557243], [77.00923440118933, 28.481538135568293], [77.00794732200471, 28.48007371137699]]]}, "properties": {"h3_id": "893da11a527ffff", "eligible_devices": 5, "qualifying_events": 1, "events_1_to_3_hours": 1, "events_over_3_hours": 0, "worst_affected_devices": 4, "worst_affected_share": 0.8, "longest_event_minutes": 70.0, "latest_event_start_ist": "2026-07-30 20:25:00", "latest_event_end_ist": "2026-07-30 21:35:00", "severity": "1_to_3_hours"}}, {"type": "Feature", "geometry": {"type": "Polygon", "coordinates": [[[77.00320087322541, 28.469469585205758], [77.0040448835363, 28.467828566220607], [77.00617560224242, 28.46765182537347], [77.00746240692517, 28.469116083503124], [77.00661847076981, 28.470757142290637], [77.00448765577266, 28.47093390314696], [77.00320087322541, 28.469469585205758]]]}, "properties": {"h3_id": "893da11a56fffff", "eligible_devices": 7, "qualifying_events": 1, "events_1_to_3_hours": 0, "events_over_3_hours": 1, "worst_affected_devices": 6, "worst_affected_share": 0.8571, "longest_event_minutes": 515.0, "latest_event_start_ist": "2026-07-28 01:10:00", "latest_event_end_ist": "2026-07-28 09:45:00", "severity": "over_3_hours"}}, {"type": "Feature", "geometry": {"type": "Polygon", "coordinates": [[[77.03649301159389, 28.476130800525635], [77.03733622464637, 28.47448950688996], [77.03946691596167, 28.47431222519484], [77.04075449048996, 28.47577621704352], [77.03991135168775, 28.477417550418267], [77.03778056410346, 28.4775948522061], [77.03649301159389, 28.476130800525635]]]}, "properties": {"h3_id": "893da11ac13ffff", "eligible_devices": 10, "qualifying_events": 1, "events_1_to_3_hours": 1, "events_over_3_hours": 0, "worst_affected_devices": 7, "worst_affected_share": 0.7, "longest_event_minutes": 70.0, "latest_event_start_ist": "2026-07-23 11:00:00", "latest_event_end_ist": "2026-07-23 12:10:00", "severity": "1_to_3_hours"}}, {"type": "Feature", "geometry": {"type": "Polygon", "coordinates": [[[77.03351892555592, 28.47794935963093], [77.03436224045737, 28.4763080441955], [77.03649301159389, 28.476130800525635], [77.03778056410346, 28.4775948522061], [77.03693732344918, 28.479236207386503], [77.03480645603469, 28.47941347114231], [77.03351892555592, 28.47794935963093]]]}, "properties": {"h3_id": "893da11ac8bffff", "eligible_devices": 5, "qualifying_events": 1, "events_1_to_3_hours": 1, "events_over_3_hours": 0, "worst_affected_devices": 5, "worst_affected_share": 1.0, "longest_event_minutes": 80.0, "latest_event_start_ist": "2026-07-23 10:55:00", "latest_event_end_ist": "2026-07-23 12:15:00", "severity": "1_to_3_hours"}}, {"type": "Feature", "geometry": {"type": "Polygon", "coordinates": [[[77.03307477864637, 28.474843974144882], [77.03391806593804, 28.473202720254715], [77.03604874080501, 28.473025496668814], [77.03733622464637, 28.47448950688996], [77.03649301159389, 28.476130800525635], [77.03436224045737, 28.4763080441955], [77.03307477864637, 28.474843974144882]]]}, "properties": {"h3_id": "893da11acc7ffff", "eligible_devices": 6, "qualifying_events": 2, "events_1_to_3_hours": 2, "events_over_3_hours": 0, "worst_affected_devices": 5, "worst_affected_share": 0.8333, "longest_event_minutes": 95.0, "latest_event_start_ist": "2026-07-21 06:30:00", "latest_event_end_ist": "2026-07-21 08:05:00", "severity": "1_to_3_hours"}}, {"type": "Feature", "geometry": {"type": "Polygon", "coordinates": [[[77.03010063483522, 28.476662435385936], [77.0309440239728, 28.47502115970192], [77.03307477864637, 28.474843974144882], [77.03436224045737, 28.4763080441955], [77.03351892555592, 28.47794935963093], [77.03138807460385, 28.47812656526517], [77.03010063483522, 28.476662435385936]]]}, "properties": {"h3_id": "893da11acd7ffff", "eligible_devices": 10, "qualifying_events": 1, "events_1_to_3_hours": 1, "events_over_3_hours": 0, "worst_affected_devices": 8, "worst_affected_share": 0.8, "longest_event_minutes": 80.0, "latest_event_start_ist": "2026-07-23 10:55:00", "latest_event_end_ist": "2026-07-23 12:15:00", "severity": "1_to_3_hours"}}, {"type": "Feature", "geometry": {"type": "Polygon", "coordinates": [[[77.51799150939462, 28.53892808705098], [77.51882270930318, 28.53728352348209], [77.52095179832075, 28.537098556493007], [77.52224978326072, 28.53855813178613], [77.52141865888449, 28.54020273416619], [77.51928947403248, 28.540387722442844], [77.51799150939462, 28.53892808705098]]]}, "properties": {"h3_id": "893da131383ffff", "eligible_devices": 7, "qualifying_events": 4, "events_1_to_3_hours": 0, "events_over_3_hours": 4, "worst_affected_devices": 7, "worst_affected_share": 1.0, "longest_event_minutes": 580.0, "latest_event_start_ist": "2026-07-30 10:50:00", "latest_event_end_ist": "2026-07-30 15:45:00", "severity": "over_3_hours"}}, {"type": "Feature", "geometry": {"type": "Polygon", "coordinates": [[[77.48884404332327, 28.56032769010671], [77.48967628899409, 28.55868283664456], [77.49180628958544, 28.558498221070668], [77.49310414043704, 28.559958437736675], [77.49227197027892, 28.561603330068777], [77.49014187375305, 28.561787966865808], [77.48884404332327, 28.56032769010671]]]}, "properties": {"h3_id": "893da131433ffff", "eligible_devices": 19, "qualifying_events": 3, "events_1_to_3_hours": 1, "events_over_3_hours": 2, "worst_affected_devices": 18, "worst_affected_share": 0.9474, "longest_event_minutes": 440.0, "latest_event_start_ist": "2026-07-25 07:25:00", "latest_event_end_ist": "2026-07-25 09:30:00", "severity": "over_3_hours"}}, {"type": "Feature", "geometry": {"type": "Polygon", "coordinates": [[[77.49709779805835, 28.572194888461897], [77.49792997204413, 28.570549772384286], [77.50006028919482, 28.57036497598314], [77.50135852831417, 28.571825274413623], [77.50052642988744, 28.57347042934605], [77.49839601677883, 28.573655246994072], [77.49709779805835, 28.572194888461897]]]}, "properties": {"h3_id": "893da13159bffff", "eligible_devices": 7, "qualifying_events": 4, "events_1_to_3_hours": 1, "events_over_3_hours": 3, "worst_affected_devices": 7, "worst_affected_share": 1.0, "longest_event_minutes": 965.0, "latest_event_start_ist": "2026-07-25 07:25:00", "latest_event_end_ist": "2026-07-25 09:35:00", "severity": "over_3_hours"}}, {"type": "Feature", "geometry": {"type": "Polygon", "coordinates": [[[77.49320346073173, 28.56781385418091], [77.49403568380579, 28.566168838586858], [77.49616589064837, 28.565984122000025], [77.49746397036384, 28.56744439977209], [77.49663182282974, 28.56908945422819], [77.49450152003675, 28.569274192051065], [77.49320346073173, 28.56781385418091]]]}, "properties": {"h3_id": "893da1315d3ffff", "eligible_devices": 11, "qualifying_events": 3, "events_1_to_3_hours": 1, "events_over_3_hours": 2, "worst_affected_devices": 9, "worst_affected_share": 0.8182, "longest_event_minutes": 440.0, "latest_event_start_ist": "2026-07-25 07:25:00", "latest_event_end_ist": "2026-07-25 09:30:00", "severity": "over_3_hours"}}, {"type": "Feature", "geometry": {"type": "Polygon", "coordinates": [[[77.5348128815381, 28.4573116320818], [77.53564261290781, 28.455668572768836], [77.53776895851847, 28.455483719109683], [77.53906566833322, 28.456941903461054], [77.53823601234978, 28.45858500154537], [77.53610957116187, 28.458769876507855], [77.5348128815381, 28.4573116320818]]]}, "properties": {"h3_id": "893da138117ffff", "eligible_devices": 6, "qualifying_events": 2, "events_1_to_3_hours": 2, "events_over_3_hours": 0, "worst_affected_devices": 5, "worst_affected_share": 0.8333, "longest_event_minutes": 80.0, "latest_event_start_ist": "2026-07-27 12:10:00", "latest_event_end_ist": "2026-07-27 13:15:00", "severity": "1_to_3_hours"}}, {"type": "Feature", "geometry": {"type": "Polygon", "coordinates": [[[77.56126445527765, 28.46129367701901], [77.56209353086453, 28.459650431450143], [77.56421979787747, 28.459465154128893], [77.56551708485391, 28.460923101008575], [77.56468808472395, 28.462566385297443], [77.56256172215718, 28.462751683987513], [77.56126445527765, 28.46129367701901]]]}, "properties": {"h3_id": "893da138c0fffff", "eligible_devices": 5, "qualifying_events": 3, "events_1_to_3_hours": 0, "events_over_3_hours": 3, "worst_affected_devices": 5, "worst_affected_share": 1.0, "longest_event_minutes": 950.0, "latest_event_start_ist": "2026-07-16 04:30:00", "latest_event_end_ist": "2026-07-16 20:20:00", "severity": "over_3_hours"}}, {"type": "Feature", "geometry": {"type": "Polygon", "coordinates": [[[77.56562478797188, 28.468769154715705], [77.56645384047401, 28.46712574669743], [77.56858031259878, 28.466940368314134], [77.56987782778754, 28.468398376568285], [77.56904885076948, 28.47004182329868], [77.56692228307516, 28.470227223063706], [77.56562478797188, 28.468769154715705]]]}, "properties": {"h3_id": "893da138cafffff", "eligible_devices": 13, "qualifying_events": 2, "events_1_to_3_hours": 1, "events_over_3_hours": 1, "worst_affected_devices": 11, "worst_affected_share": 0.8462, "longest_event_minutes": 950.0, "latest_event_start_ist": "2026-07-16 17:35:00", "latest_event_end_ist": "2026-07-17 09:25:00", "severity": "over_3_hours"}}, {"type": "Feature", "geometry": {"type": "Polygon", "coordinates": [[[77.58133867197469, 28.465827431198697], [77.58216726851353, 28.46418401527872], [77.58429352374218, 28.463998409473543], [77.58559127796887, 28.465456198170237], [77.58476275694395, 28.467099652771367], [77.58263640617497, 28.46728527999552], [77.58133867197469, 28.465827431198697]]]}, "properties": {"h3_id": "893da138d47ffff", "eligible_devices": 12, "qualifying_events": 1, "events_1_to_3_hours": 0, "events_over_3_hours": 1, "worst_affected_devices": 10, "worst_affected_share": 0.8333, "longest_event_minutes": 720.0, "latest_event_start_ist": "2026-07-08 21:45:00", "latest_event_end_ist": "2026-07-09 09:45:00", "severity": "over_3_hours"}}, {"type": "Feature", "geometry": {"type": "Polygon", "coordinates": [[[77.58086960371098, 28.462726206940342], [77.5816981741074, 28.461082852896347], [77.58382433380403, 28.46089726850803], [77.58512201863282, 28.46235501674774], [77.58429352374218, 28.463998409473543], [77.58216726851353, 28.46418401527872], [77.58086960371098, 28.462726206940342]]]}, "properties": {"h3_id": "893da138d4fffff", "eligible_devices": 6, "qualifying_events": 1, "events_1_to_3_hours": 0, "events_over_3_hours": 1, "worst_affected_devices": 5, "worst_affected_share": 0.8333, "longest_event_minutes": 720.0, "latest_event_start_ist": "2026-07-08 21:45:00", "latest_event_end_ist": "2026-07-09 09:45:00", "severity": "over_3_hours"}}, {"type": "Feature", "geometry": {"type": "Polygon", "coordinates": [[[77.57683515262859, 28.47879021974374], [77.57766403097408, 28.477146571906655], [77.57979073613686, 28.476960975709158], [77.58108865853427, 28.478419005937575], [77.58025985572169, 28.480062692465705], [77.57813305497534, 28.480248310075268], [77.57683515262859, 28.47879021974374]]]}, "properties": {"h3_id": "893da138d83ffff", "eligible_devices": 7, "qualifying_events": 1, "events_1_to_3_hours": 1, "events_over_3_hours": 0, "worst_affected_devices": 6, "worst_affected_share": 0.8571, "longest_event_minutes": 95.0, "latest_event_start_ist": "2026-07-31 11:35:00", "latest_event_end_ist": "2026-07-31 13:10:00", "severity": "1_to_3_hours"}}, {"type": "Feature", "geometry": {"type": "Polygon", "coordinates": [[[77.57387938578808, 28.48061944997264], [77.5747083658296, 28.478975778990137], [77.57683515262859, 28.47879021974374], [77.57813305497534, 28.480248310075268], [77.57730415046403, 28.481892019754742], [77.5751772680723, 28.482077600406605], [77.57387938578808, 28.48061944997264]]]}, "properties": {"h3_id": "893da138d93ffff", "eligible_devices": 18, "qualifying_events": 2, "events_1_to_3_hours": 2, "events_over_3_hours": 0, "worst_affected_devices": 17, "worst_affected_share": 0.9444, "longest_event_minutes": 105.0, "latest_event_start_ist": "2026-07-31 11:35:00", "latest_event_end_ist": "2026-07-31 13:10:00", "severity": "1_to_3_hours"}}, {"type": "Feature", "geometry": {"type": "Polygon", "coordinates": [[[77.57341055296395, 28.477517668995212], [77.57423950683149, 28.475874059855755], [77.57636619804607, 28.475688522012707], [77.57766403097408, 28.477146571906655], [77.57683515262859, 28.47879021974374], [77.5747083658296, 28.478975778990137], [77.57341055296395, 28.477517668995212]]]}, "properties": {"h3_id": "893da138d9bffff", "eligible_devices": 18, "qualifying_events": 1, "events_1_to_3_hours": 1, "events_over_3_hours": 0, "worst_affected_devices": 18, "worst_affected_share": 1.0, "longest_event_minutes": 95.0, "latest_event_start_ist": "2026-07-31 11:35:00", "latest_event_end_ist": "2026-07-31 13:10:00", "severity": "1_to_3_hours"}}, {"type": "Feature", "geometry": {"type": "Polygon", "coordinates": [[[77.57247301702229, 28.471314413924038], [77.57330191854545, 28.469670928488103], [77.57542841861607, 28.469485433445456], [77.57672611272791, 28.47094340244049], [77.57589728671054, 28.472586926575353], [77.57377069107208, 28.47277244301716], [77.57247301702229, 28.471314413924038]]]}, "properties": {"h3_id": "893da138dc3ffff", "eligible_devices": 6, "qualifying_events": 1, "events_1_to_3_hours": 1, "events_over_3_hours": 0, "worst_affected_devices": 5, "worst_affected_share": 0.8333, "longest_event_minutes": 110.0, "latest_event_start_ist": "2026-07-05 13:20:00", "latest_event_end_ist": "2026-07-05 15:10:00", "severity": "1_to_3_hours"}}, {"type": "Feature", "geometry": {"type": "Polygon", "coordinates": [[[77.56951743215045, 28.473143380610715], [77.57034643534824, 28.471499872024978], [77.57247301702229, 28.471314413924038], [77.57377069107208, 28.47277244301716], [77.57294176337733, 28.474415990307765], [77.57081508612629, 28.474601469801254], [77.56951743215045, 28.473143380610715]]]}, "properties": {"h3_id": "893da138dd3ffff", "eligible_devices": 15, "qualifying_events": 1, "events_1_to_3_hours": 1, "events_over_3_hours": 0, "worst_affected_devices": 11, "worst_affected_share": 0.7333, "longest_event_minutes": 95.0, "latest_event_start_ist": "2026-07-31 11:35:00", "latest_event_end_ist": "2026-07-31 13:10:00", "severity": "1_to_3_hours"}}, {"type": "Feature", "geometry": {"type": "Polygon", "coordinates": [[[77.57294176337733, 28.474415990307765], [77.57377069107208, 28.47277244301716], [77.57589728671054, 28.472586926575353], [77.5771950502269, 28.474044936023805], [77.57636619804607, 28.475688522012707], [77.57423950683149, 28.475874059855755], [77.57294176337733, 28.474415990307765]]]}, "properties": {"h3_id": "893da138dd7ffff", "eligible_devices": 56, "qualifying_events": 2, "events_1_to_3_hours": 2, "events_over_3_hours": 0, "worst_affected_devices": 49, "worst_affected_share": 0.875, "longest_event_minutes": 105.0, "latest_event_start_ist": "2026-07-31 11:35:00", "latest_event_end_ist": "2026-07-31 13:15:00", "severity": "1_to_3_hours"}}, {"type": "Feature", "geometry": {"type": "Polygon", "coordinates": [[[77.47501524374492, 28.511211130610977], [77.47584724332903, 28.509567280149785], [77.47797577708333, 28.50938309949046], [77.47927240706099, 28.51084274811875], [77.47844048284566, 28.512486637472705], [77.47631185328042, 28.512670839306477], [77.47501524374492, 28.511211130610977]]]}, "properties": {"h3_id": "893da13a50bffff", "eligible_devices": 7, "qualifying_events": 2, "events_1_to_3_hours": 2, "events_over_3_hours": 0, "worst_affected_devices": 5, "worst_affected_share": 0.7143, "longest_event_minutes": 175.0, "latest_event_start_ist": "2026-07-23 14:25:00", "latest_event_end_ist": "2026-07-23 17:05:00", "severity": "1_to_3_hours"}}, {"type": "Feature", "geometry": {"type": "Polygon", "coordinates": [[[77.54446346422127, 28.478468253358148], [77.5452932022943, 28.476824745433138], [77.5474201497042, 28.47663964724712], [77.54871745466296, 28.478098035653694], [77.54788779204671, 28.479741582333016], [77.54576074901145, 28.479926701852346], [77.54446346422127, 28.478468253358148]]]}, "properties": {"h3_id": "893da13aa33ffff", "eligible_devices": 6, "qualifying_events": 7, "events_1_to_3_hours": 6, "events_over_3_hours": 1, "worst_affected_devices": 5, "worst_affected_share": 0.8333, "longest_event_minutes": 210.0, "latest_event_start_ist": "2026-07-29 12:25:00", "latest_event_end_ist": "2026-07-29 15:55:00", "severity": "over_3_hours"}}, {"type": "Feature", "geometry": {"type": "Polygon", "coordinates": [[[77.54010465844999, 28.470991155326754], [77.54093441945228, 28.469347809832627], [77.54306116153668, 28.469162812629747], [77.54435823822494, 28.470621139601487], [77.5435285526523, 28.472264523857792], [77.5414017149583, 28.472449542381074], [77.54010465844999, 28.470991155326754]]]}, "properties": {"h3_id": "893da13aa73ffff", "eligible_devices": 5, "qualifying_events": 9, "events_1_to_3_hours": 6, "events_over_3_hours": 3, "worst_affected_devices": 4, "worst_affected_share": 0.8, "longest_event_minutes": 265.0, "latest_event_start_ist": "2026-07-29 12:25:00", "latest_event_end_ist": "2026-07-29 15:55:00", "severity": "over_3_hours"}}, {"type": "Feature", "geometry": {"type": "Polygon", "coordinates": [[[77.54150659550403, 28.480296845518925], [77.5423364352831, 28.478653314528543], [77.54446346422127, 28.478468253358148], [77.54576074901145, 28.479926701852346], [77.54493098468642, 28.48157027160298], [77.54280386011371, 28.48175535410006], [77.54150659550403, 28.480296845518925]]]}, "properties": {"h3_id": "893da13aaabffff", "eligible_devices": 17, "qualifying_events": 7, "events_1_to_3_hours": 6, "events_over_3_hours": 1, "worst_affected_devices": 15, "worst_affected_share": 0.8824, "longest_event_minutes": 210.0, "latest_event_start_ist": "2026-07-29 12:25:00", "latest_event_end_ist": "2026-07-29 15:55:00", "severity": "over_3_hours"}}, {"type": "Feature", "geometry": {"type": "Polygon", "coordinates": [[[77.56205448507711, 28.487936232400717], [77.56288387196882, 28.486292468947653], [77.56501098525982, 28.48610705760989], [77.56630880728505, 28.48756538834708], [77.56547949591263, 28.48920919052087], [77.56335228699221, 28.48939462323763], [77.56205448507711, 28.487936232400717]]]}, "properties": {"h3_id": "893da13ab17ffff", "eligible_devices": 8, "qualifying_events": 1, "events_1_to_3_hours": 1, "events_over_3_hours": 0, "worst_affected_devices": 6, "worst_affected_share": 0.75, "longest_event_minutes": 80.0, "latest_event_start_ist": "2026-07-23 13:10:00", "latest_event_end_ist": "2026-07-23 14:30:00", "severity": "1_to_3_hours"}}, {"type": "Feature", "geometry": {"type": "Polygon", "coordinates": [[[77.56998605674757, 28.47624504023649], [77.57081508612629, 28.474601469801254], [77.57294176337733, 28.474415990307765], [77.57423950683149, 28.475874059855755], [77.57341055296395, 28.477517668995212], [77.57128378012762, 28.47770316988335], [77.56998605674757, 28.47624504023649]]]}, "properties": {"h3_id": "893da13ab6fffff", "eligible_devices": 13, "qualifying_events": 1, "events_1_to_3_hours": 1, "events_over_3_hours": 0, "worst_affected_devices": 10, "worst_affected_share": 0.7692, "longest_event_minutes": 105.0, "latest_event_start_ist": "2026-07-05 13:20:00", "latest_event_end_ist": "2026-07-05 15:05:00", "severity": "1_to_3_hours"}}, {"type": "Feature", "geometry": {"type": "Polygon", "coordinates": [[[77.56547949591263, 28.48920919052087], [77.56630880728505, 28.48756538834708], [77.56843593458123, 28.4873799186309], [77.56973384613006, 28.488838229701688], [77.56890461028779, 28.490482070589607], [77.56677738736306, 28.4906675616935], [77.56547949591263, 28.48920919052087]]]}, "properties": {"h3_id": "893da13ababffff", "eligible_devices": 33, "qualifying_events": 1, "events_1_to_3_hours": 1, "events_over_3_hours": 0, "worst_affected_devices": 26, "worst_affected_share": 0.7879, "longest_event_minutes": 80.0, "latest_event_start_ist": "2026-07-23 13:10:00", "latest_event_end_ist": "2026-07-23 14:30:00", "severity": "1_to_3_hours"}}, {"type": "Feature", "geometry": {"type": "Polygon", "coordinates": [[[77.56890461028779, 28.490482070589607], [77.56973384613006, 28.488838229701688], [77.57186098741609, 28.4886527016022], [77.57315898848405, 28.49011099299507], [77.5723298281828, 28.491754872590512], [77.57020259126911, 28.491940422086447], [77.56890461028779, 28.490482070589607]]]}, "properties": {"h3_id": "893da13abafffff", "eligible_devices": 10, "qualifying_events": 1, "events_1_to_3_hours": 1, "events_over_3_hours": 0, "worst_affected_devices": 9, "worst_affected_share": 0.9, "longest_event_minutes": 85.0, "latest_event_start_ist": "2026-07-23 13:10:00", "latest_event_end_ist": "2026-07-23 14:35:00", "severity": "1_to_3_hours"}}, {"type": "Feature", "geometry": {"type": "Polygon", "coordinates": [[[77.51877793769317, 28.50113071257762], [77.5196086440311, 28.499486873912186], [77.52173651642802, 28.499302066692625], [77.523033778208, 28.50076107686151], [77.52220314731836, 28.502404954333382], [77.52007517919701, 28.50258978283081], [77.51877793769317, 28.50113071257762]]]}, "properties": {"h3_id": "893da13ac4fffff", "eligible_devices": 5, "qualifying_events": 3, "events_1_to_3_hours": 1, "events_over_3_hours": 2, "worst_affected_devices": 4, "worst_affected_share": 0.8, "longest_event_minutes": 665.0, "latest_event_start_ist": "2026-07-12 04:05:00", "latest_event_end_ist": "2026-07-12 08:15:00", "severity": "over_3_hours"}}, {"type": "Feature", "geometry": {"type": "Polygon", "coordinates": [[[77.4166756277304, 28.293305963277103], [77.41750645530281, 28.29166657324259], [77.41962847235145, 28.291484268941364], [77.42091975708487, 28.29294133370976], [77.42008900425284, 28.294580762730586], [77.41796689194356, 28.294763087997573], [77.4166756277304, 28.293305963277103]]]}, "properties": {"h3_id": "893da17708fffff", "eligible_devices": 5, "qualifying_events": 6, "events_1_to_3_hours": 2, "events_over_3_hours": 4, "worst_affected_devices": 4, "worst_affected_share": 0.8, "longest_event_minutes": 1085.0, "latest_event_start_ist": "2026-07-31 11:20:00", "latest_event_end_ist": "2026-07-31 12:30:00", "severity": "over_3_hours"}}, {"type": "Feature", "geometry": {"type": "Polygon", "coordinates": [[[77.40643612197498, 28.28948110550668], [77.40726717370356, 28.287841832470136], [77.40938914688266, 28.2876597014894], [77.41068016359269, 28.28911682260637], [77.40984918657199, 28.290756134648735], [77.40772711812996, 28.290938286569197], [77.40643612197498, 28.28948110550668]]]}, "properties": {"h3_id": "893da1770d3ffff", "eligible_devices": 8, "qualifying_events": 6, "events_1_to_3_hours": 2, "events_over_3_hours": 4, "worst_affected_devices": 8, "worst_affected_share": 1.0, "longest_event_minutes": 1140.0, "latest_event_start_ist": "2026-07-31 11:20:00", "latest_event_end_ist": "2026-07-31 12:35:00", "severity": "over_3_hours"}}, {"type": "Feature", "geometry": {"type": "Polygon", "coordinates": [[[77.34334274985191, 28.146041665442578], [77.34417368336973, 28.144405452129334], [77.3462915658139, 28.144224923819227], [77.3475786096708, 28.14568058808068], [77.3467477503925, 28.14731684050736], [77.34462977301436, 28.14749738956001], [77.34334274985191, 28.146041665442578]]]}, "properties": {"h3_id": "893da17a99bffff", "eligible_devices": 7, "qualifying_events": 1, "events_1_to_3_hours": 1, "events_over_3_hours": 0, "worst_affected_devices": 7, "worst_affected_share": 1.0, "longest_event_minutes": 105.0, "latest_event_start_ist": "2026-07-28 02:05:00", "latest_event_end_ist": "2026-07-28 03:50:00", "severity": "1_to_3_hours"}}, {"type": "Feature", "geometry": {"type": "Polygon", "coordinates": [[[77.34471106491765, 28.155317976703532], [77.34554207800453, 28.153681576331056], [77.34766024527532, 28.15350098578715], [77.3489474944145, 28.154956774867866], [77.34811655559099, 28.156593214352093], [77.3459982933615, 28.156773825644713], [77.34471106491765, 28.155317976703532]]]}, "properties": {"h3_id": "893da17ad27ffff", "eligible_devices": 5, "qualifying_events": 1, "events_1_to_3_hours": 1, "events_over_3_hours": 0, "worst_affected_devices": 4, "worst_affected_share": 0.8, "longest_event_minutes": 125.0, "latest_event_start_ist": "2026-07-21 10:05:00", "latest_event_end_ist": "2026-07-21 12:10:00", "severity": "1_to_3_hours"}}, {"type": "Feature", "geometry": {"type": "Polygon", "coordinates": [[[77.02587161848608, 28.787066028929832], [77.02671906807754, 28.78541885907519], [77.02885982751113, 28.78524041935654], [77.03015323453695, 28.786709129338508], [77.02930585986805, 28.788356338983412], [77.02716500324719, 28.78853479885693], [77.02587161848608, 28.787066028929832]]]}, "properties": {"h3_id": "893da180b6fffff", "eligible_devices": 10, "qualifying_events": 1, "events_1_to_3_hours": 0, "events_over_3_hours": 1, "worst_affected_devices": 10, "worst_affected_share": 1.0, "longest_event_minutes": 395.0, "latest_event_start_ist": "2026-07-29 12:25:00", "latest_event_end_ist": "2026-07-29 19:00:00", "severity": "over_3_hours"}}, {"type": "Feature", "geometry": {"type": "Polygon", "coordinates": [[[77.07979119298135, 28.845642904820398], [77.08063795383319, 28.84399438712764], [77.08278020878889, 28.84381485762665], [77.08407580018023, 28.845283825515], [77.08322911451388, 28.846932382898938], [77.08108676226715, 28.847111932704195], [77.07979119298135, 28.845642904820398]]]}, "properties": {"h3_id": "893da1842d3ffff", "eligible_devices": 5, "qualifying_events": 3, "events_1_to_3_hours": 1, "events_over_3_hours": 2, "worst_affected_devices": 4, "worst_affected_share": 0.8, "longest_event_minutes": 320.0, "latest_event_start_ist": "2026-07-23 01:20:00", "latest_event_end_ist": "2026-07-23 06:40:00", "severity": "over_3_hours"}}, {"type": "Feature", "geometry": {"type": "Polygon", "coordinates": [[[77.03452541931672, 28.802111348340947], [77.03537283055422, 28.80046385527779], [77.03751401204288, 28.800285216918247], [77.03880787951095, 28.801754051442284], [77.03796054325092, 28.803401584280373], [77.0358192645418, 28.803580242820335], [77.03452541931672, 28.802111348340947]]]}, "properties": {"h3_id": "893da1856cfffff", "eligible_devices": 6, "qualifying_events": 1, "events_1_to_3_hours": 0, "events_over_3_hours": 1, "worst_affected_devices": 5, "worst_affected_share": 0.8333, "longest_event_minutes": 895.0, "latest_event_start_ist": "2026-07-17 21:20:00", "latest_event_end_ist": "2026-07-18 12:15:00", "severity": "over_3_hours"}}, {"type": "Feature", "geometry": {"type": "Polygon", "coordinates": [[[76.9942385050642, 28.633749449222773], [76.99508484116126, 28.632105330013353], [76.99722089557484, 28.631928031009682], [76.99851071066699, 28.63339483118245], [76.99766444907115, 28.635038990228374], [76.99552829787844, 28.635216309265875], [76.9942385050642, 28.633749449222773]]]}, "properties": {"h3_id": "893da188b4fffff", "eligible_devices": 55, "qualifying_events": 2, "events_1_to_3_hours": 1, "events_over_3_hours": 1, "worst_affected_devices": 49, "worst_affected_share": 0.8909, "longest_event_minutes": 220.0, "latest_event_start_ist": "2026-07-08 06:50:00", "latest_event_end_ist": "2026-07-08 10:30:00", "severity": "over_3_hours"}}, {"type": "Feature", "geometry": {"type": "Polygon", "coordinates": [[[77.0006467817882, 28.63321747365028], [77.00149294104362, 28.631573335986847], [77.00362893208757, 28.63139593997044], [77.00491886064219, 28.63286266156888], [77.0040727759023, 28.634506839056407], [77.0019366880887, 28.634684255122252], [77.0006467817882, 28.63321747365028]]]}, "properties": {"h3_id": "893da188b6bffff", "eligible_devices": 34, "qualifying_events": 3, "events_1_to_3_hours": 1, "events_over_3_hours": 2, "worst_affected_devices": 34, "worst_affected_share": 1.0, "longest_event_minutes": 715.0, "latest_event_start_ist": "2026-07-08 23:05:00", "latest_event_end_ist": "2026-07-09 11:00:00", "severity": "over_3_hours"}}, {"type": "Feature", "geometry": {"type": "Polygon", "coordinates": [[[76.99766444907115, 28.635038990228374], [76.99851071066699, 28.63339483118245], [77.0006467817882, 28.63321747365028], [77.0019366880887, 28.634684255122252], [77.00109050100527, 28.6363284539982], [76.9989543331054, 28.63650583157299], [76.99766444907115, 28.635038990228374]]]}, "properties": {"h3_id": "893da188b7bffff", "eligible_devices": 18, "qualifying_events": 2, "events_1_to_3_hours": 0, "events_over_3_hours": 2, "worst_affected_devices": 16, "worst_affected_share": 0.8889, "longest_event_minutes": 710.0, "latest_event_start_ist": "2026-07-08 23:05:00", "latest_event_end_ist": "2026-07-09 10:55:00", "severity": "over_3_hours"}}, {"type": "Feature", "geometry": {"type": "Polygon", "coordinates": [[[76.96595075701742, 28.617208908711994], [76.96679763290679, 28.615565230869056], [76.96893335956878, 28.615388439827857], [76.97022230710391, 28.616855306670846], [76.96937550561036, 28.618499024403086], [76.96723968218232, 28.618675835403867], [76.96595075701742, 28.617208908711994]]]}, "properties": {"h3_id": "893da18998fffff", "eligible_devices": 5, "qualifying_events": 1, "events_1_to_3_hours": 0, "events_over_3_hours": 1, "worst_affected_devices": 5, "worst_affected_share": 1.0, "longest_event_minutes": 375.0, "latest_event_start_ist": "2026-07-08 04:15:00", "latest_event_end_ist": "2026-07-08 10:30:00", "severity": "over_3_hours"}}, {"type": "Feature", "geometry": {"type": "Polygon", "coordinates": [[[76.90730741823282, 28.592154969187643], [76.90815552909977, 28.590512031688387], [76.9102908705397, 28.59033625364003], [76.91157819787445, 28.5918033932835], [76.91073016120534, 28.593446370782164], [76.90859472300009, 28.593622168638777], [76.90730741823282, 28.592154969187643]]]}, "properties": {"h3_id": "893da189edbffff", "eligible_devices": 9, "qualifying_events": 1, "events_1_to_3_hours": 1, "events_over_3_hours": 0, "worst_affected_devices": 8, "worst_affected_share": 0.8889, "longest_event_minutes": 165.0, "latest_event_start_ist": "2026-07-22 17:25:00", "latest_event_end_ist": "2026-07-22 20:10:00", "severity": "1_to_3_hours"}}, {"type": "Feature", "geometry": {"type": "Polygon", "coordinates": [[[76.92569029594345, 28.69925134979998], [76.9265392865805, 28.697606293536918], [76.9286779399001, 28.697429782242814], [76.92996769963406, 28.69889830732924], [76.92911878347904, 28.700543403567366], [76.92698003310446, 28.700719934744832], [76.92569029594345, 28.69925134979998]]]}, "properties": {"h3_id": "893da18a8cbffff", "eligible_devices": 7, "qualifying_events": 1, "events_1_to_3_hours": 0, "events_over_3_hours": 1, "worst_affected_devices": 7, "worst_affected_share": 1.0, "longest_event_minutes": 540.0, "latest_event_start_ist": "2026-07-27 03:10:00", "latest_event_end_ist": "2026-07-27 12:10:00", "severity": "over_3_hours"}}, {"type": "Feature", "geometry": {"type": "Polygon", "coordinates": [[[76.93763977652027, 28.691964973338006], [76.93848835697183, 28.69032000140797], [76.94062669031206, 28.690143335031394], [76.94191654021616, 28.691611620674887], [76.9410680342593, 28.69325663255625], [76.9389296039001, 28.693433318843624], [76.93763977652027, 28.691964973338006]]]}, "properties": {"h3_id": "893da18aab7ffff", "eligible_devices": 5, "qualifying_events": 1, "events_1_to_3_hours": 0, "events_over_3_hours": 1, "worst_affected_devices": 4, "worst_affected_share": 0.8, "longest_event_minutes": 400.0, "latest_event_start_ist": "2026-07-12 00:30:00", "latest_event_end_ist": "2026-07-12 07:10:00", "severity": "over_3_hours"}}, {"type": "Feature", "geometry": {"type": "Polygon", "coordinates": [[[76.92182140550896, 28.69484563990277], [76.92267044252687, 28.69320068466353], [76.92480898172434, 28.693024251913346], [76.92609858094725, 28.694492754530604], [76.9252496183921, 28.696137749751887], [76.92311098214773, 28.696314202374687], [76.92182140550896, 28.69484563990277]]]}, "properties": {"h3_id": "893da18ae23ffff", "eligible_devices": 11, "qualifying_events": 3, "events_1_to_3_hours": 2, "events_over_3_hours": 1, "worst_affected_devices": 10, "worst_affected_share": 0.9091, "longest_event_minutes": 290.0, "latest_event_start_ist": "2026-07-26 08:05:00", "latest_event_end_ist": "2026-07-26 09:25:00", "severity": "over_3_hours"}}, {"type": "Feature", "geometry": {"type": "Polygon", "coordinates": [[[76.9252496183921, 28.696137749751887], [76.92609858094725, 28.694492754530604], [76.92823713722039, 28.69431626311792], [76.92952682798128, 28.69578474704594], [76.9286779399001, 28.697429782242814], [76.9265392865805, 28.697606293536918], [76.9252496183921, 28.696137749751887]]]}, "properties": {"h3_id": "893da18ae27ffff", "eligible_devices": 10, "qualifying_events": 2, "events_1_to_3_hours": 2, "events_over_3_hours": 0, "worst_affected_devices": 8, "worst_affected_share": 0.8, "longest_event_minutes": 85.0, "latest_event_start_ist": "2026-07-26 08:05:00", "latest_event_end_ist": "2026-07-26 09:30:00", "severity": "1_to_3_hours"}}, {"type": "Feature", "geometry": {"type": "Polygon", "coordinates": [[[76.921380934846, 28.69173216336872], [76.9222299437754, 28.690087269177788], [76.92436838593451, 28.689910856298248], [76.92565791619904, 28.69137931773982], [76.92480898172434, 28.693024251913346], [76.92267044252687, 28.69320068466353], [76.921380934846, 28.69173216336872]]]}, "properties": {"h3_id": "893da18ae2bffff", "eligible_devices": 7, "qualifying_events": 3, "events_1_to_3_hours": 2, "events_over_3_hours": 1, "worst_affected_devices": 5, "worst_affected_share": 0.7143, "longest_event_minutes": 515.0, "latest_event_start_ist": "2026-07-26 08:05:00", "latest_event_end_ist": "2026-07-26 09:30:00", "severity": "over_3_hours"}}, {"type": "Feature", "geometry": {"type": "Polygon", "coordinates": [[[76.90986927558387, 28.702131014250725], [76.91071872283781, 28.700485974862456], [76.91285758182563, 28.700309697348843], [76.91414709063888, 28.701778439379186], [76.91329771783495, 28.70342351877324], [76.91115876176423, 28.70359981613201], [76.90986927558387, 28.702131014250725]]]}, "properties": {"h3_id": "893da18ae87ffff", "eligible_devices": 5, "qualifying_events": 2, "events_1_to_3_hours": 1, "events_over_3_hours": 1, "worst_affected_devices": 4, "worst_affected_share": 0.8, "longest_event_minutes": 455.0, "latest_event_start_ist": "2026-07-08 16:55:00", "latest_event_end_ist": "2026-07-08 18:35:00", "severity": "over_3_hours"}}, {"type": "Feature", "geometry": {"type": "Polygon", "coordinates": [[[77.08365442233193, 28.714474014974524], [77.08449940991977, 28.712827963084397], [77.08663741038066, 28.71264893381371], [77.08793052015287, 28.71411593615736], [77.08708560746346, 28.71576202771916], [77.08494751009988, 28.71594107726649], [77.08365442233193, 28.714474014974524]]]}, "properties": {"h3_id": "893da18c023ffff", "eligible_devices": 7, "qualifying_events": 1, "events_1_to_3_hours": 1, "events_over_3_hours": 0, "worst_affected_devices": 5, "worst_affected_share": 0.7143, "longest_event_minutes": 90.0, "latest_event_start_ist": "2026-07-04 07:25:00", "latest_event_end_ist": "2026-07-04 08:55:00", "severity": "1_to_3_hours"}}, {"type": "Feature", "geometry": {"type": "Polygon", "coordinates": [[[77.10126032682753, 28.72402657704234], [77.10210496744537, 28.722380265763107], [77.10424314630987, 28.722200922154105], [77.1055367814614, 28.723667869502535], [77.10469221580593, 28.725314220420234], [77.10255394003305, 28.72549358435191], [77.10126032682753, 28.72402657704234]]]}, "properties": {"h3_id": "893da18c107ffff", "eligible_devices": 11, "qualifying_events": 1, "events_1_to_3_hours": 0, "events_over_3_hours": 1, "worst_affected_devices": 10, "worst_affected_share": 0.9091, "longest_event_minutes": 205.0, "latest_event_start_ist": "2026-07-16 17:45:00", "latest_event_end_ist": "2026-07-16 21:10:00", "severity": "over_3_hours"}}, {"type": "Feature", "geometry": {"type": "Polygon", "coordinates": [[[77.10081142351396, 28.72091329922826], [77.10165603649793, 28.719267049045], [77.10379411846256, 28.719087725756687], [77.10508768433957, 28.720554632331798], [77.10424314630987, 28.722200922154105], [77.10210496744537, 28.722380265763107], [77.10081142351396, 28.72091329922826]]]}, "properties": {"h3_id": "893da18c10fffff", "eligible_devices": 9, "qualifying_events": 1, "events_1_to_3_hours": 0, "events_over_3_hours": 1, "worst_affected_devices": 8, "worst_affected_share": 0.8889, "longest_event_minutes": 205.0, "latest_event_start_ist": "2026-07-16 17:45:00", "latest_event_end_ist": "2026-07-16 21:10:00", "severity": "over_3_hours"}}, {"type": "Feature", "geometry": {"type": "Polygon", "coordinates": [[[77.08455060890401, 28.72070046745097], [77.085395651842, 28.71905429336909], [77.08753384611681, 28.718875223543115], [77.08882709436978, 28.720342307519264], [77.0879821263464, 28.72198852127165], [77.08584383515189, 28.72216761137825], [77.08455060890401, 28.72070046745097]]]}, "properties": {"h3_id": "893da18c1dbffff", "eligible_devices": 15, "qualifying_events": 1, "events_1_to_3_hours": 1, "events_over_3_hours": 0, "worst_affected_devices": 13, "worst_affected_share": 0.8667, "longest_event_minutes": 95.0, "latest_event_start_ist": "2026-07-04 07:20:00", "latest_event_end_ist": "2026-07-04 08:55:00", "severity": "1_to_3_hours"}}, {"type": "Feature", "geometry": {"type": "Polygon", "coordinates": [[[77.07410680526989, 28.693221092323732], [77.07495177650694, 28.691575486522055], [77.0770891630148, 28.691396696334905], [77.07838167513482, 28.692863491703164], [77.0775367787253, 28.694509137192956], [77.07539929536472, 28.694687947627223], [77.07410680526989, 28.693221092323732]]]}, "properties": {"h3_id": "893da18c207ffff", "eligible_devices": 5, "qualifying_events": 2, "events_1_to_3_hours": 1, "events_over_3_hours": 1, "worst_affected_devices": 5, "worst_affected_share": 1.0, "longest_event_minutes": 270.0, "latest_event_start_ist": "2026-07-14 07:20:00", "latest_event_end_ist": "2026-07-14 11:50:00", "severity": "over_3_hours"}}, {"type": "Feature", "geometry": {"type": "Polygon", "coordinates": [[[77.06769434026155, 28.6937572501987], [77.06853948881852, 28.69211166265581], [77.07067693940316, 28.691932969683915], [77.0719693382896, 28.693399844024242], [77.07112426454592, 28.695045471267708], [77.06898671709895, 28.69522418447111], [77.06769434026155, 28.6937572501987]]]}, "properties": {"h3_id": "893da18c213ffff", "eligible_devices": 17, "qualifying_events": 2, "events_1_to_3_hours": 1, "events_over_3_hours": 1, "worst_affected_devices": 15, "worst_affected_share": 0.8824, "longest_event_minutes": 210.0, "latest_event_start_ist": "2026-07-31 16:05:00", "latest_event_end_ist": "2026-07-31 19:35:00", "severity": "over_3_hours"}}, {"type": "Feature", "geometry": {"type": "Polygon", "coordinates": [[[77.06724718114464, 28.690644769290312], [77.06809230200324, 28.688999242884414], [77.07022965573405, 28.688820570142035], [77.07152198545656, 28.690287403576868], [77.07067693940316, 28.691932969683915], [77.06853948881852, 28.69211166265581], [77.06724718114464, 28.690644769290312]]]}, "properties": {"h3_id": "893da18c21bffff", "eligible_devices": 13, "qualifying_events": 4, "events_1_to_3_hours": 3, "events_over_3_hours": 1, "worst_affected_devices": 12, "worst_affected_share": 0.9231, "longest_event_minutes": 3435.0, "latest_event_start_ist": "2026-07-29 13:45:00", "latest_event_end_ist": "2026-07-29 15:25:00", "severity": "over_3_hours"}}, {"type": "Feature", "geometry": {"type": "Polygon", "coordinates": [[[77.06590595251933, 28.681307938931955], [77.06675099029123, 28.679662595972854], [77.0688880535117, 28.67948398390711], [77.070180175785, 28.68095069457777], [77.06933521279404, 28.682596077239726], [77.0671980527453, 28.68277470952902], [77.06590595251933, 28.681307938931955]]]}, "properties": {"h3_id": "893da18c24bffff", "eligible_devices": 13, "qualifying_events": 1, "events_1_to_3_hours": 1, "events_over_3_hours": 0, "worst_affected_devices": 10, "worst_affected_share": 0.7692, "longest_event_minutes": 65.0, "latest_event_start_ist": "2026-07-19 04:25:00", "latest_event_end_ist": "2026-07-19 05:30:00", "severity": "1_to_3_hours"}}, {"type": "Feature", "geometry": {"type": "Polygon", "coordinates": [[[77.06933521279404, 28.682596077239726], [77.070180175785, 28.68095069457777], [77.07231725540332, 28.68077202381863], [77.07360946885485, 28.68223871548992], [77.07276458065601, 28.68388413784821], [77.07062740420997, 28.68406282883972], [77.06933521279404, 28.682596077239726]]]}, "properties": {"h3_id": "893da18c24fffff", "eligible_devices": 6, "qualifying_events": 3, "events_1_to_3_hours": 1, "events_over_3_hours": 2, "worst_affected_devices": 5, "worst_affected_share": 0.8333, "longest_event_minutes": 705.0, "latest_event_start_ist": "2026-07-23 04:15:00", "latest_event_end_ist": "2026-07-23 13:10:00", "severity": "over_3_hours"}}, {"type": "Feature", "geometry": {"type": "Polygon", "coordinates": [[[77.0633705788582, 28.686244133006724], [77.06421574680579, 28.684598707452015], [77.06635298727923, 28.684420113643025], [77.0676451566474, 28.68588692517085], [77.06680006348576, 28.687532390433777], [77.06466272616647, 28.6877110044615], [77.0633705788582, 28.686244133006724]]]}, "properties": {"h3_id": "893da18c253ffff", "eligible_devices": 7, "qualifying_events": 1, "events_1_to_3_hours": 0, "events_over_3_hours": 1, "worst_affected_devices": 7, "worst_affected_share": 1.0, "longest_event_minutes": 310.0, "latest_event_start_ist": "2026-07-19 01:10:00", "latest_event_end_ist": "2026-07-19 06:20:00", "severity": "over_3_hours"}}, {"type": "Feature", "geometry": {"type": "Polygon", "coordinates": [[[77.06471155815811, 28.695581513637244], [77.06555680922504, 28.693935904669853], [77.06769434026155, 28.6937572501987], [77.06898671709895, 28.69522418447111], [77.06814154084222, 28.696869833145026], [77.06600391293433, 28.69704850784086], [77.06471155815811, 28.695581513637244]]]}, "properties": {"h3_id": "893da18c28bffff", "eligible_devices": 44, "qualifying_events": 1, "events_1_to_3_hours": 0, "events_over_3_hours": 1, "worst_affected_devices": 40, "worst_affected_share": 0.9091, "longest_event_minutes": 210.0, "latest_event_start_ist": "2026-07-31 16:05:00", "latest_event_end_ist": "2026-07-31 19:35:00", "severity": "over_3_hours"}}, {"type": "Feature", "geometry": {"type": "Polygon", "coordinates": [[[77.06814154084222, 28.696869833145026], [77.06898671709895, 28.69522418447111], [77.07112426454592, 28.695045471267708], [77.07241673260343, 28.69651238650558], [77.07157163116807, 28.6981580748795], [77.06943398685029, 28.698336808316395], [77.06814154084222, 28.696869833145026]]]}, "properties": {"h3_id": "893da18c28fffff", "eligible_devices": 8, "qualifying_events": 1, "events_1_to_3_hours": 0, "events_over_3_hours": 1, "worst_affected_devices": 8, "worst_affected_share": 1.0, "longest_event_minutes": 215.0, "latest_event_start_ist": "2026-07-31 16:05:00", "latest_event_end_ist": "2026-07-31 19:40:00", "severity": "over_3_hours"}}, {"type": "Feature", "geometry": {"type": "Polygon", "coordinates": [[[77.06217554449299, 28.70051850561246], [77.06302092579506, 28.698872814111677], [77.06515863415812, 28.698694177933884], [77.06645105810458, 28.700161213037873], [77.06560575161772, 28.701806944250542], [77.06346794636569, 28.701985600648193], [77.06217554449299, 28.70051850561246]]]}, "properties": {"h3_id": "893da18c293ffff", "eligible_devices": 11, "qualifying_events": 9, "events_1_to_3_hours": 1, "events_over_3_hours": 8, "worst_affected_devices": 9, "worst_affected_share": 0.8182, "longest_event_minutes": 600.0, "latest_event_start_ist": "2026-07-31 16:05:00", "latest_event_end_ist": "2026-07-31 19:35:00", "severity": "over_3_hours"}}, {"type": "Feature", "geometry": {"type": "Polygon", "coordinates": [[[77.06172859309213, 28.69740575997774], [77.06257394667544, 28.695760129597176], [77.06471155815811, 28.695581513637244], [77.06600391293433, 28.69704850784086], [77.06515863415812, 28.698694177933884], [77.06302092579506, 28.698872814111677], [77.06172859309213, 28.69740575997774]]]}, "properties": {"h3_id": "893da18c29bffff", "eligible_devices": 9, "qualifying_events": 1, "events_1_to_3_hours": 0, "events_over_3_hours": 1, "worst_affected_devices": 8, "worst_affected_share": 0.8889, "longest_event_minutes": 210.0, "latest_event_start_ist": "2026-07-31 16:05:00", "latest_event_end_ist": "2026-07-31 19:35:00", "severity": "over_3_hours"}}, {"type": "Feature", "geometry": {"type": "Polygon", "coordinates": [[[77.07455429644548, 28.69633361456475], [77.07539929536472, 28.694687947627223], [77.0775367787253, 28.694509137192956], [77.07882936002436, 28.695975973447954], [77.07798443594075, 28.697621680073045], [77.07584685571894, 28.697800510756426], [77.07455429644548, 28.69633361456475]]]}, "properties": {"h3_id": "893da18c2abffff", "eligible_devices": 6, "qualifying_events": 1, "events_1_to_3_hours": 1, "events_over_3_hours": 0, "worst_affected_devices": 6, "worst_affected_share": 1.0, "longest_event_minutes": 110.0, "latest_event_start_ist": "2026-07-07 14:00:00", "latest_event_end_ist": "2026-07-07 15:50:00", "severity": "1_to_3_hours"}}, {"type": "Feature", "geometry": {"type": "Polygon", "coordinates": [[[77.06426452361191, 28.692468951374554], [77.06510974697099, 28.690823403538758], [77.06724718114464, 28.690644769290312], [77.06853948881852, 28.69211166265581], [77.06769434026155, 28.6937572501987], [77.06555680922504, 28.693935904669853], [77.06426452361191, 28.692468951374554]]]}, "properties": {"h3_id": "893da18c2c7ffff", "eligible_devices": 8, "qualifying_events": 1, "events_1_to_3_hours": 0, "events_over_3_hours": 1, "worst_affected_devices": 8, "worst_affected_share": 1.0, "longest_event_minutes": 210.0, "latest_event_start_ist": "2026-07-31 16:05:00", "latest_event_end_ist": "2026-07-31 19:35:00", "severity": "over_3_hours"}}, {"type": "Feature", "geometry": {"type": "Polygon", "coordinates": [[[77.05679928913489, 28.730898973348072], [77.0576452000814, 28.72925272907542], [77.05978392534342, 28.729074046864024], [77.06107683663977, 28.73054158871089], [77.06023100056395, 28.732187872708725], [77.05809217831757, 28.732366575135345], [77.05679928913489, 28.730898973348072]]]}, "properties": {"h3_id": "893da18c4abffff", "eligible_devices": 8, "qualifying_events": 1, "events_1_to_3_hours": 0, "events_over_3_hours": 1, "worst_affected_devices": 6, "worst_affected_share": 0.75, "longest_event_minutes": 475.0, "latest_event_start_ist": "2026-07-19 10:25:00", "latest_event_end_ist": "2026-07-19 18:20:00", "severity": "over_3_hours"}}, {"type": "Feature", "geometry": {"type": "Polygon", "coordinates": [[[77.06963167537693, 28.729826429702026], [77.0704772313228, 28.72818014868149], [77.07261582841305, 28.72800127162969], [77.07390896651899, 28.72946865535277], [77.07306348547235, 28.731114976073542], [77.070924791417, 28.731293873371854], [77.06963167537693, 28.729826429702026]]]}, "properties": {"h3_id": "893da18c553ffff", "eligible_devices": 10, "qualifying_events": 2, "events_1_to_3_hours": 1, "events_over_3_hours": 1, "worst_affected_devices": 9, "worst_affected_share": 0.9, "longest_event_minutes": 980.0, "latest_event_start_ist": "2026-07-28 19:40:00", "latest_event_end_ist": "2026-07-29 12:00:00", "severity": "over_3_hours"}}, {"type": "Feature", "geometry": {"type": "Polygon", "coordinates": [[[77.06664733917411, 28.731651570541743], [77.06749299774081, 28.730005268167552], [77.06963167537693, 28.729826429702026], [77.070924791417, 28.731293873371854], [77.07007920774645, 28.732940215452214], [77.06794043313614, 28.733119074157425], [77.06664733917411, 28.731651570541743]]]}, "properties": {"h3_id": "893da18c5cbffff", "eligible_devices": 13, "qualifying_events": 1, "events_1_to_3_hours": 1, "events_over_3_hours": 0, "worst_affected_devices": 12, "worst_affected_share": 0.9231, "longest_event_minutes": 155.0, "latest_event_start_ist": "2026-07-24 13:30:00", "latest_event_end_ist": "2026-07-24 16:05:00", "severity": "1_to_3_hours"}}, {"type": "Feature", "geometry": {"type": "Polygon", "coordinates": [[[77.05963914006894, 28.705455745131587], [77.0604846516329, 28.703809971125548], [77.06262253734346, 28.703631353263226], [77.06391500839305, 28.70509848919278], [77.0630695716493, 28.70674430291609], [77.06093158903218, 28.70692294099341], [77.05963914006894, 28.705455745131587]]]}, "properties": {"h3_id": "893da18c623ffff", "eligible_devices": 7, "qualifying_events": 1, "events_1_to_3_hours": 1, "events_over_3_hours": 0, "worst_affected_devices": 5, "worst_affected_share": 0.7143, "longest_event_minutes": 90.0, "latest_event_start_ist": "2026-07-15 02:50:00", "latest_event_end_ist": "2026-07-15 04:20:00", "severity": "1_to_3_hours"}}, {"type": "Feature", "geometry": {"type": "Polygon", "coordinates": [[[77.04427316386293, 28.71146411114652], [77.0451191604546, 28.709818291437507], [77.04725735142823, 28.70963988658774], [77.04854964274992, 28.711107281268927], [77.04770372095487, 28.71275314072548], [77.04556543303794, 28.712931565754154], [77.04427316386293, 28.71146411114652]]]}, "properties": {"h3_id": "893da18c683ffff", "eligible_devices": 7, "qualifying_events": 2, "events_1_to_3_hours": 1, "events_over_3_hours": 1, "worst_affected_devices": 7, "worst_affected_share": 1.0, "longest_event_minutes": 200.0, "latest_event_start_ist": "2026-07-24 09:20:00", "latest_event_end_ist": "2026-07-24 12:40:00", "severity": "over_3_hours"}}, {"type": "Feature", "geometry": {"type": "Polygon", "coordinates": [[[77.04382696044676, 28.70835087774016], [77.04467292926276, 28.706705119118897], [77.04681102330157, 28.70652673444604], [77.04810324545565, 28.70799408821838], [77.04725735142823, 28.70963988658774], [77.0451191604546, 28.709818291437507], [77.04382696044676, 28.70835087774016]]]}, "properties": {"h3_id": "893da18c68bffff", "eligible_devices": 14, "qualifying_events": 1, "events_1_to_3_hours": 1, "events_over_3_hours": 0, "worst_affected_devices": 10, "worst_affected_share": 0.7143, "longest_event_minutes": 80.0, "latest_event_start_ist": "2026-07-22 14:45:00", "latest_event_end_ist": "2026-07-22 16:05:00", "severity": "1_to_3_hours"}}, {"type": "Feature", "geometry": {"type": "Polygon", "coordinates": [[[77.03696650204401, 28.705772626764173], [77.0378126204036, 28.70412694765864], [77.03995068136821, 28.7039486804858], [77.04124272090557, 28.70541607226004], [77.04039667731219, 28.70706179112669], [77.03825851941171, 28.707240078458824], [77.03696650204401, 28.705772626764173]]]}, "properties": {"h3_id": "893da18c6d3ffff", "eligible_devices": 24, "qualifying_events": 1, "events_1_to_3_hours": 1, "events_over_3_hours": 0, "worst_affected_devices": 21, "worst_affected_share": 0.875, "longest_event_minutes": 65.0, "latest_event_start_ist": "2026-07-01 10:05:00", "latest_event_end_ist": "2026-07-01 11:10:00", "severity": "1_to_3_hours"}}, {"type": "Feature", "geometry": {"type": "Polygon", "coordinates": [[[77.17660028868579, 28.728715500891113], [77.17744298280543, 28.72706876840758], [77.17958075676985, 28.72688823459179], [77.18087593343775, 28.72835441275119], [77.18003331447214, 28.73000118472754], [77.17789544368107, 28.730181739052536], [77.17660028868579, 28.728715500891113]]]}, "properties": {"h3_id": "893da18c923ffff", "eligible_devices": 13, "qualifying_events": 2, "events_1_to_3_hours": 0, "events_over_3_hours": 2, "worst_affected_devices": 13, "worst_affected_share": 1.0, "longest_event_minutes": 280.0, "latest_event_start_ist": "2026-07-23 11:25:00", "latest_event_end_ist": "2026-07-23 16:00:00", "severity": "over_3_hours"}}, {"type": "Feature", "geometry": {"type": "Polygon", "coordinates": [[[77.16539810951718, 28.71863234255633], [77.16624097411237, 28.71698585086074], [77.1683785066379, 28.716805534599427], [77.16967327137624, 28.718271689555785], [77.16883048188544, 28.71991822076503], [77.16669285254841, 28.720098557505132], [77.16539810951718, 28.71863234255633]]]}, "properties": {"h3_id": "893da18c94fffff", "eligible_devices": 7, "qualifying_events": 1, "events_1_to_3_hours": 1, "events_over_3_hours": 0, "worst_affected_devices": 5, "worst_affected_share": 0.7143, "longest_event_minutes": 65.0, "latest_event_start_ist": "2026-07-23 14:00:00", "latest_event_end_ist": "2026-07-23 15:05:00", "severity": "1_to_3_hours"}}, {"type": "Feature", "geometry": {"type": "Polygon", "coordinates": [[[77.17524324006365, 28.71937701612024], [77.17608585187881, 28.717730467045588], [77.17822333541426, 28.717549994745376], [77.17951830393218, 28.719016051017473], [77.17867576724669, 28.720662639586735], [77.17653818691008, 28.720843132390144], [77.17524324006365, 28.71937701612024]]]}, "properties": {"h3_id": "893da18c96fffff", "eligible_devices": 5, "qualifying_events": 1, "events_1_to_3_hours": 1, "events_over_3_hours": 0, "worst_affected_devices": 5, "worst_affected_share": 1.0, "longest_event_minutes": 105.0, "latest_event_start_ist": "2026-07-02 07:05:00", "latest_event_end_ist": "2026-07-02 08:50:00", "severity": "1_to_3_hours"}}, {"type": "Feature", "geometry": {"type": "Polygon", "coordinates": [[[77.1692824990427, 28.72303100872542], [77.17012531598456, 28.72138441637868], [77.17226296127339, 28.72120402078753], [77.1735578864362, 28.72267019705438], [77.17271514461797, 28.724316828907636], [77.17057740250975, 28.724497244988378], [77.1692824990427, 28.72303100872542]]]}, "properties": {"h3_id": "893da18c973ffff", "eligible_devices": 35, "qualifying_events": 3, "events_1_to_3_hours": 0, "events_over_3_hours": 3, "worst_affected_devices": 27, "worst_affected_share": 0.7714, "longest_event_minutes": 390.0, "latest_event_start_ist": "2026-07-16 04:15:00", "latest_event_end_ist": "2026-07-16 07:55:00", "severity": "over_3_hours"}}, {"type": "Feature", "geometry": {"type": "Polygon", "coordinates": [[[77.16883048188544, 28.71991822076503], [77.16967327137624, 28.718271689555785], [77.17181081985417, 28.718091314452217], [77.17310567564869, 28.719557450071175], [77.17226296127339, 28.72120402078753], [77.17012531598456, 28.72138441637868], [77.16883048188544, 28.71991822076503]]]}, "properties": {"h3_id": "893da18c97bffff", "eligible_devices": 23, "qualifying_events": 1, "events_1_to_3_hours": 1, "events_over_3_hours": 0, "worst_affected_devices": 21, "worst_affected_share": 0.913, "longest_event_minutes": 80.0, "latest_event_start_ist": "2026-07-02 07:25:00", "latest_event_end_ist": "2026-07-02 08:45:00", "severity": "1_to_3_hours"}}, {"type": "Feature", "geometry": {"type": "Polygon", "coordinates": [[[77.12674916064324, 28.698257743277072], [77.12759279555807, 28.696611808970175], [77.12972995798138, 28.69643218039384], [77.13102358228741, 28.697898465747283], [77.13018002233811, 28.699544439640892], [77.12804276311374, 28.6997240885952], [77.12674916064324, 28.698257743277072]]]}, "properties": {"h3_id": "893da18cad3ffff", "eligible_devices": 25, "qualifying_events": 1, "events_1_to_3_hours": 0, "events_over_3_hours": 1, "worst_affected_devices": 24, "worst_affected_share": 0.96, "longest_event_minutes": 340.0, "latest_event_start_ist": "2026-07-30 05:50:00", "latest_event_end_ist": "2026-07-30 11:30:00", "severity": "over_3_hours"}}, {"type": "Feature", "geometry": {"type": "Polygon", "coordinates": [[[77.15925661461392, 28.69867203925838], [77.16009938952705, 28.697025954040463], [77.16223632539054, 28.696845819394053], [77.16353058309853, 28.698311749508463], [77.16268788322995, 28.699957874250114], [77.1605508506053, 28.700138029354466], [77.15925661461392, 28.69867203925838]]]}, "properties": {"h3_id": "893da18cb43ffff", "eligible_devices": 8, "qualifying_events": 2, "events_1_to_3_hours": 1, "events_over_3_hours": 1, "worst_affected_devices": 8, "worst_affected_share": 1.0, "longest_event_minutes": 310.0, "latest_event_start_ist": "2026-07-28 02:50:00", "latest_event_end_ist": "2026-07-28 08:00:00", "severity": "over_3_hours"}}, {"type": "Feature", "geometry": {"type": "Polygon", "coordinates": [[[77.16268788322995, 28.699957874250114], [77.16353058309853, 28.698311749508463], [77.16566753493349, 28.698131556077715], [77.16696188365684, 28.699597466922736], [77.16611925884392, 28.70124363118158], [77.16398221024843, 28.701423845079084], [77.16268788322995, 28.699957874250114]]]}, "properties": {"h3_id": "893da18cb47ffff", "eligible_devices": 5, "qualifying_events": 2, "events_1_to_3_hours": 1, "events_over_3_hours": 1, "worst_affected_devices": 5, "worst_affected_share": 1.0, "longest_event_minutes": 310.0, "latest_event_start_ist": "2026-07-28 02:50:00", "latest_event_end_ist": "2026-07-28 08:00:00", "severity": "over_3_hours"}}, {"type": "Feature", "geometry": {"type": "Polygon", "coordinates": [[[77.15880522283865, 28.6955600046683], [77.15964797029399, 28.693913980630875], [77.16178480940485, 28.693733866440407], [77.16307899780948, 28.695199755832288], [77.16223632539054, 28.696845819394053], [77.16009938952705, 28.697025954040463], [77.15880522283865, 28.6955600046683]]]}, "properties": {"h3_id": "893da18cb4bffff", "eligible_devices": 5, "qualifying_events": 2, "events_1_to_3_hours": 1, "events_over_3_hours": 1, "worst_affected_devices": 4, "worst_affected_share": 0.8, "longest_event_minutes": 310.0, "latest_event_start_ist": "2026-07-28 02:50:00", "latest_event_end_ist": "2026-07-28 08:00:00", "severity": "over_3_hours"}}, {"type": "Feature", "geometry": {"type": "Polygon", "coordinates": [[[77.16223632539054, 28.696845819394053], [77.16307899780948, 28.695199755832288], [77.16521585289239, 28.695019582866276], [77.16651013230488, 28.696485452998157], [77.16566753493349, 28.698131556077715], [77.16353058309853, 28.698311749508463], [77.16223632539054, 28.696845819394053]]]}, "properties": {"h3_id": "893da18cb4fffff", "eligible_devices": 10, "qualifying_events": 2, "events_1_to_3_hours": 1, "events_over_3_hours": 1, "worst_affected_devices": 10, "worst_affected_share": 1.0, "longest_event_minutes": 315.0, "latest_event_start_ist": "2026-07-28 02:45:00", "latest_event_end_ist": "2026-07-28 08:00:00", "severity": "over_3_hours"}}, {"type": "Feature", "geometry": {"type": "Polygon", "coordinates": [[[77.17253027491411, 28.70070279525172], [77.17337272215703, 28.69905661315617], [77.1755096250639, 28.698876263832855], [77.17680417747454, 28.700342076114815], [77.17596180531257, 28.70198829770855], [77.1738248056555, 28.70216866752299], [77.17253027491411, 28.70070279525172]]]}, "properties": {"h3_id": "893da18cb67ffff", "eligible_devices": 5, "qualifying_events": 4, "events_1_to_3_hours": 3, "events_over_3_hours": 1, "worst_affected_devices": 5, "worst_affected_share": 1.0, "longest_event_minutes": 330.0, "latest_event_start_ist": "2026-07-22 20:10:00", "latest_event_end_ist": "2026-07-22 21:45:00", "severity": "over_3_hours"}}, {"type": "Feature", "geometry": {"type": "Polygon", "coordinates": [[[77.17135872035453, 28.71497870991565], [77.17220137984796, 28.71333226149101], [77.17433875066789, 28.713151868526825], [77.17563355878411, 28.714617903495782], [77.17479097440106, 28.716264391422182], [77.17265350678785, 28.71644480487873], [77.17135872035453, 28.71497870991565]]]}, "properties": {"h3_id": "893da18cba7ffff", "eligible_devices": 10, "qualifying_events": 1, "events_1_to_3_hours": 1, "events_over_3_hours": 0, "worst_affected_devices": 9, "worst_affected_share": 0.9, "longest_event_minutes": 110.0, "latest_event_start_ist": "2026-07-02 07:00:00", "latest_event_end_ist": "2026-07-02 08:50:00", "severity": "1_to_3_hours"}}, {"type": "Feature", "geometry": {"type": "Polygon", "coordinates": [[[77.14245008401444, 28.73947314374205], [77.14329382434656, 28.737826357232166], [77.14543219724499, 28.737646307351003], [77.14672692670914, 28.73911302355222], [77.1458832614734, 28.74075984962216], [77.14374479167358, 28.740939919931694], [77.14245008401444, 28.73947314374205]]]}, "properties": {"h3_id": "893da18cd1bffff", "eligible_devices": 5, "qualifying_events": 1, "events_1_to_3_hours": 1, "events_over_3_hours": 0, "worst_affected_devices": 5, "worst_affected_share": 1.0, "longest_event_minutes": 115.0, "latest_event_start_ist": "2026-07-07 12:40:00", "latest_event_end_ist": "2026-07-07 14:35:00", "severity": "1_to_3_hours"}}, {"type": "Feature", "geometry": {"type": "Polygon", "coordinates": [[[77.1591653142108, 28.74279226761108], [77.16000865145351, 28.741145344452296], [77.1621470076555, 28.740965020543538], [77.1634421235011, 28.74243159932397], [77.16259886140244, 28.744078562010678], [77.16046040831057, 28.744258906389867], [77.1591653142108, 28.74279226761108]]]}, "properties": {"h3_id": "893da18cd27ffff", "eligible_devices": 11, "qualifying_events": 1, "events_1_to_3_hours": 0, "events_over_3_hours": 1, "worst_affected_devices": 9, "worst_affected_share": 0.8182, "longest_event_minutes": 285.0, "latest_event_start_ist": "2026-07-19 01:35:00", "latest_event_end_ist": "2026-07-19 06:20:00", "severity": "over_3_hours"}}, {"type": "Feature", "geometry": {"type": "Polygon", "coordinates": [[[77.14154832991022, 28.733246201425956], [77.1423920151707, 28.73159953709999], [77.14453019429189, 28.73141952806958], [77.14582478503341, 28.73288616294161], [77.14498117485307, 28.73453286682882], [77.14284289884752, 28.73471289628361], [77.14154832991022, 28.733246201425956]]]}, "properties": {"h3_id": "893da18cd43ffff", "eligible_devices": 43, "qualifying_events": 1, "events_1_to_3_hours": 1, "events_over_3_hours": 0, "worst_affected_devices": 37, "worst_affected_share": 0.8605, "longest_event_minutes": 115.0, "latest_event_start_ist": "2026-07-07 12:40:00", "latest_event_end_ist": "2026-07-07 14:35:00", "severity": "1_to_3_hours"}}, {"type": "Feature", "geometry": {"type": "Polygon", "coordinates": [[[77.14453019429189, 28.73141952806958], [77.1453737769466, 28.729772885282703], [77.14751187526319, 28.729592837811722], [77.1488064877968, 28.731059412697284], [77.14796298022527, 28.73270609503944], [77.14582478503341, 28.73288616294161], [77.14453019429189, 28.73141952806958]]]}, "properties": {"h3_id": "893da18cd4fffff", "eligible_devices": 12, "qualifying_events": 2, "events_1_to_3_hours": 1, "events_over_3_hours": 1, "worst_affected_devices": 10, "worst_affected_share": 0.8333, "longest_event_minutes": 1325.0, "latest_event_start_ist": "2026-07-18 14:30:00", "latest_event_end_ist": "2026-07-19 12:35:00", "severity": "over_3_hours"}}, {"type": "Feature", "geometry": {"type": "Polygon", "coordinates": [[[77.13856628211742, 28.735072857859034], [77.13941006999013, 28.733426172005316], [77.14154832991022, 28.733246201425956], [77.14284289884752, 28.73471289628361], [77.1419991860519, 28.736359621704523], [77.13986082923836, 28.736539612701446], [77.13856628211742, 28.735072857859034]]]}, "properties": {"h3_id": "893da18cd53ffff", "eligible_devices": 20, "qualifying_events": 1, "events_1_to_3_hours": 1, "events_over_3_hours": 0, "worst_affected_devices": 15, "worst_affected_share": 0.75, "longest_event_minutes": 115.0, "latest_event_start_ist": "2026-07-07 12:40:00", "latest_event_end_ist": "2026-07-07 14:35:00", "severity": "1_to_3_hours"}}, {"type": "Feature", "geometry": {"type": "Polygon", "coordinates": [[[77.11482413956523, 28.705559826289942], [77.11566818455154, 28.703913805795697], [77.11780566959504, 28.70373433085835], [77.11909920648611, 28.70520085606536], [77.11825523645315, 28.706846916170104], [77.11611765457225, 28.70702641145819], [77.11482413956523, 28.705559826289942]]]}, "properties": {"h3_id": "893da18ce57ffff", "eligible_devices": 6, "qualifying_events": 2, "events_1_to_3_hours": 2, "events_over_3_hours": 0, "worst_affected_devices": 6, "worst_affected_share": 1.0, "longest_event_minutes": 130.0, "latest_event_start_ist": "2026-07-22 20:10:00", "latest_event_end_ist": "2026-07-22 21:50:00", "severity": "1_to_3_hours"}}, {"type": "Feature", "geometry": {"type": "Polygon", "coordinates": [[[77.12719910065317, 28.70137008405859], [77.12804276311374, 28.6997240885952], [77.13018002233811, 28.699544439640892], [77.13147371590802, 28.701010765770853], [77.13063012842112, 28.70265680082038], [77.12849277238713, 28.702836470154658], [77.12719910065317, 28.70137008405859]]]}, "properties": {"h3_id": "893da18ce6fffff", "eligible_devices": 11, "qualifying_events": 1, "events_1_to_3_hours": 0, "events_over_3_hours": 1, "worst_affected_devices": 11, "worst_affected_share": 1.0, "longest_event_minutes": 345.0, "latest_event_start_ist": "2026-07-30 05:50:00", "latest_event_end_ist": "2026-07-30 11:35:00", "severity": "over_3_hours"}}, {"type": "Feature", "geometry": {"type": "Polygon", "coordinates": [[[77.1225860316961, 28.714359445253926], [77.1234299819008, 28.712713223283657], [77.12556769297365, 28.712533590036447], [77.12686155069154, 28.714000158387996], [77.12601767547875, 28.715646419954542], [77.12387986755263, 28.715826073574103], [77.1225860316961, 28.714359445253926]]]}, "properties": {"h3_id": "893da18ceabffff", "eligible_devices": 25, "qualifying_events": 1, "events_1_to_3_hours": 1, "events_over_3_hours": 0, "worst_affected_devices": 18, "worst_affected_share": 0.72, "longest_event_minutes": 160.0, "latest_event_start_ist": "2026-07-18 09:20:00", "latest_event_end_ist": "2026-07-18 12:00:00", "severity": "1_to_3_hours"}}, {"type": "Feature", "geometry": {"type": "Polygon", "coordinates": [[[77.06247679985134, 28.680019722941722], [77.06332191239304, 28.678374419691963], [77.06545895920033, 28.67819586631449], [77.06675099029123, 28.679662595972854], [77.06590595251933, 28.681307938931955], [77.0637688088832, 28.681486512524202], [77.06247679985134, 28.680019722941722]]]}, "properties": {"h3_id": "893da18d197ffff", "eligible_devices": 16, "qualifying_events": 1, "events_1_to_3_hours": 0, "events_over_3_hours": 1, "worst_affected_devices": 12, "worst_affected_share": 0.75, "longest_event_minutes": 525.0, "latest_event_start_ist": "2026-07-14 23:25:00", "latest_event_end_ist": "2026-07-15 08:10:00", "severity": "over_3_hours"}}, {"type": "Feature", "geometry": {"type": "Polygon", "coordinates": [[[77.05860109339636, 28.67561939815315], [77.05944625298774, 28.673974195781224], [77.06158318654569, 28.673795721290837], [77.06287505732956, 28.675262428969223], [77.06202997248873, 28.67690767105756], [77.05989294210994, 28.677086165751945], [77.05860109339636, 28.67561939815315]]]}, "properties": {"h3_id": "893da18d19bffff", "eligible_devices": 8, "qualifying_events": 1, "events_1_to_3_hours": 1, "events_over_3_hours": 0, "worst_affected_devices": 6, "worst_affected_share": 0.75, "longest_event_minutes": 80.0, "latest_event_start_ist": "2026-07-07 14:20:00", "latest_event_end_ist": "2026-07-07 15:40:00", "severity": "1_to_3_hours"}}, {"type": "Feature", "geometry": {"type": "Polygon", "coordinates": [[[77.07186997161705, 28.6776600118767], [77.0727148044641, 28.67601471184381], [77.07485170683606, 28.675836022862484], [77.07614387316762, 28.677302613677686], [77.0752991151077, 28.67894795340154], [77.07316211592554, 28.679126662620067], [77.07186997161705, 28.6776600118767]]]}, "properties": {"h3_id": "893da18d1a3ffff", "eligible_devices": 12, "qualifying_events": 1, "events_1_to_3_hours": 0, "events_over_3_hours": 1, "worst_affected_devices": 11, "worst_affected_share": 0.9167, "longest_event_minutes": 230.0, "latest_event_start_ist": "2026-07-28 12:45:00", "latest_event_end_ist": "2026-07-28 16:35:00", "severity": "over_3_hours"}}, {"type": "Feature", "geometry": {"type": "Polygon", "coordinates": [[[77.04042894959554, 28.63935167242303], [77.04127413074265, 28.637707240951432], [77.04341003066905, 28.637529202685748], [77.04470084618276, 28.638995575743497], [77.04385573966088, 28.640640046963078], [77.0417197429965, 28.640818105377768], [77.04042894959554, 28.63935167242303]]]}, "properties": {"h3_id": "893da18d203ffff", "eligible_devices": 6, "qualifying_events": 1, "events_1_to_3_hours": 1, "events_over_3_hours": 0, "worst_affected_devices": 6, "worst_affected_share": 1.0, "longest_event_minutes": 90.0, "latest_event_start_ist": "2026-07-20 01:25:00", "latest_event_end_ist": "2026-07-20 02:55:00", "severity": "1_to_3_hours"}}, {"type": "Feature", "geometry": {"type": "Polygon", "coordinates": [[[77.04341003066905, 28.637529202685748], [77.04425510947327, 28.63588479269529], [77.04639092916639, 28.63570671601967], [77.04768176678073, 28.637173029179557], [77.04683676260483, 28.638817478912078], [77.04470084618276, 28.638995575743497], [77.04341003066905, 28.637529202685748]]]}, "properties": {"h3_id": "893da18d20fffff", "eligible_devices": 5, "qualifying_events": 1, "events_1_to_3_hours": 1, "events_over_3_hours": 0, "worst_affected_devices": 4, "worst_affected_share": 0.8, "longest_event_minutes": 75.0, "latest_event_start_ist": "2026-07-07 17:55:00", "latest_event_end_ist": "2026-07-07 19:10:00", "severity": "1_to_3_hours"}}, {"type": "Feature", "geometry": {"type": "Polygon", "coordinates": [[[77.03744768594518, 28.641174125209776], [77.03829296944159, 28.639529672268356], [77.04042894959554, 28.63935167242303], [77.0417197429965, 28.640818105377768], [77.04087453412227, 28.642462598073095], [77.03873845722134, 28.642640618060614], [77.03744768594518, 28.641174125209776]]]}, "properties": {"h3_id": "893da18d213ffff", "eligible_devices": 16, "qualifying_events": 1, "events_1_to_3_hours": 1, "events_over_3_hours": 0, "worst_affected_devices": 12, "worst_affected_share": 0.75, "longest_event_minutes": 85.0, "latest_event_start_ist": "2026-07-20 01:25:00", "latest_event_end_ist": "2026-07-20 02:50:00", "severity": "1_to_3_hours"}}, {"type": "Feature", "geometry": {"type": "Polygon", "coordinates": [[[77.03700226717676, 28.63806322050103], [77.03784752293795, 28.636418828783896], [77.03998340635343, 28.636240849078785], [77.04127413074265, 28.637707240951432], [77.04042894959554, 28.63935167242303], [77.03829296944159, 28.639529672268356], [77.03700226717676, 28.63806322050103]]]}, "properties": {"h3_id": "893da18d21bffff", "eligible_devices": 7, "qualifying_events": 1, "events_1_to_3_hours": 1, "events_over_3_hours": 0, "worst_affected_devices": 6, "worst_affected_share": 0.8571, "longest_event_minutes": 85.0, "latest_event_start_ist": "2026-07-20 01:25:00", "latest_event_end_ist": "2026-07-20 02:50:00", "severity": "1_to_3_hours"}}, {"type": "Feature", "geometry": {"type": "Polygon", "coordinates": [[[77.05070964265353, 28.64321656383009], [77.05155459989152, 28.64157201313401], [77.05369054925897, 28.641393799155644], [77.05498163812126, 28.642860115698834], [77.05413675554196, 28.64450470612342], [77.05200070943815, 28.64468294027716], [77.05070964265353, 28.64321656383009]]]}, "properties": {"h3_id": "893da18d237ffff", "eligible_devices": 8, "qualifying_events": 1, "events_1_to_3_hours": 1, "events_over_3_hours": 0, "worst_affected_devices": 7, "worst_affected_share": 0.875, "longest_event_minutes": 115.0, "latest_event_start_ist": "2026-07-18 08:40:00", "latest_event_end_ist": "2026-07-18 10:35:00", "severity": "1_to_3_hours"}}, {"type": "Feature", "geometry": {"type": "Polygon", "coordinates": [[[77.04639092916639, 28.63570671601967], [77.04723590563408, 28.63406232752165], [77.04937164508821, 28.633884212446553], [77.050662504791, 28.63535046570771], [77.04981760295473, 28.636994893941846], [77.04768176678073, 28.637173029179557], [77.04639092916639, 28.63570671601967]]]}, "properties": {"h3_id": "893da18d277ffff", "eligible_devices": 10, "qualifying_events": 1, "events_1_to_3_hours": 0, "events_over_3_hours": 1, "worst_affected_devices": 7, "worst_affected_share": 0.7, "longest_event_minutes": 330.0, "latest_event_start_ist": "2026-07-11 04:45:00", "latest_event_end_ist": "2026-07-11 10:15:00", "severity": "over_3_hours"}}, {"type": "Feature", "geometry": {"type": "Polygon", "coordinates": [[[77.03833864731186, 28.64739624151894], [77.03918398628291, 28.6457516661468], [77.04132015993929, 28.645573626015114], [77.04261109138511, 28.647040141110256], [77.04176582705233, 28.648684756235212], [77.03962955663195, 28.648862816513052], [77.03833864731186, 28.64739624151894]]]}, "properties": {"h3_id": "893da18d287ffff", "eligible_devices": 11, "qualifying_events": 1, "events_1_to_3_hours": 1, "events_over_3_hours": 0, "worst_affected_devices": 9, "worst_affected_share": 0.8182, "longest_event_minutes": 75.0, "latest_event_start_ist": "2026-07-23 01:00:00", "latest_event_end_ist": "2026-07-23 02:15:00", "severity": "1_to_3_hours"}}, {"type": "Feature", "geometry": {"type": "Polygon", "coordinates": [[[77.03446623971739, 28.642996561024205], [77.03531162556946, 28.641352086624302], [77.03744768594518, 28.641174125209776], [77.03873845722134, 28.642640618060614], [77.03789314598833, 28.644285132220357], [77.03575698885659, 28.64446311377027], [77.03446623971739, 28.642996561024205]]]}, "properties": {"h3_id": "893da18d28bffff", "eligible_devices": 10, "qualifying_events": 1, "events_1_to_3_hours": 1, "events_over_3_hours": 0, "worst_affected_devices": 8, "worst_affected_share": 0.8, "longest_event_minutes": 85.0, "latest_event_start_ist": "2026-07-20 01:25:00", "latest_event_end_ist": "2026-07-20 02:50:00", "severity": "1_to_3_hours"}}, {"type": "Feature", "geometry": {"type": "Polygon", "coordinates": [[[77.03402094544114, 28.639885574963174], [77.03486630354853, 28.63824116178215], [77.03700226717676, 28.63806322050103], [77.03829296944159, 28.639529672268356], [77.03744768594518, 28.641174125209776], [77.03531162556946, 28.641352086624302], [77.03402094544114, 28.639885574963174]]]}, "properties": {"h3_id": "893da18d2c7ffff", "eligible_devices": 19, "qualifying_events": 1, "events_1_to_3_hours": 1, "events_over_3_hours": 0, "worst_affected_devices": 15, "worst_affected_share": 0.7895, "longest_event_minutes": 75.0, "latest_event_start_ist": "2026-07-20 01:30:00", "latest_event_end_ist": "2026-07-20 02:45:00", "severity": "1_to_3_hours"}}, {"type": "Feature", "geometry": {"type": "Polygon", "coordinates": [[[77.05934987792479, 28.658237504705188], [77.06019479659, 28.65659262971048], [77.06233116583374, 28.656414217780835], [77.06362271317802, 28.65788066064587], [77.06277786922608, 28.65952557535387], [77.06064140321305, 28.65970400748441], [77.05934987792479, 28.658237504705188]]]}, "properties": {"h3_id": "893da18d397ffff", "eligible_devices": 7, "qualifying_events": 1, "events_1_to_3_hours": 0, "events_over_3_hours": 1, "worst_affected_devices": 5, "worst_affected_share": 0.7143, "longest_event_minutes": 355.0, "latest_event_start_ist": "2026-07-27 23:50:00", "latest_event_end_ist": "2026-07-28 05:45:00", "severity": "over_3_hours"}}, {"type": "Feature", "geometry": {"type": "Polygon", "coordinates": [[[77.06575909883875, 28.65770219008954], [77.06660384039142, 28.656057296876725], [77.0687401456941, 28.65587878790505], [77.07003180620028, 28.657345151930553], [77.0691871393751, 28.658990084844234], [77.06705073731271, 28.6591686140324], [77.06575909883875, 28.65770219008954]]]}, "properties": {"h3_id": "893da18d3b3ffff", "eligible_devices": 21, "qualifying_events": 2, "events_1_to_3_hours": 2, "events_over_3_hours": 0, "worst_affected_devices": 16, "worst_affected_share": 0.7619, "longest_event_minutes": 145.0, "latest_event_start_ist": "2026-07-15 16:30:00", "latest_event_end_ist": "2026-07-15 18:55:00", "severity": "1_to_3_hours"}}, {"type": "Feature", "geometry": {"type": "Polygon", "coordinates": [[[77.0501000046581, 28.684202601604294], [77.05094549937519, 28.682557273801695], [77.05308277089497, 28.682378894581007], [77.05437464455065, 28.683845822978235], [77.05352922458292, 28.68549119051449], [77.05139185620664, 28.685669589920696], [77.0501000046581, 28.684202601604294]]]}, "properties": {"h3_id": "893da18d507ffff", "eligible_devices": 13, "qualifying_events": 2, "events_1_to_3_hours": 2, "events_over_3_hours": 0, "worst_affected_devices": 10, "worst_affected_share": 0.7692, "longest_event_minutes": 95.0, "latest_event_start_ist": "2026-07-19 04:25:00", "latest_event_end_ist": "2026-07-19 05:35:00", "severity": "1_to_3_hours"}}, {"type": "Feature", "geometry": {"type": "Polygon", "coordinates": [[[77.0565119325433, 28.683667385063526], [77.0573572500293, 28.682022038944762], [77.05949445763255, 28.681843562532], [77.06078644459325, 28.683310412037716], [77.05994120187087, 28.684955797877702], [77.05780389742067, 28.685134294491597], [77.0565119325433, 28.683667385063526]]]}, "properties": {"h3_id": "893da18d523ffff", "eligible_devices": 26, "qualifying_events": 1, "events_1_to_3_hours": 1, "events_over_3_hours": 0, "worst_affected_devices": 22, "worst_affected_share": 0.8462, "longest_event_minutes": 65.0, "latest_event_start_ist": "2026-07-19 04:25:00", "latest_event_end_ist": "2026-07-19 05:30:00", "severity": "1_to_3_hours"}}, {"type": "Feature", "geometry": {"type": "Polygon", "coordinates": [[[77.05994120187087, 28.684955797877702], [77.06078644459325, 28.683310412037716], [77.06292366863927, 28.68313187692942], [77.06421574680579, 28.684598707452015], [77.0633705788582, 28.686244133006724], [77.06123325796578, 28.68642268832496], [77.05994120187087, 28.684955797877702]]]}, "properties": {"h3_id": "893da18d527ffff", "eligible_devices": 30, "qualifying_events": 1, "events_1_to_3_hours": 0, "events_over_3_hours": 1, "worst_affected_devices": 27, "worst_affected_share": 0.9, "longest_event_minutes": 315.0, "latest_event_start_ist": "2026-07-19 01:10:00", "latest_event_end_ist": "2026-07-19 06:25:00", "severity": "over_3_hours"}}, {"type": "Feature", "geometry": {"type": "Polygon", "coordinates": [[[77.04115060882165, 28.689673619915357], [77.04199641101303, 28.68802822794615], [77.04413392362208, 28.68784996429326], [77.04542573091987, 28.689317072445387], [77.04458000346855, 28.69096250416608], [77.04244239397585, 28.691140787984015], [77.04115060882165, 28.689673619915357]]]}, "properties": {"h3_id": "893da18d583ffff", "eligible_devices": 10, "qualifying_events": 1, "events_1_to_3_hours": 1, "events_over_3_hours": 0, "worst_affected_devices": 7, "worst_affected_share": 0.7, "longest_event_minutes": 140.0, "latest_event_start_ist": "2026-07-21 05:05:00", "latest_event_end_ist": "2026-07-21 07:25:00", "severity": "1_to_3_hours"}}, {"type": "Feature", "geometry": {"type": "Polygon", "coordinates": [[[77.05054633375077, 28.68731497886311], [77.05139185620664, 28.685669589920696], [77.05352922458292, 28.68549119051449], [77.05482116736485, 28.686958159864044], [77.05397571966643, 28.688603588539557], [77.0518382544251, 28.68878200813326], [77.05054633375077, 28.68731497886311]]]}, "properties": {"h3_id": "893da18d5abffff", "eligible_devices": 12, "qualifying_events": 3, "events_1_to_3_hours": 2, "events_over_3_hours": 1, "worst_affected_devices": 10, "worst_affected_share": 0.8333, "longest_event_minutes": 780.0, "latest_event_start_ist": "2026-07-28 13:10:00", "latest_event_end_ist": "2026-07-28 14:30:00", "severity": "over_3_hours"}}, {"type": "Feature", "geometry": {"type": "Polygon", "coordinates": [[[77.02805775429059, 28.64353023292012], [77.02890331710945, 28.641885776845303], [77.03103944114596, 28.64170791244345], [77.03233009912563, 28.6431744839975], [77.03148461091155, 28.644818979844576], [77.02934839010949, 28.64499686436619], [77.02805775429059, 28.64353023292012]]]}, "properties": {"h3_id": "893da18d66fffff", "eligible_devices": 13, "qualifying_events": 1, "events_1_to_3_hours": 1, "events_over_3_hours": 0, "worst_affected_devices": 11, "worst_affected_share": 0.8462, "longest_event_minutes": 75.0, "latest_event_start_ist": "2026-07-20 01:30:00", "latest_event_end_ist": "2026-07-20 02:45:00", "severity": "1_to_3_hours"}}, {"type": "Feature", "geometry": {"type": "Polygon", "coordinates": [[[77.10555634621522, 28.66381753721472], [77.10640010757692, 28.662172351642017], [77.10853631830282, 28.661993199746444], [77.10982886439102, 28.66345921310841], [77.10898517786629, 28.6651044383056], [77.10684887041288, 28.665283610517196], [77.10555634621522, 28.66381753721472]]]}, "properties": {"h3_id": "893da18d8cfffff", "eligible_devices": 5, "qualifying_events": 1, "events_1_to_3_hours": 0, "events_over_3_hours": 1, "worst_affected_devices": 4, "worst_affected_share": 0.8, "longest_event_minutes": 230.0, "latest_event_start_ist": "2026-07-26 19:55:00", "latest_event_end_ist": "2026-07-26 23:45:00", "severity": "over_3_hours"}}, {"type": "Feature", "geometry": {"type": "Polygon", "coordinates": [[[77.13091023465523, 28.68215890954332], [77.13175355447973, 28.680513263126784], [77.1338901685121, 28.680333639340066], [77.13518355946537, 28.68179964158716], [77.1343403145801, 28.68344532758084], [77.1322036037988, 28.683624971751133], [77.13091023465523, 28.68215890954332]]]}, "properties": {"h3_id": "893da18d983ffff", "eligible_devices": 12, "qualifying_events": 1, "events_1_to_3_hours": 1, "events_over_3_hours": 0, "worst_affected_devices": 9, "worst_affected_share": 0.75, "longest_event_minutes": 100.0, "latest_event_start_ist": "2026-07-31 22:20:00", "latest_event_end_ist": "2026-08-01 00:00:00", "severity": "1_to_3_hours"}}, {"type": "Feature", "geometry": {"type": "Polygon", "coordinates": [[[77.12703044777103, 28.67776076627287], [77.12787381499565, 28.676115220637666], [77.1300103161761, 28.675935675944412], [77.13130354686946, 28.677401656514444], [77.13046025456482, 28.679047241733887], [77.12832365664335, 28.67922680679992], [77.12703044777103, 28.67776076627287]]]}, "properties": {"h3_id": "893da18d9d7ffff", "eligible_devices": 11, "qualifying_events": 2, "events_1_to_3_hours": 2, "events_over_3_hours": 0, "worst_affected_devices": 10, "worst_affected_share": 0.9091, "longest_event_minutes": 135.0, "latest_event_start_ist": "2026-07-05 17:25:00", "latest_event_end_ist": "2026-07-05 19:10:00", "severity": "1_to_3_hours"}}, {"type": "Feature", "geometry": {"type": "Polygon", "coordinates": [[[77.10449845313308, 28.63399664984058], [77.10534186407715, 28.632352037094854], [77.10747712420522, 28.63217302967429], [77.10876907002773, 28.633638614695418], [77.10792573385098, 28.63528326706484], [77.10579037708084, 28.63546229479028], [77.10449845313308, 28.63399664984058]]]}, "properties": {"h3_id": "893da18da4bffff", "eligible_devices": 96, "qualifying_events": 1, "events_1_to_3_hours": 0, "events_over_3_hours": 1, "worst_affected_devices": 73, "worst_affected_share": 0.7604, "longest_event_minutes": 400.0, "latest_event_start_ist": "2026-07-24 11:25:00", "latest_event_end_ist": "2026-07-24 18:05:00", "severity": "over_3_hours"}}, {"type": "Feature", "geometry": {"type": "Polygon", "coordinates": [[[77.10792573385098, 28.63528326706484], [77.10876907002773, 28.633638614695418], [77.11090434635086, 28.63345954869407], [77.1121963831352, 28.634925114749333], [77.11135312173683, 28.636569806735952], [77.10921774877222, 28.63674889305096], [77.10792573385098, 28.63528326706484]]]}, "properties": {"h3_id": "893da18da4fffff", "eligible_devices": 16, "qualifying_events": 2, "events_1_to_3_hours": 1, "events_over_3_hours": 1, "worst_affected_devices": 14, "worst_affected_share": 0.875, "longest_event_minutes": 570.0, "latest_event_start_ist": "2026-07-25 09:45:00", "latest_event_end_ist": "2026-07-25 19:15:00", "severity": "over_3_hours"}}, {"type": "Feature", "geometry": {"type": "Polygon", "coordinates": [[[77.12731156125764, 28.657268424405487], [77.12815466096168, 28.65562326773228], [77.13029050130825, 28.65544380694218], [77.13158333862827, 28.65690948245857], [77.13074031379868, 28.658554678713568], [77.1286043767711, 28.65873415987124], [77.12731156125764, 28.657268424405487]]]}, "properties": {"h3_id": "893da18db8bffff", "eligible_devices": 7, "qualifying_events": 1, "events_1_to_3_hours": 1, "events_over_3_hours": 0, "worst_affected_devices": 5, "worst_affected_share": 0.7143, "longest_event_minutes": 70.0, "latest_event_start_ist": "2026-07-28 13:00:00", "latest_event_end_ist": "2026-07-28 14:10:00", "severity": "1_to_3_hours"}}, {"type": "Feature", "geometry": {"type": "Polygon", "coordinates": [[[77.12405039630626, 28.679585839866007], [77.12489386597578, 28.67794027262335], [77.12703044777103, 28.67776076627287], [77.12832365664335, 28.67922680679992], [77.12748026189077, 28.68087241363278], [77.1253435833454, 28.681051940349235], [77.12405039630626, 28.679585839866007]]]}, "properties": {"h3_id": "893da18dd6fffff", "eligible_devices": 8, "qualifying_events": 2, "events_1_to_3_hours": 2, "events_over_3_hours": 0, "worst_affected_devices": 8, "worst_affected_share": 1.0, "longest_event_minutes": 150.0, "latest_event_start_ist": "2026-07-05 17:25:00", "latest_event_end_ist": "2026-07-05 19:10:00", "severity": "1_to_3_hours"}}, {"type": "Feature", "geometry": {"type": "Polygon", "coordinates": [[[77.09888487044904, 28.752589026162212], [77.09972993753556, 28.750942183537447], [77.10186905332446, 28.750762754428415], [77.10316319901804, 28.752230147620025], [77.10231820695269, 28.753877029890507], [77.10017899416903, 28.754056479324507], [77.09888487044904, 28.752589026162212]]]}, "properties": {"h3_id": "893da18ea87ffff", "eligible_devices": 12, "qualifying_events": 1, "events_1_to_3_hours": 1, "events_over_3_hours": 0, "worst_affected_devices": 12, "worst_affected_share": 1.0, "longest_event_minutes": 65.0, "latest_event_start_ist": "2026-07-16 10:15:00", "latest_event_end_ist": "2026-07-16 11:20:00", "severity": "1_to_3_hours"}}, {"type": "Feature", "geometry": {"type": "Polygon", "coordinates": [[[77.10485305281634, 28.748936465511743], [77.1056979145552, 28.747289665680203], [77.10783686892536, 28.747110159434047], [77.10913105852964, 28.74857743268169], [77.10828627181807, 28.750224272147037], [77.10614722047136, 28.750403798731796], [77.10485305281634, 28.748936465511743]]]}, "properties": {"h3_id": "893da18eaabffff", "eligible_devices": 6, "qualifying_events": 2, "events_1_to_3_hours": 1, "events_over_3_hours": 1, "worst_affected_devices": 6, "worst_affected_share": 1.0, "longest_event_minutes": 1890.0, "latest_event_start_ist": "2026-07-27 11:35:00", "latest_event_end_ist": "2026-07-28 19:05:00", "severity": "over_3_hours"}}, {"type": "Feature", "geometry": {"type": "Polygon", "coordinates": [[[77.0284583634033, 28.714357797452617], [77.02930481726732, 28.712711993343024], [77.03144321630644, 28.712533821838033], [77.03273525844953, 28.714001434302713], [77.03188887935048, 28.715647278190676], [77.0297503833398, 28.715825469836442], [77.0284583634033, 28.714357797452617]]]}, "properties": {"h3_id": "893da18f10bffff", "eligible_devices": 14, "qualifying_events": 1, "events_1_to_3_hours": 1, "events_over_3_hours": 0, "worst_affected_devices": 13, "worst_affected_share": 0.9286, "longest_event_minutes": 65.0, "latest_event_start_ist": "2026-07-23 13:05:00", "latest_event_end_ist": "2026-07-23 14:10:00", "severity": "1_to_3_hours"}}, {"type": "Feature", "geometry": {"type": "Polygon", "coordinates": [[[77.0378582858353, 28.71199911255425], [77.03870445978002, 28.71035331127693], [77.04084271462489, 28.710175003783498], [77.04213489247435, 28.71164247740499], [77.04128879331198, 28.7132883184423], [77.03915044151424, 28.713466646098983], [77.0378582858353, 28.71199911255425]]]}, "properties": {"h3_id": "893da18f167ffff", "eligible_devices": 12, "qualifying_events": 1, "events_1_to_3_hours": 1, "events_over_3_hours": 0, "worst_affected_devices": 11, "worst_affected_share": 0.9167, "longest_event_minutes": 80.0, "latest_event_start_ist": "2026-07-22 14:45:00", "latest_event_end_ist": "2026-07-22 16:05:00", "severity": "1_to_3_hours"}}, {"type": "Feature", "geometry": {"type": "Polygon", "coordinates": [[[77.03144321630644, 28.712533821838033], [77.03228956759322, 28.71088803902215], [77.03442788625857, 28.710709828897638], [77.03571995059608, 28.71217738144226], [77.03487367407736, 28.71382320403059], [77.03273525844953, 28.714001434302713], [77.03144321630644, 28.712533821838033]]]}, "properties": {"h3_id": "893da18f173ffff", "eligible_devices": 15, "qualifying_events": 1, "events_1_to_3_hours": 1, "events_over_3_hours": 0, "worst_affected_devices": 15, "worst_affected_share": 1.0, "longest_event_minutes": 70.0, "latest_event_start_ist": "2026-07-23 13:05:00", "latest_event_end_ist": "2026-07-23 14:15:00", "severity": "1_to_3_hours"}}, {"type": "Feature", "geometry": {"type": "Polygon", "coordinates": [[[77.03099759460129, 28.709420467489323], [77.03184391807719, 28.707774745751486], [77.03398213978858, 28.707596555772618], [77.03527413497447, 28.70906406738681], [77.03442788625857, 28.710709828897638], [77.03228956759322, 28.71088803902215], [77.03099759460129, 28.709420467489323]]]}, "properties": {"h3_id": "893da18f17bffff", "eligible_devices": 7, "qualifying_events": 2, "events_1_to_3_hours": 2, "events_over_3_hours": 0, "worst_affected_devices": 6, "worst_affected_share": 0.8571, "longest_event_minutes": 135.0, "latest_event_start_ist": "2026-07-23 13:05:00", "latest_event_end_ist": "2026-07-23 14:10:00", "severity": "1_to_3_hours"}}, {"type": "Feature", "geometry": {"type": "Polygon", "coordinates": [[[77.02966097746216, 28.700081016606], [77.03050721751394, 28.69843547813819], [77.03264514841462, 28.6982573485844], [77.03393693618837, 28.699724737359574], [77.03309077087232, 28.701370315602077], [77.03095274304324, 28.701548465295566], [77.02966097746216, 28.700081016606]]]}, "properties": {"h3_id": "893da18f3abffff", "eligible_devices": 6, "qualifying_events": 1, "events_1_to_3_hours": 1, "events_over_3_hours": 0, "worst_affected_devices": 5, "worst_affected_share": 0.8333, "longest_event_minutes": 120.0, "latest_event_start_ist": "2026-07-02 08:05:00", "latest_event_end_ist": "2026-07-02 10:05:00", "severity": "1_to_3_hours"}}, {"type": "Feature", "geometry": {"type": "Polygon", "coordinates": [[[77.48208904239328, 28.83971829703843], [77.48292497753852, 28.838068136564093], [77.48506400979763, 28.837882364315526], [77.48636720366198, 28.839346731251087], [77.48553134465152, 28.84099693063088], [77.48339221563843, 28.841182724170537], [77.48208904239328, 28.83971829703843]]]}, "properties": {"h3_id": "893da1a0873ffff", "eligible_devices": 6, "qualifying_events": 1, "events_1_to_3_hours": 1, "events_over_3_hours": 0, "worst_affected_devices": 5, "worst_affected_share": 0.8333, "longest_event_minutes": 90.0, "latest_event_start_ist": "2026-07-09 09:20:00", "latest_event_end_ist": "2026-07-09 10:50:00", "severity": "1_to_3_hours"}}, {"type": "Feature", "geometry": {"type": "Polygon", "coordinates": [[[77.6764492456291, 28.92054578631945], [77.6772809789205, 28.918893274357224], [77.67942109091456, 28.91870410747851], [77.6807295663433, 28.920167430771954], [77.67989790983088, 28.92181998126216], [77.67775770110723, 28.922009169931847], [77.6764492456291, 28.92054578631945]]]}, "properties": {"h3_id": "893da1a49abffff", "eligible_devices": 5, "qualifying_events": 2, "events_1_to_3_hours": 1, "events_over_3_hours": 1, "worst_affected_devices": 4, "worst_affected_share": 0.8, "longest_event_minutes": 455.0, "latest_event_start_ist": "2026-07-05 22:35:00", "latest_event_end_ist": "2026-07-06 00:25:00", "severity": "over_3_hours"}}, {"type": "Feature", "geometry": {"type": "Polygon", "coordinates": [[[77.65492673413259, 28.88613529402463], [77.65575861461168, 28.884483524247383], [77.65789778788168, 28.88429485101189], [77.65920517732748, 28.88575792582667], [77.65837337349728, 28.887409734172188], [77.65623410356888, 28.887598429135547], [77.65492673413259, 28.88613529402463]]]}, "properties": {"h3_id": "893da1a4a23ffff", "eligible_devices": 26, "qualifying_events": 1, "events_1_to_3_hours": 0, "events_over_3_hours": 1, "worst_affected_devices": 23, "worst_affected_share": 0.8846, "longest_event_minutes": 775.0, "latest_event_start_ist": "2026-07-13 21:45:00", "latest_event_end_ist": "2026-07-14 10:40:00", "severity": "over_3_hours"}}, {"type": "Feature", "geometry": {"type": "Polygon", "coordinates": [[[77.65837337349728, 28.887409734172188], [77.65920517732748, 28.88575792582667], [77.66134436433619, 28.885569193077036], [77.66265184416868, 28.887032246937125], [77.66182011699841, 28.888684093844184], [77.65968083333222, 28.888872848330497], [77.65837337349728, 28.887409734172188]]]}, "properties": {"h3_id": "893da1a4a27ffff", "eligible_devices": 7, "qualifying_events": 3, "events_1_to_3_hours": 1, "events_over_3_hours": 2, "worst_affected_devices": 7, "worst_affected_share": 1.0, "longest_event_minutes": 780.0, "latest_event_start_ist": "2026-07-17 11:50:00", "latest_event_end_ist": "2026-07-17 21:05:00", "severity": "over_3_hours"}}, {"type": "Feature", "geometry": {"type": "Polygon", "coordinates": [[[77.6554021968121, 28.889250259986316], [77.65623410356888, 28.887598429135547], [77.65837337349728, 28.887409734172188], [77.65968083333222, 28.888872848330497], [77.65884900323267, 28.89052471774881], [77.65670963663744, 28.89071343444216], [77.6554021968121, 28.889250259986316]]]}, "properties": {"h3_id": "893da1a4a37ffff", "eligible_devices": 8, "qualifying_events": 1, "events_1_to_3_hours": 0, "events_over_3_hours": 1, "worst_affected_devices": 7, "worst_affected_share": 0.875, "longest_event_minutes": 780.0, "latest_event_start_ist": "2026-07-13 21:40:00", "latest_event_end_ist": "2026-07-14 10:40:00", "severity": "over_3_hours"}}, {"type": "Feature", "geometry": {"type": "Polygon", "coordinates": [[[77.53874271790585, 28.848985377200737], [77.53957725099863, 28.84733480054759], [77.54171614125197, 28.84714810500843], [77.54302059511488, 28.848611964690775], [77.542186138312, 28.850262580138686], [77.5400471513528, 28.850449297110377], [77.53874271790585, 28.848985377200737]]]}, "properties": {"h3_id": "893da1a50c3ffff", "eligible_devices": 10, "qualifying_events": 1, "events_1_to_3_hours": 0, "events_over_3_hours": 1, "worst_affected_devices": 9, "worst_affected_share": 0.9, "longest_event_minutes": 285.0, "latest_event_start_ist": "2026-07-31 00:35:00", "latest_event_end_ist": "2026-07-31 05:20:00", "severity": "over_3_hours"}}, {"type": "Feature", "geometry": {"type": "Polygon", "coordinates": [[[77.5357691092868, 28.850822633742364], [77.53660374522867, 28.849172034804266], [77.53874271790585, 28.848985377200737], [77.5400471513528, 28.850449297110377], [77.53921259169805, 28.85209993484923], [77.5370735223057, 28.852286613878572], [77.5357691092868, 28.850822633742364]]]}, "properties": {"h3_id": "893da1a50d3ffff", "eligible_devices": 8, "qualifying_events": 1, "events_1_to_3_hours": 0, "events_over_3_hours": 1, "worst_affected_devices": 7, "worst_affected_share": 0.875, "longest_event_minutes": 285.0, "latest_event_start_ist": "2026-07-31 00:35:00", "latest_event_end_ist": "2026-07-31 05:20:00", "severity": "over_3_hours"}}, {"type": "Feature", "geometry": {"type": "Polygon", "coordinates": [[[77.40115001697602, 28.689089614581903], [77.40198622066495, 28.6874426652105], [77.40412102852683, 28.687258824438945], [77.40541972911838, 28.688721911991692], [77.40458360102849, 28.690368900415166], [77.40244869674453, 28.690552762234702], [77.40115001697602, 28.689089614581903]]]}, "properties": {"h3_id": "893da1a8027ffff", "eligible_devices": 25, "qualifying_events": 1, "events_1_to_3_hours": 0, "events_over_3_hours": 1, "worst_affected_devices": 21, "worst_affected_share": 0.84, "longest_event_minutes": 435.0, "latest_event_start_ist": "2026-07-17 03:55:00", "latest_event_end_ist": "2026-07-17 11:10:00", "severity": "over_3_hours"}}, {"type": "Feature", "geometry": {"type": "Polygon", "coordinates": [[[77.39817882145796, 28.690920389177073], [77.39901512754662, 28.6892734175329], [77.40115001697602, 28.689089614581903], [77.40244869674453, 28.690552762234702], [77.40161246625206, 28.6921997729369], [77.39947748039138, 28.692383596929165], [77.39817882145796, 28.690920389177073]]]}, "properties": {"h3_id": "893da1a8037ffff", "eligible_devices": 7, "qualifying_events": 1, "events_1_to_3_hours": 0, "events_over_3_hours": 1, "worst_affected_devices": 7, "worst_affected_share": 1.0, "longest_event_minutes": 445.0, "latest_event_start_ist": "2026-07-17 03:50:00", "latest_event_end_ist": "2026-07-17 11:15:00", "severity": "over_3_hours"}}, {"type": "Feature", "geometry": {"type": "Polygon", "coordinates": [[[77.38398367674404, 28.682692005604462], [77.38482025826261, 28.68104525159244], [77.38695499169359, 28.680861705069628], [77.38825324002839, 28.68232489155565], [77.38741673405369, 28.683971684652747], [77.38528190419682, 28.68415525217963], [77.38398367674404, 28.682692005604462]]]}, "properties": {"h3_id": "893da1a8057ffff", "eligible_devices": 7, "qualifying_events": 1, "events_1_to_3_hours": 1, "events_over_3_hours": 0, "worst_affected_devices": 6, "worst_affected_share": 0.8571, "longest_event_minutes": 125.0, "latest_event_start_ist": "2026-07-12 08:45:00", "latest_event_end_ist": "2026-07-12 10:50:00", "severity": "1_to_3_hours"}}, {"type": "Feature", "geometry": {"type": "Polygon", "coordinates": [[[77.39679210017685, 28.68159027677029], [77.39762832583416, 28.679943489138314], [77.39976292602032, 28.67975974929874], [77.40106139695168, 28.681222776056934], [77.40022524686603, 28.68286960274887], [77.39809055027388, 28.683053363623525], [77.39679210017685, 28.68159027677029]]]}, "properties": {"h3_id": "893da1a8067ffff", "eligible_devices": 25, "qualifying_events": 1, "events_1_to_3_hours": 0, "events_over_3_hours": 1, "worst_affected_devices": 20, "worst_affected_share": 0.8, "longest_event_minutes": 185.0, "latest_event_start_ist": "2026-07-21 02:25:00", "latest_event_end_ist": "2026-07-21 05:30:00", "severity": "over_3_hours"}}, {"type": "Feature", "geometry": {"type": "Polygon", "coordinates": [[[77.38880221767941, 28.69330223331383], [77.38963880416665, 28.691655256234444], [77.39177384181531, 28.691471587827152], [77.39307238942361, 28.692934875481072], [77.39223587851576, 28.694581891637004], [77.39010074441673, 28.694765581063344], [77.38880221767941, 28.69330223331383]]]}, "properties": {"h3_id": "893da1a80bbffff", "eligible_devices": 5, "qualifying_events": 3, "events_1_to_3_hours": 3, "events_over_3_hours": 0, "worst_affected_devices": 4, "worst_affected_share": 0.8, "longest_event_minutes": 135.0, "latest_event_start_ist": "2026-07-15 15:40:00", "latest_event_end_ist": "2026-07-15 17:30:00", "severity": "1_to_3_hours"}}, {"type": "Feature", "geometry": {"type": "Polygon", "coordinates": [[[77.40848007176719, 28.694758304356704], [77.4093161510342, 28.693111215558254], [77.41145108498102, 28.69292723598663], [77.41275003608631, 28.694390324146774], [77.41191403244858, 28.69603745198347], [77.4097790020728, 28.696221452622673], [77.40848007176719, 28.694758304356704]]]}, "properties": {"h3_id": "893da1a811bffff", "eligible_devices": 45, "qualifying_events": 5, "events_1_to_3_hours": 2, "events_over_3_hours": 3, "worst_affected_devices": 44, "worst_affected_share": 0.9778, "longest_event_minutes": 1115.0, "latest_event_start_ist": "2026-07-28 05:20:00", "latest_event_end_ist": "2026-07-28 08:15:00", "severity": "over_3_hours"}}, {"type": "Feature", "geometry": {"type": "Polygon", "coordinates": [[[77.40458360102849, 28.690368900415166], [77.40541972911838, 28.688721911991692], [77.40755455182018, 28.688538012355384], [77.40885334284991, 28.690001080086667], [77.4080172903701, 28.691648107555615], [77.405882371247, 28.691832028248683], [77.40458360102849, 28.690368900415166]]]}, "properties": {"h3_id": "893da1a8153ffff", "eligible_devices": 31, "qualifying_events": 1, "events_1_to_3_hours": 0, "events_over_3_hours": 1, "worst_affected_devices": 30, "worst_affected_share": 0.9677, "longest_event_minutes": 445.0, "latest_event_start_ist": "2026-07-17 03:50:00", "latest_event_end_ist": "2026-07-17 11:15:00", "severity": "over_3_hours"}}, {"type": "Feature", "geometry": {"type": "Polygon", "coordinates": [[[77.4080172903701, 28.691648107555615], [77.40885334284991, 28.690001080086667], [77.41098818037621, 28.689817121580592], [77.41228706183972, 28.691280169478816], [77.41145108498102, 28.69292723598663], [77.4093161510342, 28.693111215558254], [77.4080172903701, 28.691648107555615]]]}, "properties": {"h3_id": "893da1a8157ffff", "eligible_devices": 53, "qualifying_events": 3, "events_1_to_3_hours": 2, "events_over_3_hours": 1, "worst_affected_devices": 50, "worst_affected_share": 0.9434, "longest_event_minutes": 440.0, "latest_event_start_ist": "2026-07-28 05:20:00", "latest_event_end_ist": "2026-07-28 08:15:00", "severity": "over_3_hours"}}, {"type": "Feature", "geometry": {"type": "Polygon", "coordinates": [[[77.40207495834998, 28.695310032898952], [77.40291121564726, 28.69366296087189], [77.40504621636174, 28.69347907800232], [77.40634505621433, 28.6949422461086], [77.40550887453243, 28.69658935718645], [77.40337377737903, 28.696773261108117], [77.40207495834998, 28.695310032898952]]]}, "properties": {"h3_id": "893da1a81c3ffff", "eligible_devices": 7, "qualifying_events": 3, "events_1_to_3_hours": 2, "events_over_3_hours": 1, "worst_affected_devices": 6, "worst_affected_share": 0.8571, "longest_event_minutes": 440.0, "latest_event_start_ist": "2026-07-17 21:55:00", "latest_event_end_ist": "2026-07-17 23:30:00", "severity": "over_3_hours"}}, {"type": "Feature", "geometry": {"type": "Polygon", "coordinates": [[[77.40161246625206, 28.6921997729369], [77.40244869674453, 28.690552762234702], [77.40458360102849, 28.690368900415166], [77.405882371247, 28.691832028248683], [77.40504621636174, 28.69347907800232], [77.40291121564726, 28.69366296087189], [77.40161246625206, 28.6921997729369]]]}, "properties": {"h3_id": "893da1a81cbffff", "eligible_devices": 39, "qualifying_events": 1, "events_1_to_3_hours": 0, "events_over_3_hours": 1, "worst_affected_devices": 35, "worst_affected_share": 0.8974, "longest_event_minutes": 445.0, "latest_event_start_ist": "2026-07-17 03:50:00", "latest_event_end_ist": "2026-07-17 11:15:00", "severity": "over_3_hours"}}, {"type": "Feature", "geometry": {"type": "Polygon", "coordinates": [[[77.40504621636174, 28.69347907800232], [77.405882371247, 28.691832028248683], [77.4080172903701, 28.691648107555615], [77.4093161510342, 28.693111215558254], [77.40848007176719, 28.694758304356704], [77.40634505621433, 28.6949422461086], [77.40504621636174, 28.69347907800232]]]}, "properties": {"h3_id": "893da1a81cfffff", "eligible_devices": 32, "qualifying_events": 1, "events_1_to_3_hours": 0, "events_over_3_hours": 1, "worst_affected_devices": 32, "worst_affected_share": 1.0, "longest_event_minutes": 445.0, "latest_event_start_ist": "2026-07-17 03:50:00", "latest_event_end_ist": "2026-07-17 11:15:00", "severity": "over_3_hours"}}, {"type": "Feature", "geometry": {"type": "Polygon", "coordinates": [[[77.38900251980782, 28.672811899545344], [77.38983884292813, 28.671165312760174], [77.39197322056458, 28.670981732618866], [77.39327137146788, 28.672444718250198], [77.39243512388083, 28.67409134410981], [77.39030064985373, 28.67427494526453], [77.38900251980782, 28.672811899545344]]]}, "properties": {"h3_id": "893da1a82a3ffff", "eligible_devices": 47, "qualifying_events": 1, "events_1_to_3_hours": 1, "events_over_3_hours": 0, "worst_affected_devices": 38, "worst_affected_share": 0.8085, "longest_event_minutes": 70.0, "latest_event_start_ist": "2026-07-07 12:20:00", "latest_event_end_ist": "2026-07-07 13:30:00", "severity": "1_to_3_hours"}}, {"type": "Feature", "geometry": {"type": "Polygon", "coordinates": [[[77.39243512388083, 28.67409134410981], [77.39327137146788, 28.672444718250198], [77.39540576399354, 28.672261079294245], [77.39670400531855, 28.673724045176584], [77.39586783327582, 28.675370710104044], [77.39373334436024, 28.675554370082185], [77.39243512388083, 28.67409134410981]]]}, "properties": {"h3_id": "893da1a82a7ffff", "eligible_devices": 24, "qualifying_events": 1, "events_1_to_3_hours": 1, "events_over_3_hours": 0, "worst_affected_devices": 20, "worst_affected_share": 0.8333, "longest_event_minutes": 75.0, "latest_event_start_ist": "2026-07-07 12:15:00", "latest_event_end_ist": "2026-07-07 13:30:00", "severity": "1_to_3_hours"}}, {"type": "Feature", "geometry": {"type": "Polygon", "coordinates": [[[77.38854078245093, 28.66970230739146], [77.38937707874955, 28.668055781968736], [77.39151136000376, 28.66787222283877], [77.3928094413381, 28.669335168121055], [77.39197322056458, 28.670981732618866], [77.38983884292813, 28.671165312760174], [77.38854078245093, 28.66970230739146]]]}, "properties": {"h3_id": "893da1a82abffff", "eligible_devices": 31, "qualifying_events": 1, "events_1_to_3_hours": 1, "events_over_3_hours": 0, "worst_affected_devices": 26, "worst_affected_share": 0.8387, "longest_event_minutes": 70.0, "latest_event_start_ist": "2026-07-07 12:20:00", "latest_event_end_ist": "2026-07-07 13:30:00", "severity": "1_to_3_hours"}}, {"type": "Feature", "geometry": {"type": "Polygon", "coordinates": [[[77.38603163521091, 28.674642050942964], [77.38686806068458, 28.672995441881664], [77.38900251980782, 28.672811899545344], [77.39030064985373, 28.67427494526453], [77.38946429991046, 28.675921593406215], [77.38732974438737, 28.67610515674922], [77.38603163521091, 28.674642050942964]]]}, "properties": {"h3_id": "893da1a82b3ffff", "eligible_devices": 5, "qualifying_events": 1, "events_1_to_3_hours": 1, "events_over_3_hours": 0, "worst_affected_devices": 5, "worst_affected_share": 1.0, "longest_event_minutes": 85.0, "latest_event_start_ist": "2026-07-07 12:20:00", "latest_event_end_ist": "2026-07-07 13:45:00", "severity": "1_to_3_hours"}}, {"type": "Feature", "geometry": {"type": "Polygon", "coordinates": [[[77.40867430008711, 28.674268073900727], [77.40951011629829, 28.672621375491005], [77.4116443902919, 28.67243748451276], [77.41294294444008, 28.673900270883177], [77.412107203812, 28.675547008329044], [77.40997283344916, 28.675730920369222], [77.40867430008711, 28.674268073900727]]]}, "properties": {"h3_id": "893da1a8303ffff", "eligible_devices": 10, "qualifying_events": 7, "events_1_to_3_hours": 2, "events_over_3_hours": 5, "worst_affected_devices": 9, "worst_affected_share": 0.9, "longest_event_minutes": 485.0, "latest_event_start_ist": "2026-07-25 19:45:00", "latest_event_end_ist": "2026-07-25 21:45:00", "severity": "over_3_hours"}}, {"type": "Feature", "geometry": {"type": "Polygon", "coordinates": [[[77.40913699046658, 28.67737768014348], [77.40997283344916, 28.675730920369222], [77.412107203812, 28.675547008329044], [77.41340582756642, 28.677009834999993], [77.4125700601751, 28.678656633809748], [77.4104355934346, 28.67884056691394], [77.40913699046658, 28.67737768014348]]]}, "properties": {"h3_id": "893da1a8317ffff", "eligible_devices": 10, "qualifying_events": 7, "events_1_to_3_hours": 2, "events_over_3_hours": 5, "worst_affected_devices": 10, "worst_affected_share": 1.0, "longest_event_minutes": 485.0, "latest_event_start_ist": "2026-07-25 19:45:00", "latest_event_end_ist": "2026-07-25 21:45:00", "severity": "over_3_hours"}}, {"type": "Feature", "geometry": {"type": "Polygon", "coordinates": [[[77.39586783327582, 28.675370710104044], [77.39670400531855, 28.673724045176584], [77.39883841271804, 28.673540347400976], [77.40013674446037, 28.675003293522753], [77.39930064797294, 28.676649997511458], [77.39716614418434, 28.676833716318026], [77.39586783327582, 28.675370710104044]]]}, "properties": {"h3_id": "893da1a83d3ffff", "eligible_devices": 7, "qualifying_events": 2, "events_1_to_3_hours": 0, "events_over_3_hours": 2, "worst_affected_devices": 5, "worst_affected_share": 0.7143, "longest_event_minutes": 565.0, "latest_event_start_ist": "2026-07-28 00:50:00", "latest_event_end_ist": "2026-07-28 10:15:00", "severity": "over_3_hours"}}, {"type": "Feature", "geometry": {"type": "Polygon", "coordinates": [[[77.39930064797294, 28.676649997511458], [77.40013674446037, 28.675003293522753], [77.40227116671824, 28.67481953692251], [77.40356958887352, 28.6762824632721], [77.40273356795245, 28.677929206315458], [77.40059904930621, 28.67811298395544], [77.39930064797294, 28.676649997511458]]]}, "properties": {"h3_id": "893da1a83d7ffff", "eligible_devices": 8, "qualifying_events": 1, "events_1_to_3_hours": 0, "events_over_3_hours": 1, "worst_affected_devices": 6, "worst_affected_share": 0.75, "longest_event_minutes": 215.0, "latest_event_start_ist": "2026-07-07 02:35:00", "latest_event_end_ist": "2026-07-07 06:10:00", "severity": "over_3_hours"}}, {"type": "Feature", "geometry": {"type": "Polygon", "coordinates": [[[77.35949481362782, 28.670622228180108], [77.36033189674396, 28.66897580929253], [77.3624664289016, 28.66879269544817], [77.36376397436226, 28.670255979551698], [77.3629269667045, 28.67190243757112], [77.36079233812421, 28.67208557235606], [77.35949481362782, 28.670622228180108]]]}, "properties": {"h3_id": "893da1a8643ffff", "eligible_devices": 11, "qualifying_events": 1, "events_1_to_3_hours": 0, "events_over_3_hours": 1, "worst_affected_devices": 8, "worst_affected_share": 0.7273, "longest_event_minutes": 270.0, "latest_event_start_ist": "2026-07-02 10:25:00", "latest_event_end_ist": "2026-07-02 14:55:00", "severity": "over_3_hours"}}, {"type": "Feature", "geometry": {"type": "Polygon", "coordinates": [[[77.36866338401155, 28.688732902117646], [77.36950045063236, 28.6870860983167], [77.37163549501606, 28.686902762064374], [77.3729335692388, 28.68836620864548], [77.37209657813929, 28.69001305156191], [77.36996143729226, 28.690196408782636], [77.36866338401155, 28.688732902117646]]]}, "properties": {"h3_id": "893da1a86b7ffff", "eligible_devices": 5, "qualifying_events": 1, "events_1_to_3_hours": 1, "events_over_3_hours": 0, "worst_affected_devices": 5, "worst_affected_share": 1.0, "longest_event_minutes": 130.0, "latest_event_start_ist": "2026-07-21 09:45:00", "latest_event_end_ist": "2026-07-21 11:55:00", "severity": "1_to_3_hours"}}, {"type": "Feature", "geometry": {"type": "Polygon", "coordinates": [[[77.45470492281154, 28.700217952643296], [77.45553983558173, 28.69857056322848], [77.45767458985182, 28.698385843574655], [77.4589745277325, 28.699848492154285], [77.45813969071322, 28.701495920517367], [77.45600484005885, 28.701680661353432], [77.45470492281154, 28.700217952643296]]]}, "properties": {"h3_id": "893da1a8887ffff", "eligible_devices": 5, "qualifying_events": 2, "events_1_to_3_hours": 1, "events_over_3_hours": 1, "worst_affected_devices": 5, "worst_affected_share": 1.0, "longest_event_minutes": 260.0, "latest_event_start_ist": "2026-07-21 04:55:00", "latest_event_end_ist": "2026-07-21 06:40:00", "severity": "over_3_hours"}}, {"type": "Feature", "geometry": {"type": "Polygon", "coordinates": [[[77.47642044484009, 28.693612132560478], [77.47725469408367, 28.691964777404166], [77.47938906842914, 28.69177975140558], [77.48068928986415, 28.693242059330885], [77.47985511640763, 28.69488945339241], [77.47772064572558, 28.695074500624308], [77.47642044484009, 28.693612132560478]]]}, "properties": {"h3_id": "893da1a8943ffff", "eligible_devices": 13, "qualifying_events": 2, "events_1_to_3_hours": 0, "events_over_3_hours": 2, "worst_affected_devices": 12, "worst_affected_share": 0.9231, "longest_event_minutes": 590.0, "latest_event_start_ist": "2026-07-09 22:10:00", "latest_event_end_ist": "2026-07-10 08:00:00", "severity": "over_3_hours"}}, {"type": "Feature", "geometry": {"type": "Polygon", "coordinates": [[[77.46239519482893, 28.664905530612902], [77.4632294583737, 28.663258783348628], [77.46536301874353, 28.66307410362883], [77.46666241183684, 28.66453614998381], [77.46582822398062, 28.666182936178444], [77.46369456733903, 28.666367637088623], [77.46239519482893, 28.664905530612902]]]}, "properties": {"h3_id": "893da1a8a67ffff", "eligible_devices": 12, "qualifying_events": 2, "events_1_to_3_hours": 1, "events_over_3_hours": 1, "worst_affected_devices": 10, "worst_affected_share": 0.8333, "longest_event_minutes": 495.0, "latest_event_start_ist": "2026-07-13 06:20:00", "latest_event_end_ist": "2026-07-13 08:15:00", "severity": "over_3_hours"}}, {"type": "Feature", "geometry": {"type": "Polygon", "coordinates": [[[77.48736112999353, 28.68006391310636], [77.48819491661392, 28.678416770657996], [77.49032877100804, 28.678231636559808], [77.49162893506116, 28.67969362365495], [77.49079522422267, 28.681340804986007], [77.48866127354567, 28.681525960340124], [77.48736112999353, 28.68006391310636]]]}, "properties": {"h3_id": "893da1a8b23ffff", "eligible_devices": 5, "qualifying_events": 2, "events_1_to_3_hours": 0, "events_over_3_hours": 2, "worst_affected_devices": 5, "worst_affected_share": 1.0, "longest_event_minutes": 595.0, "latest_event_start_ist": "2026-07-09 22:05:00", "latest_event_end_ist": "2026-07-10 08:00:00", "severity": "over_3_hours"}}, {"type": "Feature", "geometry": {"type": "Polygon", "coordinates": [[[77.48689484278064, 28.676954763572017], [77.48772860283721, 28.67530768252597], [77.48986236095683, 28.67512256968162], [77.49116245529089, 28.676584516630385], [77.49032877100804, 28.678231636559808], [77.48819491661392, 28.678416770657996], [77.48689484278064, 28.676954763572017]]]}, "properties": {"h3_id": "893da1a8b2bffff", "eligible_devices": 14, "qualifying_events": 2, "events_1_to_3_hours": 0, "events_over_3_hours": 2, "worst_affected_devices": 11, "worst_affected_share": 0.7857, "longest_event_minutes": 590.0, "latest_event_start_ist": "2026-07-09 22:10:00", "latest_event_end_ist": "2026-07-10 08:00:00", "severity": "over_3_hours"}}, {"type": "Feature", "geometry": {"type": "Polygon", "coordinates": [[[77.43938950545339, 28.70626779681115], [77.44022490365961, 28.704620356906567], [77.44235997032526, 28.704435847203403], [77.44365973520311, 28.705898756259078], [77.44282441272546, 28.707546235142402], [77.44068924963787, 28.70773076599219], [77.43938950545339, 28.70626779681115]]]}, "properties": {"h3_id": "893da1a8c07ffff", "eligible_devices": 9, "qualifying_events": 1, "events_1_to_3_hours": 0, "events_over_3_hours": 1, "worst_affected_devices": 8, "worst_affected_share": 0.8889, "longest_event_minutes": 1995.0, "latest_event_start_ist": "2026-07-17 00:40:00", "latest_event_end_ist": "2026-07-18 09:55:00", "severity": "over_3_hours"}}, {"type": "Feature", "geometry": {"type": "Polygon", "coordinates": [[[77.43549059313203, 28.701878929745806], [77.43632604033407, 28.70023159015087], [77.43846099590064, 28.70004716050695], [77.43976060067597, 28.701510049323062], [77.43892522918328, 28.70315742790399], [77.43679017720241, 28.70334187868367], [77.43549059313203, 28.701878929745806]]]}, "properties": {"h3_id": "893da1a8c0bffff", "eligible_devices": 7, "qualifying_events": 2, "events_1_to_3_hours": 0, "events_over_3_hours": 2, "worst_affected_devices": 6, "worst_affected_share": 0.8571, "longest_event_minutes": 435.0, "latest_event_start_ist": "2026-07-15 02:25:00", "latest_event_end_ist": "2026-07-15 09:40:00", "severity": "over_3_hours"}}, {"type": "Feature", "geometry": {"type": "Polygon", "coordinates": [[[77.43892522918328, 28.70315742790399], [77.43976060067597, 28.701510049323062], [77.44189557092808, 28.701325560764456], [77.44319526609755, 28.702788429643093], [77.44235997032526, 28.704435847203403], [77.44022490365961, 28.704620356906567], [77.43892522918328, 28.70315742790399]]]}, "properties": {"h3_id": "893da1a8c0fffff", "eligible_devices": 6, "qualifying_events": 1, "events_1_to_3_hours": 0, "events_over_3_hours": 1, "worst_affected_devices": 6, "worst_affected_share": 1.0, "longest_event_minutes": 440.0, "latest_event_start_ist": "2026-07-15 02:25:00", "latest_event_end_ist": "2026-07-15 09:45:00", "severity": "over_3_hours"}}, {"type": "Feature", "geometry": {"type": "Polygon", "coordinates": [[[77.45498995886383, 28.723823870826962], [77.45582516082526, 28.722176029822624], [77.45796067180109, 28.72199119963635], [77.45926107726444, 28.72345418926527], [77.45842595110851, 28.725102069219215], [77.45629034368022, 28.72528692059553], [77.45498995886383, 28.723823870826962]]]}, "properties": {"h3_id": "893da1a8d97ffff", "eligible_devices": 5, "qualifying_events": 3, "events_1_to_3_hours": 3, "events_over_3_hours": 0, "worst_affected_devices": 5, "worst_affected_share": 1.0, "longest_event_minutes": 160.0, "latest_event_start_ist": "2026-07-29 19:00:00", "latest_event_end_ist": "2026-07-29 20:45:00", "severity": "1_to_3_hours"}}, {"type": "Feature", "geometry": {"type": "Polygon", "coordinates": [[[77.35443306618812, 28.63642087862529], [77.35526985348635, 28.634775134917867], [77.35740332555089, 28.634592251284538], [77.35870010664371, 28.636055090441456], [77.35786339471427, 28.637700873287628], [77.35572982631973, 28.637883777838987], [77.35443306618812, 28.63642087862529]]]}, "properties": {"h3_id": "893da1a9013ffff", "eligible_devices": 13, "qualifying_events": 1, "events_1_to_3_hours": 0, "events_over_3_hours": 1, "worst_affected_devices": 10, "worst_affected_share": 0.7692, "longest_event_minutes": 360.0, "latest_event_start_ist": "2026-07-23 13:00:00", "latest_event_end_ist": "2026-07-23 19:00:00", "severity": "over_3_hours"}}, {"type": "Feature", "geometry": {"type": "Polygon", "coordinates": [[[77.35100284312824, 28.635140805704218], [77.35183970578419, 28.633495101142135], [77.35397316279962, 28.633312276203153], [77.35526985348635, 28.634775134917867], [77.35443306618812, 28.63642087862529], [77.35229951284197, 28.63660372447352], [77.35100284312824, 28.635140805704218]]]}, "properties": {"h3_id": "893da1a90c7ffff", "eligible_devices": 10, "qualifying_events": 1, "events_1_to_3_hours": 0, "events_over_3_hours": 1, "worst_affected_devices": 8, "worst_affected_share": 0.8, "longest_event_minutes": 220.0, "latest_event_start_ist": "2026-07-09 07:15:00", "latest_event_end_ist": "2026-07-09 10:55:00", "severity": "over_3_hours"}}, {"type": "Feature", "geometry": {"type": "Polygon", "coordinates": [[[77.3537243042179, 28.60972694527628], [77.35456077430341, 28.60808171537763], [77.35669339481704, 28.60789896129372], [77.35798964149522, 28.609361416201004], [77.35715324671627, 28.611006685237463], [77.35502052994909, 28.61118946022971], [77.3537243042179, 28.60972694527628]]]}, "properties": {"h3_id": "893da1a920bffff", "eligible_devices": 38, "qualifying_events": 4, "events_1_to_3_hours": 4, "events_over_3_hours": 0, "worst_affected_devices": 32, "worst_affected_share": 0.8421, "longest_event_minutes": 120.0, "latest_event_start_ist": "2026-07-28 12:20:00", "latest_event_end_ist": "2026-07-28 13:30:00", "severity": "1_to_3_hours"}}, {"type": "Feature", "geometry": {"type": "Polygon", "coordinates": [[[77.35326461796035, 28.60661924098548], [77.35410106118073, 28.604974072554995], [77.35623358544925, 28.60479133937736], [77.357529762739, 28.606253753724804], [77.35669339481704, 28.60789896129372], [77.35456077430341, 28.60808171537763], [77.35326461796035, 28.60661924098548]]]}, "properties": {"h3_id": "893da1a9247ffff", "eligible_devices": 18, "qualifying_events": 3, "events_1_to_3_hours": 3, "events_over_3_hours": 0, "worst_affected_devices": 16, "worst_affected_share": 0.8889, "longest_event_minutes": 120.0, "latest_event_start_ist": "2026-07-28 12:20:00", "latest_event_end_ist": "2026-07-28 13:30:00", "severity": "1_to_3_hours"}}, {"type": "Feature", "geometry": {"type": "Polygon", "coordinates": [[[77.35669339481704, 28.60789896129372], [77.357529762739, 28.606253753724804], [77.3596623020332, 28.60607096193044], [77.36095856964634, 28.60753335679082], [77.36012227703381, 28.609178603491596], [77.35798964149522, 28.609361416201004], [77.35669339481704, 28.60789896129372]]]}, "properties": {"h3_id": "893da1a9273ffff", "eligible_devices": 5, "qualifying_events": 3, "events_1_to_3_hours": 3, "events_over_3_hours": 0, "worst_affected_devices": 5, "worst_affected_share": 1.0, "longest_event_minutes": 120.0, "latest_event_start_ist": "2026-07-28 12:20:00", "latest_event_end_ist": "2026-07-28 13:30:00", "severity": "1_to_3_hours"}}, {"type": "Feature", "geometry": {"type": "Polygon", "coordinates": [[[77.34732613288512, 28.610274998008794], [77.34816278043333, 28.608629784941954], [77.35029546710598, 28.60844712720318], [77.35159160249032, 28.60990966163928], [77.35075503023471, 28.611554913856445], [77.34862224729866, 28.61173759248806], [77.34732613288512, 28.610274998008794]]]}, "properties": {"h3_id": "893da1a92cfffff", "eligible_devices": 33, "qualifying_events": 1, "events_1_to_3_hours": 0, "events_over_3_hours": 1, "worst_affected_devices": 30, "worst_affected_share": 0.9091, "longest_event_minutes": 645.0, "latest_event_start_ist": "2026-07-09 03:35:00", "latest_event_end_ist": "2026-07-09 14:20:00", "severity": "over_3_hours"}}, {"type": "Feature", "geometry": {"type": "Polygon", "coordinates": [[[77.37522102758066, 28.623620162532568], [77.37605709929814, 28.621974574994507], [77.37819000223772, 28.621791427158577], [77.37948692972222, 28.623253845896564], [77.37865093339364, 28.62489947253176], [77.37651793418816, 28.6250826413327], [77.37522102758066, 28.623620162532568]]]}, "properties": {"h3_id": "893da1a9313ffff", "eligible_devices": 5, "qualifying_events": 4, "events_1_to_3_hours": 2, "events_over_3_hours": 2, "worst_affected_devices": 4, "worst_affected_share": 0.8, "longest_event_minutes": 2195.0, "latest_event_start_ist": "2026-07-30 11:25:00", "latest_event_end_ist": "2026-08-01 00:00:00", "severity": "over_3_hours"}}, {"type": "Feature", "geometry": {"type": "Polygon", "coordinates": [[[77.36790109778104, 28.617953321060668], [77.36873729340815, 28.616307873190433], [77.37087007018003, 28.616124863631082], [77.37216674758032, 28.6175872809974], [77.37133062731198, 28.61923276797854], [77.36919775428107, 28.619415798483328], [77.36790109778104, 28.617953321060668]]]}, "properties": {"h3_id": "893da1a93cbffff", "eligible_devices": 12, "qualifying_events": 2, "events_1_to_3_hours": 2, "events_over_3_hours": 0, "worst_affected_devices": 12, "worst_affected_share": 1.0, "longest_event_minutes": 65.0, "latest_event_start_ist": "2026-07-09 16:15:00", "latest_event_end_ist": "2026-07-09 17:20:00", "severity": "1_to_3_hours"}}, {"type": "Feature", "geometry": {"type": "Polygon", "coordinates": [[[77.36493194190942, 28.619781763114634], [77.36576823972753, 28.61813629290739], [77.36790109778104, 28.617953321060668], [77.36919775428107, 28.619415798483328], [77.36836153181882, 28.621061307807423], [77.36622857749717, 28.62124430059287], [77.36493194190942, 28.619781763114634]]]}, "properties": {"h3_id": "893da1a93dbffff", "eligible_devices": 19, "qualifying_events": 1, "events_1_to_3_hours": 1, "events_over_3_hours": 0, "worst_affected_devices": 14, "worst_affected_share": 0.7368, "longest_event_minutes": 110.0, "latest_event_start_ist": "2026-07-09 12:50:00", "latest_event_end_ist": "2026-07-09 14:40:00", "severity": "1_to_3_hours"}}, {"type": "Feature", "geometry": {"type": "Polygon", "coordinates": [[[77.33385331051268, 28.628739267799464], [77.33469054979187, 28.62709375906258], [77.33682393133117, 28.62691122752006], [77.33812016992215, 28.6283741838499], [77.33728300594555, 28.630019731764957], [77.3351495280719, 28.63020228417288], [77.33385331051268, 28.628739267799464]]]}, "properties": {"h3_id": "893da1a9617ffff", "eligible_devices": 7, "qualifying_events": 2, "events_1_to_3_hours": 1, "events_over_3_hours": 1, "worst_affected_devices": 5, "worst_affected_share": 0.7143, "longest_event_minutes": 595.0, "latest_event_start_ist": "2026-07-29 23:35:00", "latest_event_end_ist": "2026-07-30 09:30:00", "severity": "over_3_hours"}}, {"type": "Feature", "geometry": {"type": "Polygon", "coordinates": [[[77.34276462268717, 28.62325510031316], [77.34360155530166, 28.62160965833154], [77.34573469322673, 28.62142701342906], [77.34703099484078, 28.622889789623496], [77.34619413753758, 28.624535270765442], [77.34406090330556, 28.624717936553495], [77.34276462268717, 28.62325510031316]]]}, "properties": {"h3_id": "893da1a962bffff", "eligible_devices": 11, "qualifying_events": 1, "events_1_to_3_hours": 0, "events_over_3_hours": 1, "worst_affected_devices": 9, "worst_affected_share": 0.8182, "longest_event_minutes": 565.0, "latest_event_start_ist": "2026-07-04 01:15:00", "latest_event_end_ist": "2026-07-04 10:40:00", "severity": "over_3_hours"}}, {"type": "Feature", "geometry": {"type": "Polygon", "coordinates": [[[77.34619413753758, 28.624535270765442], [77.34703099484078, 28.622889789623496], [77.34916414784789, 28.622707086063], [77.35046053985451, 28.62416984275099], [77.3496237578736, 28.625815363046716], [77.3474905085603, 28.625998087501547], [77.34619413753758, 28.624535270765442]]]}, "properties": {"h3_id": "893da1a962fffff", "eligible_devices": 14, "qualifying_events": 1, "events_1_to_3_hours": 0, "events_over_3_hours": 1, "worst_affected_devices": 14, "worst_affected_share": 1.0, "longest_event_minutes": 570.0, "latest_event_start_ist": "2026-07-04 01:15:00", "latest_event_end_ist": "2026-07-04 10:45:00", "severity": "over_3_hours"}}, {"type": "Feature", "geometry": {"type": "Polygon", "coordinates": [[[77.42482790804624, 28.63036893085765], [77.42566274099526, 28.628723003361586], [77.42779548135486, 28.628539059269883], [77.42909348498286, 28.630001021586917], [77.42825872755522, 28.63164698808389], [77.42612589097473, 28.631830953263815], [77.42482790804624, 28.63036893085765]]]}, "properties": {"h3_id": "893da1a984fffff", "eligible_devices": 7, "qualifying_events": 4, "events_1_to_3_hours": 2, "events_over_3_hours": 2, "worst_affected_devices": 7, "worst_affected_share": 1.0, "longest_event_minutes": 520.0, "latest_event_start_ist": "2026-07-29 17:15:00", "latest_event_end_ist": "2026-07-29 19:00:00", "severity": "over_3_hours"}}, {"type": "Feature", "geometry": {"type": "Polygon", "coordinates": [[[77.4399433035191, 28.64480525954191], [77.44077791430091, 28.64315899172485], [77.44291100206095, 28.642974749375423], [77.44420957527862, 28.644436753714462], [77.44337504008668, 28.646083060504118], [77.44124185608369, 28.646267323983036], [77.4399433035191, 28.64480525954191]]]}, "properties": {"h3_id": "893da1a99cbffff", "eligible_devices": 7, "qualifying_events": 1, "events_1_to_3_hours": 1, "events_over_3_hours": 0, "worst_affected_devices": 5, "worst_affected_share": 0.7143, "longest_event_minutes": 120.0, "latest_event_start_ist": "2026-07-24 23:25:00", "latest_event_end_ist": "2026-07-25 01:25:00", "severity": "1_to_3_hours"}}, {"type": "Feature", "geometry": {"type": "Polygon", "coordinates": [[[77.42093427878882, 28.625982904995173], [77.42176916054851, 28.62433707797395], [77.42390178997587, 28.624153213667615], [77.42519963385332, 28.62561515530598], [77.42436482759587, 28.62726102133533], [77.42223210195525, 28.627444906719063], [77.42093427878882, 28.625982904995173]]]}, "properties": {"h3_id": "893da1a9a87ffff", "eligible_devices": 21, "qualifying_events": 1, "events_1_to_3_hours": 1, "events_over_3_hours": 0, "worst_affected_devices": 15, "worst_affected_share": 0.7143, "longest_event_minutes": 145.0, "latest_event_start_ist": "2026-07-08 02:35:00", "latest_event_end_ist": "2026-07-08 05:00:00", "severity": "1_to_3_hours"}}, {"type": "Feature", "geometry": {"type": "Polygon", "coordinates": [[[77.41796658392376, 28.6278125811504], [77.41880156788255, 28.62616673167593], [77.42093427878882, 28.625982904995173], [77.42223210195525, 28.627444906719063], [77.42139719349584, 28.62909079520763], [77.41926438636713, 28.6292746429591], [77.41796658392376, 28.6278125811504]]]}, "properties": {"h3_id": "893da1a9a97ffff", "eligible_devices": 29, "qualifying_events": 1, "events_1_to_3_hours": 0, "events_over_3_hours": 1, "worst_affected_devices": 21, "worst_affected_share": 0.7241, "longest_event_minutes": 460.0, "latest_event_start_ist": "2026-07-07 01:25:00", "latest_event_end_ist": "2026-07-07 09:05:00", "severity": "over_3_hours"}}, {"type": "Feature", "geometry": {"type": "Polygon", "coordinates": [[[77.41407349610968, 28.623426437164245], [77.41490852884084, 28.62178068817908], [77.41704112878254, 28.621596941256186], [77.41833879220442, 28.623058922259464], [77.4175038349535, 28.624704710265952], [77.41537113879698, 28.624888478248717], [77.41407349610968, 28.623426437164245]]]}, "properties": {"h3_id": "893da1a9a9bffff", "eligible_devices": 8, "qualifying_events": 1, "events_1_to_3_hours": 0, "events_over_3_hours": 1, "worst_affected_devices": 6, "worst_affected_share": 0.75, "longest_event_minutes": 510.0, "latest_event_start_ist": "2026-07-07 23:45:00", "latest_event_end_ist": "2026-07-08 08:15:00", "severity": "over_3_hours"}}, {"type": "Feature", "geometry": {"type": "Polygon", "coordinates": [[[77.41526936298315, 28.653230990418376], [77.41610473848216, 28.651584666034598], [77.41823828619182, 28.651400767191927], [77.4195365546986, 28.652863171662165], [77.4187012547504, 28.654509535067454], [77.41656761074114, 28.654693454981885], [77.41526936298315, 28.653230990418376]]]}, "properties": {"h3_id": "893da1a9c23ffff", "eligible_devices": 16, "qualifying_events": 2, "events_1_to_3_hours": 1, "events_over_3_hours": 1, "worst_affected_devices": 13, "worst_affected_share": 0.8125, "longest_event_minutes": 190.0, "latest_event_start_ist": "2026-07-09 07:40:00", "latest_event_end_ist": "2026-07-09 10:50:00", "severity": "over_3_hours"}}, {"type": "Feature", "geometry": {"type": "Polygon", "coordinates": [[[77.41388108335524, 28.643905049936503], [77.4147163786514, 28.642258909818523], [77.41684963751266, 28.642075074178727], [77.41814769734866, 28.64353735759224], [77.41731247757882, 28.64518353673365], [77.41517912244316, 28.64536739343901], [77.41388108335524, 28.643905049936503]]]}, "properties": {"h3_id": "893da1a9c6fffff", "eligible_devices": 11, "qualifying_events": 2, "events_1_to_3_hours": 0, "events_over_3_hours": 2, "worst_affected_devices": 10, "worst_affected_share": 0.9091, "longest_event_minutes": 450.0, "latest_event_start_ist": "2026-07-28 13:15:00", "latest_event_end_ist": "2026-07-28 20:45:00", "severity": "over_3_hours"}}, {"type": "Feature", "geometry": {"type": "Polygon", "coordinates": [[[77.400421989744, 28.662381876296887], [77.40125787673261, 28.66073544011236], [77.40339183202167, 28.66055172989412], [77.40468999666412, 28.662014434823075], [77.40385418521207, 28.663660910058884], [77.4017201335775, 28.66384464131533], [77.400421989744, 28.662381876296887]]]}, "properties": {"h3_id": "893da1a9c97ffff", "eligible_devices": 24, "qualifying_events": 1, "events_1_to_3_hours": 1, "events_over_3_hours": 0, "worst_affected_devices": 19, "worst_affected_share": 0.7917, "longest_event_minutes": 155.0, "latest_event_start_ist": "2026-07-09 06:05:00", "latest_event_end_ist": "2026-07-09 08:40:00", "severity": "1_to_3_hours"}}, {"type": "Feature", "geometry": {"type": "Polygon", "coordinates": [[[77.42946106951541, 28.661453625026212], [77.43029616944922, 28.659807083188515], [77.43242987239572, 28.659622928121507], [77.4337285717098, 28.661085293784204], [77.43289354737902, 28.662731874616377], [77.43075974812763, 28.662916050792266], [77.42946106951541, 28.661453625026212]]]}, "properties": {"h3_id": "893da1a9d03ffff", "eligible_devices": 33, "qualifying_events": 1, "events_1_to_3_hours": 1, "events_over_3_hours": 0, "worst_affected_devices": 31, "worst_affected_share": 0.9394, "longest_event_minutes": 120.0, "latest_event_start_ist": "2026-07-07 18:50:00", "latest_event_end_ist": "2026-07-07 20:50:00", "severity": "1_to_3_hours"}}, {"type": "Feature", "geometry": {"type": "Polygon", "coordinates": [[[77.43289354737902, 28.662731874616377], [77.4337285717098, 28.661085293784204], [77.43586228935206, 28.6609010799166], [77.43716107896418, 28.662363425764372], [77.43632613024744, 28.664010045584398], [77.43419231630104, 28.66419428056967], [77.43289354737902, 28.662731874616377]]]}, "properties": {"h3_id": "893da1a9d07ffff", "eligible_devices": 8, "qualifying_events": 1, "events_1_to_3_hours": 1, "events_over_3_hours": 0, "worst_affected_devices": 6, "worst_affected_share": 0.75, "longest_event_minutes": 120.0, "latest_event_start_ist": "2026-07-07 18:50:00", "latest_event_end_ist": "2026-07-07 20:50:00", "severity": "1_to_3_hours"}}, {"type": "Feature", "geometry": {"type": "Polygon", "coordinates": [[[77.43242987239572, 28.659622928121507], [77.43326487003053, 28.657976408696204], [77.43539849137707, 28.657792215944202], [77.43669721138102, 28.659254521502785], [77.43586228935206, 28.6609010799166], [77.4337285717098, 28.661085293784204], [77.43242987239572, 28.659622928121507]]]}, "properties": {"h3_id": "893da1a9d0fffff", "eligible_devices": 10, "qualifying_events": 1, "events_1_to_3_hours": 1, "events_over_3_hours": 0, "worst_affected_devices": 9, "worst_affected_share": 0.9, "longest_event_minutes": 115.0, "latest_event_start_ist": "2026-07-07 18:55:00", "latest_event_end_ist": "2026-07-07 20:50:00", "severity": "1_to_3_hours"}}, {"type": "Feature", "geometry": {"type": "Polygon", "coordinates": [[[77.42649208273502, 28.663284306636577], [77.42732728497441, 28.661637742397716], [77.42946106951541, 28.661453625026212], [77.43075974812763, 28.662916050792266], [77.42992462148841, 28.664562654031553], [77.42779074063331, 28.664746792505234], [77.42649208273502, 28.663284306636577]]]}, "properties": {"h3_id": "893da1a9d13ffff", "eligible_devices": 14, "qualifying_events": 2, "events_1_to_3_hours": 2, "events_over_3_hours": 0, "worst_affected_devices": 12, "worst_affected_share": 0.8571, "longest_event_minutes": 120.0, "latest_event_start_ist": "2026-07-28 10:15:00", "latest_event_end_ist": "2026-07-28 12:15:00", "severity": "1_to_3_hours"}}, {"type": "Feature", "geometry": {"type": "Polygon", "coordinates": [[[77.42992462148841, 28.664562654031553], [77.43075974812763, 28.662916050792266], [77.43289354737902, 28.662731874616377], [77.43419231630104, 28.66419428056967], [77.43335726527303, 28.66584092280276], [77.4312233697083, 28.66602512008963], [77.42992462148841, 28.664562654031553]]]}, "properties": {"h3_id": "893da1a9d17ffff", "eligible_devices": 33, "qualifying_events": 1, "events_1_to_3_hours": 1, "events_over_3_hours": 0, "worst_affected_devices": 28, "worst_affected_share": 0.8485, "longest_event_minutes": 120.0, "latest_event_start_ist": "2026-07-07 18:50:00", "latest_event_end_ist": "2026-07-07 20:50:00", "severity": "1_to_3_hours"}}, {"type": "Feature", "geometry": {"type": "Polygon", "coordinates": [[[77.42602869667643, 28.6601752968305], [77.42686387220226, 28.658528793993852], [77.42899756043757, 28.658344697722477], [77.43029616944922, 28.659807083188515], [77.42946106951541, 28.661453625026212], [77.42732728497441, 28.661637742397716], [77.42602869667643, 28.6601752968305]]]}, "properties": {"h3_id": "893da1a9d1bffff", "eligible_devices": 8, "qualifying_events": 30, "events_1_to_3_hours": 2, "events_over_3_hours": 28, "worst_affected_devices": 8, "worst_affected_share": 1.0, "longest_event_minutes": 2195.0, "latest_event_start_ist": "2026-07-31 22:00:00", "latest_event_end_ist": "2026-08-01 00:00:00", "severity": "over_3_hours"}}, {"type": "Feature", "geometry": {"type": "Polygon", "coordinates": [[[77.4235229120534, 28.66511497293088], [77.42435821660497, 28.663468386302096], [77.42649208273502, 28.663284306636577], [77.42779074063331, 28.664746792505234], [77.42695551167908, 28.66639341814039], [77.42482154922574, 28.666577518901395], [77.4235229120534, 28.66511497293088]]]}, "properties": {"h3_id": "893da1a9d8bffff", "eligible_devices": 11, "qualifying_events": 2, "events_1_to_3_hours": 2, "events_over_3_hours": 0, "worst_affected_devices": 11, "worst_affected_share": 1.0, "longest_event_minutes": 125.0, "latest_event_start_ist": "2026-07-28 10:15:00", "latest_event_end_ist": "2026-07-28 12:15:00", "severity": "1_to_3_hours"}}, {"type": "Feature", "geometry": {"type": "Polygon", "coordinates": [[[77.42695551167908, 28.66639341814039], [77.42779074063331, 28.664746792505234], [77.42992462148841, 28.664562654031553], [77.4312233697083, 28.66602512008963], [77.43038821636245, 28.667671784724543], [77.42825423918484, 28.667855944302502], [77.42695551167908, 28.66639341814039]]]}, "properties": {"h3_id": "893da1a9d8fffff", "eligible_devices": 30, "qualifying_events": 2, "events_1_to_3_hours": 2, "events_over_3_hours": 0, "worst_affected_devices": 30, "worst_affected_share": 1.0, "longest_event_minutes": 120.0, "latest_event_start_ist": "2026-07-28 10:15:00", "latest_event_end_ist": "2026-07-28 12:15:00", "severity": "1_to_3_hours"}}, {"type": "Feature", "geometry": {"type": "Polygon", "coordinates": [[[77.43382102608363, 28.668950072666764], [77.43465610381013, 28.667303369038674], [77.43679001406905, 28.667119112933666], [77.43808894291897, 28.668581539335822], [77.43725394082284, 28.67022828195045], [77.43511993424298, 28.670412559177272], [77.43382102608363, 28.668950072666764]]]}, "properties": {"h3_id": "893da1a9da3ffff", "eligible_devices": 15, "qualifying_events": 2, "events_1_to_3_hours": 2, "events_over_3_hours": 0, "worst_affected_devices": 13, "worst_affected_share": 0.8667, "longest_event_minutes": 145.0, "latest_event_start_ist": "2026-07-30 17:55:00", "latest_event_end_ist": "2026-07-30 19:00:00", "severity": "1_to_3_hours"}}, {"type": "Feature", "geometry": {"type": "Polygon", "coordinates": [[[77.43038821636245, 28.667671784724543], [77.4312233697083, 28.66602512008963], [77.43335726527303, 28.66584092280276], [77.43465610381013, 28.667303369038674], [77.43382102608363, 28.668950072666764], [77.43168703419718, 28.669134291066644], [77.43038821636245, 28.667671784724543]]]}, "properties": {"h3_id": "893da1a9dbbffff", "eligible_devices": 17, "qualifying_events": 2, "events_1_to_3_hours": 2, "events_over_3_hours": 0, "worst_affected_devices": 15, "worst_affected_share": 0.8824, "longest_event_minutes": 120.0, "latest_event_start_ist": "2026-07-28 10:15:00", "latest_event_end_ist": "2026-07-28 12:10:00", "severity": "1_to_3_hours"}}, {"type": "Feature", "geometry": {"type": "Polygon", "coordinates": [[[77.4200904175052, 28.66383644911258], [77.42092579764308, 28.662189901496767], [77.42305964903268, 28.66200588063445], [77.42435821660497, 28.663468386302096], [77.4235229120534, 28.66511497293088], [77.42138896433973, 28.665299014879924], [77.4200904175052, 28.66383644911258]]]}, "properties": {"h3_id": "893da1a9dd7ffff", "eligible_devices": 6, "qualifying_events": 3, "events_1_to_3_hours": 3, "events_over_3_hours": 0, "worst_affected_devices": 6, "worst_affected_share": 1.0, "longest_event_minutes": 145.0, "latest_event_start_ist": "2026-07-26 11:45:00", "latest_event_end_ist": "2026-07-26 14:10:00", "severity": "1_to_3_hours"}}, {"type": "Feature", "geometry": {"type": "Polygon", "coordinates": [[[77.41203064315513, 28.631471887857185], [77.41286583153185, 28.629825993509833], [77.41499870537957, 28.629642242111643], [77.41629648708788, 28.631104364004376], [77.41546137420487, 28.632750297377715], [77.41332840411636, 28.632934069833215], [77.41203064315513, 28.631471887857185]]]}, "properties": {"h3_id": "893da1a9e23ffff", "eligible_devices": 12, "qualifying_events": 1, "events_1_to_3_hours": 0, "events_over_3_hours": 1, "worst_affected_devices": 10, "worst_affected_share": 0.8333, "longest_event_minutes": 770.0, "latest_event_start_ist": "2026-07-13 00:30:00", "latest_event_end_ist": "2026-07-13 13:20:00", "severity": "over_3_hours"}}, {"type": "Feature", "geometry": {"type": "Polygon", "coordinates": [[[77.40721313347565, 28.620869655909644], [77.40804831713427, 28.61922398498687], [77.4101808875288, 28.619040355427465], [77.41147837047754, 28.620502375749364], [77.41064326227715, 28.622148085706627], [77.40851059566629, 28.62233173630839], [77.40721313347565, 28.620869655909644]]]}, "properties": {"h3_id": "893da1a9e6bffff", "eligible_devices": 7, "qualifying_events": 2, "events_1_to_3_hours": 1, "events_over_3_hours": 1, "worst_affected_devices": 6, "worst_affected_share": 0.8571, "longest_event_minutes": 535.0, "latest_event_start_ist": "2026-07-09 09:35:00", "latest_event_end_ist": "2026-07-09 10:50:00", "severity": "over_3_hours"}}, {"type": "Feature", "geometry": {"type": "Polygon", "coordinates": [[[77.40358753122784, 28.640069118812175], [77.40442305303692, 28.63842309580402], [77.40655626752428, 28.63823943637104], [77.40785405647574, 28.639701778907835], [77.40701861015995, 28.641347840959195], [77.4048852993959, 28.64153152143144], [77.40358753122784, 28.640069118812175]]]}, "properties": {"h3_id": "893da1a9eb3ffff", "eligible_devices": 5, "qualifying_events": 1, "events_1_to_3_hours": 1, "events_over_3_hours": 0, "worst_affected_devices": 5, "worst_affected_share": 1.0, "longest_event_minutes": 90.0, "latest_event_start_ist": "2026-07-14 08:05:00", "latest_event_end_ist": "2026-07-14 09:35:00", "severity": "1_to_3_hours"}}, {"type": "Feature", "geometry": {"type": "Polygon", "coordinates": [[[77.39237160906544, 28.63001592971883], [77.39320730372825, 28.628370146760915], [77.39534028117043, 28.628186705509535], [77.39663766020847, 28.629649026208106], [77.39580204098961, 28.63129484823025], [77.39366896728527, 28.63147831049047], [77.39237160906544, 28.63001592971883]]]}, "properties": {"h3_id": "893da1a9ec3ffff", "eligible_devices": 30, "qualifying_events": 1, "events_1_to_3_hours": 1, "events_over_3_hours": 0, "worst_affected_devices": 26, "worst_affected_share": 0.8667, "longest_event_minutes": 130.0, "latest_event_start_ist": "2026-07-09 12:50:00", "latest_event_end_ist": "2026-07-09 15:00:00", "severity": "1_to_3_hours"}}, {"type": "Feature", "geometry": {"type": "Polygon", "coordinates": [[[77.39580204098961, 28.63129484823025], [77.39663766020847, 28.629649026208106], [77.39877065250504, 28.62946552625864], [77.40006812184065, 28.630927827314586], [77.39923257807676, 28.632573688394373], [77.39709948951881, 28.632757209361447], [77.39580204098961, 28.63129484823025]]]}, "properties": {"h3_id": "893da1a9ec7ffff", "eligible_devices": 18, "qualifying_events": 2, "events_1_to_3_hours": 1, "events_over_3_hours": 1, "worst_affected_devices": 17, "worst_affected_share": 0.9444, "longest_event_minutes": 195.0, "latest_event_start_ist": "2026-07-19 13:30:00", "latest_event_end_ist": "2026-07-19 16:45:00", "severity": "over_3_hours"}}, {"type": "Feature", "geometry": {"type": "Polygon", "coordinates": [[[77.39283324584302, 28.633124154891906], [77.39366896728527, 28.63147831049047], [77.39580204098961, 28.63129484823025], [77.39709948951881, 28.632757209361447], [77.39626384352867, 28.634403092826478], [77.39413067355375, 28.634586576097593], [77.39283324584302, 28.633124154891906]]]}, "properties": {"h3_id": "893da1a9ed7ffff", "eligible_devices": 42, "qualifying_events": 2, "events_1_to_3_hours": 2, "events_over_3_hours": 0, "worst_affected_devices": 34, "worst_affected_share": 0.8095, "longest_event_minutes": 130.0, "latest_event_start_ist": "2026-07-19 18:30:00", "latest_event_end_ist": "2026-07-19 20:40:00", "severity": "1_to_3_hours"}}, {"type": "Feature", "geometry": {"type": "Polygon", "coordinates": [[[77.32200261109419, 28.72423646877775], [77.32284137112677, 28.722589188808033], [77.32497791139855, 28.72240641825481], [77.32627578826127, 28.723870906807548], [77.3254371037199, 28.72551822598679], [77.32330046682108, 28.725701017404663], [77.32200261109419, 28.72423646877775]]]}, "properties": {"h3_id": "893da1aa61bffff", "eligible_devices": 7, "qualifying_events": 1, "events_1_to_3_hours": 0, "events_over_3_hours": 1, "worst_affected_devices": 7, "worst_affected_share": 1.0, "longest_event_minutes": 470.0, "latest_event_start_ist": "2026-07-09 09:35:00", "latest_event_end_ist": "2026-07-09 17:25:00", "severity": "over_3_hours"}}, {"type": "Feature", "geometry": {"type": "Polygon", "coordinates": [[[77.3210846014068, 28.718012993891662], [77.32192330735474, 28.716365836372347], [77.32405965439779, 28.716183107542307], [77.3253573920995, 28.717647515371887], [77.32451876162645, 28.719294712101984], [77.3223823179733, 28.71947746179259], [77.3210846014068, 28.718012993891662]]]}, "properties": {"h3_id": "893da1aa643ffff", "eligible_devices": 8, "qualifying_events": 1, "events_1_to_3_hours": 0, "events_over_3_hours": 1, "worst_affected_devices": 8, "worst_affected_share": 1.0, "longest_event_minutes": 590.0, "latest_event_start_ist": "2026-07-16 01:45:00", "latest_event_end_ist": "2026-07-16 11:35:00", "severity": "over_3_hours"}}, {"type": "Feature", "geometry": {"type": "Polygon", "coordinates": [[[77.32405965439779, 28.716183107542307], [77.32489825783864, 28.71453597204575], [77.32703452350692, 28.71435320517308], [77.32833228233179, 28.715817552930513], [77.32749375436875, 28.717464727631906], [77.3253573920995, 28.717647515371887], [77.32405965439779, 28.716183107542307]]]}, "properties": {"h3_id": "893da1aa64fffff", "eligible_devices": 6, "qualifying_events": 1, "events_1_to_3_hours": 0, "events_over_3_hours": 1, "worst_affected_devices": 6, "worst_affected_share": 1.0, "longest_event_minutes": 590.0, "latest_event_start_ist": "2026-07-16 01:45:00", "latest_event_end_ist": "2026-07-16 11:35:00", "severity": "over_3_hours"}}, {"type": "Feature", "geometry": {"type": "Polygon", "coordinates": [[[77.31215833913261, 28.7235025566025], [77.31299735264112, 28.721855333082694], [77.31513394377521, 28.721672718443568], [77.31643161803494, 28.723137306484787], [77.31559267999256, 28.72478456923324], [77.31345599222082, 28.724967204712684], [77.31215833913261, 28.7235025566025]]]}, "properties": {"h3_id": "893da1aa6dbffff", "eligible_devices": 9, "qualifying_events": 1, "events_1_to_3_hours": 0, "events_over_3_hours": 1, "worst_affected_devices": 8, "worst_affected_share": 0.8889, "longest_event_minutes": 480.0, "latest_event_start_ist": "2026-07-09 09:35:00", "latest_event_end_ist": "2026-07-09 17:35:00", "severity": "over_3_hours"}}, {"type": "Feature", "geometry": {"type": "Polygon", "coordinates": [[[77.45201906160342, 28.72565652655596], [77.45285436605452, 28.72400866321595], [77.45498995886383, 28.723823870826962], [77.45629034368022, 28.72528692059553], [77.45545511503177, 28.726934822891103], [77.45331942576077, 28.727119636463414], [77.45201906160342, 28.72565652655596]]]}, "properties": {"h3_id": "893da1aab2fffff", "eligible_devices": 17, "qualifying_events": 3, "events_1_to_3_hours": 3, "events_over_3_hours": 0, "worst_affected_devices": 17, "worst_affected_share": 1.0, "longest_event_minutes": 165.0, "latest_event_start_ist": "2026-07-29 19:00:00", "latest_event_end_ist": "2026-07-29 20:45:00", "severity": "1_to_3_hours"}}, {"type": "Feature", "geometry": {"type": "Polygon", "coordinates": [[[77.31855368391103, 28.67885178217638], [77.31939196306702, 28.677205381947132], [77.32152707018304, 28.677022865322986], [77.32282399463911, 28.678486728086124], [77.32198579086307, 28.680133167527718], [77.31985058724749, 28.68031570499468], [77.31855368391103, 28.67885178217638]]]}, "properties": {"h3_id": "893da1ab00bffff", "eligible_devices": 30, "qualifying_events": 2, "events_1_to_3_hours": 2, "events_over_3_hours": 0, "worst_affected_devices": 26, "worst_affected_share": 0.8667, "longest_event_minutes": 180.0, "latest_event_start_ist": "2026-07-23 06:45:00", "latest_event_end_ist": "2026-07-23 09:45:00", "severity": "1_to_3_hours"}}, {"type": "Feature", "geometry": {"type": "Polygon", "coordinates": [[[77.33228274662244, 28.683976853087962], [77.33312072419233, 28.682330296048796], [77.33525589209611, 28.6821475441914], [77.33655317892323, 28.68361132849609], [77.33571527677755, 28.685257924721295], [77.33358001237704, 28.685440697456634], [77.33228274662244, 28.683976853087962]]]}, "properties": {"h3_id": "893da1ab027ffff", "eligible_devices": 7, "qualifying_events": 6, "events_1_to_3_hours": 6, "events_over_3_hours": 0, "worst_affected_devices": 7, "worst_affected_share": 1.0, "longest_event_minutes": 120.0, "latest_event_start_ist": "2026-07-30 13:35:00", "latest_event_end_ist": "2026-07-30 15:15:00", "severity": "1_to_3_hours"}}, {"type": "Feature", "geometry": {"type": "Polygon", "coordinates": [[[77.32930941741996, 28.685806146148362], [77.33014749739509, 28.684159566998666], [77.33228274662244, 28.683976853087962], [77.33358001237704, 28.685440697456634], [77.33274200782321, 28.687087315798323], [77.33060666208998, 28.687270050580217], [77.32930941741996, 28.685806146148362]]]}, "properties": {"h3_id": "893da1ab037ffff", "eligible_devices": 19, "qualifying_events": 1, "events_1_to_3_hours": 1, "events_over_3_hours": 0, "worst_affected_devices": 15, "worst_affected_share": 0.7895, "longest_event_minutes": 65.0, "latest_event_start_ist": "2026-07-30 13:40:00", "latest_event_end_ist": "2026-07-30 14:45:00", "severity": "1_to_3_hours"}}, {"type": "Feature", "geometry": {"type": "Polygon", "coordinates": [[[77.31809512921456, 28.675741499598402], [77.31893338135527, 28.674095160680128], [77.32106839198016, 28.673912664896747], [77.32236524695196, 28.675376487191738], [77.32152707018304, 28.677022865322986], [77.31939196306702, 28.677205381947132], [77.31809512921456, 28.675741499598402]]]}, "properties": {"h3_id": "893da1ab047ffff", "eligible_devices": 19, "qualifying_events": 2, "events_1_to_3_hours": 2, "events_over_3_hours": 0, "worst_affected_devices": 17, "worst_affected_share": 0.8947, "longest_event_minutes": 175.0, "latest_event_start_ist": "2026-07-23 06:50:00", "latest_event_end_ist": "2026-07-23 09:45:00", "severity": "1_to_3_hours"}}, {"type": "Feature", "geometry": {"type": "Polygon", "coordinates": [[[77.3105489185922, 28.690559800596038], [77.31138755903974, 28.688913211568295], [77.31352310299611, 28.688730767213457], [77.31482010304532, 28.690194891060553], [77.31398153798524, 28.691841519317247], [77.31184589748497, 28.692023984498757], [77.3105489185922, 28.690559800596038]]]}, "properties": {"h3_id": "893da1ab093ffff", "eligible_devices": 49, "qualifying_events": 2, "events_1_to_3_hours": 0, "events_over_3_hours": 2, "worst_affected_devices": 42, "worst_affected_share": 0.8571, "longest_event_minutes": 795.0, "latest_event_start_ist": "2026-07-21 06:40:00", "latest_event_end_ist": "2026-07-21 10:30:00", "severity": "over_3_hours"}}, {"type": "Feature", "geometry": {"type": "Polygon", "coordinates": [[[77.31398153798524, 28.691841519317247], [77.31482010304532, 28.690194891060553], [77.31695566226438, 28.690012387876163], [77.31825275296308, 28.69147649211388], [77.31741426330154, 28.693123159592936], [77.31527860753927, 28.69330568361279], [77.31398153798524, 28.691841519317247]]]}, "properties": {"h3_id": "893da1ab097ffff", "eligible_devices": 25, "qualifying_events": 1, "events_1_to_3_hours": 1, "events_over_3_hours": 0, "worst_affected_devices": 18, "worst_affected_share": 0.72, "longest_event_minutes": 80.0, "latest_event_start_ist": "2026-07-02 10:05:00", "latest_event_end_ist": "2026-07-02 11:25:00", "severity": "1_to_3_hours"}}, {"type": "Feature", "geometry": {"type": "Polygon", "coordinates": [[[77.3503666801239, 28.696602648543674], [77.35120433434994, 28.694955773047372], [77.35333977088644, 28.694772685189456], [77.35463764970336, 28.696236451902735], [77.35380007097314, 28.69788336655087], [77.35166453792668, 28.698066475334752], [77.3503666801239, 28.696602648543674]]]}, "properties": {"h3_id": "893da1ab1afffff", "eligible_devices": 17, "qualifying_events": 1, "events_1_to_3_hours": 0, "events_over_3_hours": 1, "worst_affected_devices": 13, "worst_affected_share": 0.7647, "longest_event_minutes": 240.0, "latest_event_start_ist": "2026-07-09 08:45:00", "latest_event_end_ist": "2026-07-09 12:45:00", "severity": "over_3_hours"}}, {"type": "Feature", "geometry": {"type": "Polygon", "coordinates": [[[77.33136435180435, 28.677756232884587], [77.33220227541017, 28.67610979846831], [77.3343372503459, 28.675927088360663], [77.33563439815211, 28.67739079179631], [77.33479654995418, 28.679037265399863], [77.33266147853864, 28.679219996381374], [77.33136435180435, 28.677756232884587]]]}, "properties": {"h3_id": "893da1ab393ffff", "eligible_devices": 7, "qualifying_events": 1, "events_1_to_3_hours": 1, "events_over_3_hours": 0, "worst_affected_devices": 6, "worst_affected_share": 0.8571, "longest_event_minutes": 140.0, "latest_event_start_ist": "2026-07-20 17:00:00", "latest_event_end_ist": "2026-07-20 19:20:00", "severity": "1_to_3_hours"}}, {"type": "Feature", "geometry": {"type": "Polygon", "coordinates": [[[77.33479654995418, 28.679037265399863], [77.33563439815211, 28.67739079179631], [77.33776938824772, 28.67720802288533], [77.33906662662099, 28.678671706696143], [77.33822885384198, 28.680318219480437], [77.33609376726727, 28.680501009274053], [77.33479654995418, 28.679037265399863]]]}, "properties": {"h3_id": "893da1ab397ffff", "eligible_devices": 7, "qualifying_events": 3, "events_1_to_3_hours": 3, "events_over_3_hours": 0, "worst_affected_devices": 6, "worst_affected_share": 0.8571, "longest_event_minutes": 130.0, "latest_event_start_ist": "2026-07-28 02:55:00", "latest_event_end_ist": "2026-07-28 05:05:00", "severity": "1_to_3_hours"}}, {"type": "Feature", "geometry": {"type": "Polygon", "coordinates": [[[77.30116736509376, 28.69293582614694], [77.30200628578261, 28.691289232293457], [77.30414197695895, 28.691106922794372], [77.30543884400583, 28.692571186345273], [77.30459999868752, 28.694217819446184], [77.30246421094826, 28.694400149749644], [77.30116736509376, 28.69293582614694]]]}, "properties": {"h3_id": "893da1ab40fffff", "eligible_devices": 55, "qualifying_events": 1, "events_1_to_3_hours": 1, "events_over_3_hours": 0, "worst_affected_devices": 39, "worst_affected_share": 0.7091, "longest_event_minutes": 85.0, "latest_event_start_ist": "2026-07-09 08:55:00", "latest_event_end_ist": "2026-07-09 10:20:00", "severity": "1_to_3_hours"}}, {"type": "Feature", "geometry": {"type": "Polygon", "coordinates": [[[77.30711640514215, 28.689278003445956], [77.30795512096611, 28.687631453653747], [77.31009064964438, 28.68744906812342], [77.31138755903974, 28.688913211568295], [77.3105489185922, 28.690559800596038], [77.30841329336933, 28.690742206944233], [77.30711640514215, 28.689278003445956]]]}, "properties": {"h3_id": "893da1ab467ffff", "eligible_devices": 13, "qualifying_events": 3, "events_1_to_3_hours": 1, "events_over_3_hours": 2, "worst_affected_devices": 11, "worst_affected_share": 0.8462, "longest_event_minutes": 795.0, "latest_event_start_ist": "2026-07-24 06:30:00", "latest_event_end_ist": "2026-07-24 09:00:00", "severity": "over_3_hours"}}, {"type": "Feature", "geometry": {"type": "Polygon", "coordinates": [[[77.31741426330154, 28.693123159592936], [77.31825275296308, 28.69147649211388], [77.32038832742944, 28.69129393009488], [77.32168550877327, 28.692758014711586], [77.32084709452137, 28.69440472140644], [77.3187114235125, 28.694587304269675], [77.31741426330154, 28.693123159592936]]]}, "properties": {"h3_id": "893da1ab54bffff", "eligible_devices": 19, "qualifying_events": 2, "events_1_to_3_hours": 1, "events_over_3_hours": 1, "worst_affected_devices": 15, "worst_affected_share": 0.7895, "longest_event_minutes": 230.0, "latest_event_start_ist": "2026-07-02 07:35:00", "latest_event_end_ist": "2026-07-02 11:25:00", "severity": "over_3_hours"}}, {"type": "Feature", "geometry": {"type": "Polygon", "coordinates": [[[77.31489853536563, 28.69806332868573], [77.3157371545058, 28.69641657788197], [77.31787290681973, 28.69623403302463], [77.3191701365501, 28.69769821813239], [77.31833159282479, 28.69934500815729], [77.31619574395074, 28.69952757385415], [77.31489853536563, 28.69806332868573]]]}, "properties": {"h3_id": "893da1ab553ffff", "eligible_devices": 10, "qualifying_events": 2, "events_1_to_3_hours": 1, "events_over_3_hours": 1, "worst_affected_devices": 8, "worst_affected_share": 0.8, "longest_event_minutes": 230.0, "latest_event_start_ist": "2026-07-02 07:35:00", "latest_event_end_ist": "2026-07-02 11:25:00", "severity": "over_3_hours"}}, {"type": "Feature", "geometry": {"type": "Polygon", "coordinates": [[[77.3144400154398, 28.69495237314599], [77.31527860753927, 28.69330568361279], [77.31741426330154, 28.693123159592936], [77.3187114235125, 28.694587304269675], [77.31787290681973, 28.69623403302463], [77.3157371545058, 28.69641657788197], [77.3144400154398, 28.69495237314599]]]}, "properties": {"h3_id": "893da1ab55bffff", "eligible_devices": 26, "qualifying_events": 2, "events_1_to_3_hours": 1, "events_over_3_hours": 1, "worst_affected_devices": 23, "worst_affected_share": 0.8846, "longest_event_minutes": 230.0, "latest_event_start_ist": "2026-07-02 07:35:00", "latest_event_end_ist": "2026-07-02 11:25:00", "severity": "over_3_hours"}}, {"type": "Feature", "geometry": {"type": "Polygon", "coordinates": [[[77.31627435002916, 28.7073968054314], [77.31711305029926, 28.70574987085171], [77.31924909231888, 28.70556726346966], [77.32054653065039, 28.707031569822508], [77.31970790581964, 28.708678543621453], [77.31757176721452, 28.70886117184915], [77.31627435002916, 28.7073968054314]]]}, "properties": {"h3_id": "893da1ab58bffff", "eligible_devices": 12, "qualifying_events": 1, "events_1_to_3_hours": 0, "events_over_3_hours": 1, "worst_affected_devices": 9, "worst_affected_share": 0.75, "longest_event_minutes": 455.0, "latest_event_start_ist": "2026-07-08 07:40:00", "latest_event_end_ist": "2026-07-08 15:15:00", "severity": "over_3_hours"}}, {"type": "Feature", "geometry": {"type": "Polygon", "coordinates": [[[77.31284090019565, 28.706114988704815], [77.313679675894, 28.70446809335095], [77.31581570265446, 28.704285544842392], [77.31711305029926, 28.70574987085171], [77.31627435002916, 28.7073968054314], [77.31413822668252, 28.707579374776817], [77.31284090019565, 28.706114988704815]]]}, "properties": {"h3_id": "893da1ab5d7ffff", "eligible_devices": 22, "qualifying_events": 1, "events_1_to_3_hours": 0, "events_over_3_hours": 1, "worst_affected_devices": 19, "worst_affected_share": 0.8636, "longest_event_minutes": 455.0, "latest_event_start_ist": "2026-07-08 07:40:00", "latest_event_end_ist": "2026-07-08 15:15:00", "severity": "over_3_hours"}}, {"type": "Feature", "geometry": {"type": "Polygon", "coordinates": [[[77.29498933551334, 28.672990137315335], [77.29582816909266, 28.671343950447163], [77.29796326574179, 28.671161824505834], [77.299259625321, 28.672625864650186], [77.29842086705231, 28.67427209077608], [77.29628567389025, 28.67445423750078], [77.29498933551334, 28.672990137315335]]]}, "properties": {"h3_id": "893da1ab603ffff", "eligible_devices": 41, "qualifying_events": 1, "events_1_to_3_hours": 1, "events_over_3_hours": 0, "worst_affected_devices": 34, "worst_affected_share": 0.8293, "longest_event_minutes": 85.0, "latest_event_start_ist": "2026-07-26 09:05:00", "latest_event_end_ist": "2026-07-26 10:30:00", "severity": "1_to_3_hours"}}, {"type": "Feature", "geometry": {"type": "Polygon", "coordinates": [[[77.29201522173118, 28.67481843416997], [77.29285415769307, 28.673172225262057], [77.29498933551334, 28.672990137315335], [77.29628567389025, 28.67445423750078], [77.29544681323605, 28.676100485672368], [77.29331153889372, 28.676282594395726], [77.29201522173118, 28.67481843416997]]]}, "properties": {"h3_id": "893da1ab613ffff", "eligible_devices": 19, "qualifying_events": 1, "events_1_to_3_hours": 1, "events_over_3_hours": 0, "worst_affected_devices": 14, "worst_affected_share": 0.7368, "longest_event_minutes": 100.0, "latest_event_start_ist": "2026-07-21 13:45:00", "latest_event_end_ist": "2026-07-21 15:25:00", "severity": "1_to_3_hours"}}, {"type": "Feature", "geometry": {"type": "Polygon", "coordinates": [[[77.29155790996926, 28.67170810556515], [77.29239681884812, 28.670061957961263], [77.29453190015475, 28.66987989078913], [77.29582816909266, 28.671343950447163], [77.29498933551334, 28.672990137315335], [77.29285415769307, 28.673172225262057], [77.29155790996926, 28.67170810556515]]]}, "properties": {"h3_id": "893da1ab61bffff", "eligible_devices": 82, "qualifying_events": 1, "events_1_to_3_hours": 1, "events_over_3_hours": 0, "worst_affected_devices": 67, "worst_affected_share": 0.8171, "longest_event_minutes": 85.0, "latest_event_start_ist": "2026-07-26 09:05:00", "latest_event_end_ist": "2026-07-26 10:30:00", "severity": "1_to_3_hours"}}, {"type": "Feature", "geometry": {"type": "Polygon", "coordinates": [[[77.51140198677555, 28.689000499091538], [77.51223524269169, 28.687353084603366], [77.51436919780156, 28.687167538266582], [77.51566999326889, 28.688629385101557], [77.51483681321162, 28.69027683842606], [77.51270276182467, 28.690462406080155], [77.51140198677555, 28.689000499091538]]]}, "properties": {"h3_id": "893da1ad623ffff", "eligible_devices": 12, "qualifying_events": 2, "events_1_to_3_hours": 1, "events_over_3_hours": 1, "worst_affected_devices": 11, "worst_affected_share": 0.9167, "longest_event_minutes": 600.0, "latest_event_start_ist": "2026-07-13 01:20:00", "latest_event_end_ist": "2026-07-13 11:20:00", "severity": "over_3_hours"}}, {"type": "Feature", "geometry": {"type": "Polygon", "coordinates": [[[77.50796726488078, 28.687724080772405], [77.50880059664478, 28.686076705127174], [77.51093453741302, 28.68589121769649], [77.51223524269169, 28.687353084603366], [77.51140198677555, 28.689000499091538], [77.50926794972938, 28.689186007830784], [77.50796726488078, 28.687724080772405]]]}, "properties": {"h3_id": "893da1ad63bffff", "eligible_devices": 25, "qualifying_events": 2, "events_1_to_3_hours": 1, "events_over_3_hours": 1, "worst_affected_devices": 20, "worst_affected_share": 0.8, "longest_event_minutes": 600.0, "latest_event_start_ist": "2026-07-13 01:20:00", "latest_event_end_ist": "2026-07-13 11:20:00", "severity": "over_3_hours"}}, {"type": "Feature", "geometry": {"type": "Polygon", "coordinates": [[[77.49719694140535, 28.680785145917238], [77.4980304741078, 28.679137948240943], [77.50016427548647, 28.678952658778968], [77.50146464043122, 28.680414545714005], [77.50063118353548, 28.682061782253815], [77.4984972858848, 28.682247092995947], [77.49719694140535, 28.680785145917238]]]}, "properties": {"h3_id": "893da1ad643ffff", "eligible_devices": 7, "qualifying_events": 3, "events_1_to_3_hours": 3, "events_over_3_hours": 0, "worst_affected_devices": 6, "worst_affected_share": 0.8571, "longest_event_minutes": 140.0, "latest_event_start_ist": "2026-07-24 18:30:00", "latest_event_end_ist": "2026-07-24 19:50:00", "severity": "1_to_3_hours"}}, {"type": "Feature", "geometry": {"type": "Polygon", "coordinates": [[[77.49245473919859, 28.77888972466667], [77.49328963121098, 28.7772406759051], [77.4954266240677, 28.777055016731733], [77.4967288214717, 28.778518385022615], [77.49589400547914, 28.780167472664658], [77.49375691605925, 28.78035315313623], [77.49245473919859, 28.77888972466667]]]}, "properties": {"h3_id": "893da1ae64fffff", "eligible_devices": 11, "qualifying_events": 1, "events_1_to_3_hours": 1, "events_over_3_hours": 0, "worst_affected_devices": 10, "worst_affected_share": 0.9091, "longest_event_minutes": 95.0, "latest_event_start_ist": "2026-07-14 05:00:00", "latest_event_end_ist": "2026-07-14 06:35:00", "severity": "1_to_3_hours"}}, {"type": "Feature", "geometry": {"type": "Polygon", "coordinates": [[[77.49933337669678, 28.781445141225074], [77.50016811665844, 28.7797960147092], [77.50230513840667, 28.779610237228244], [77.5036075167512, 28.781073564948276], [77.50277285283147, 28.782722730331347], [77.50063573452174, 28.78290852912809], [77.49933337669678, 28.781445141225074]]]}, "properties": {"h3_id": "893da1ae663ffff", "eligible_devices": 5, "qualifying_events": 1, "events_1_to_3_hours": 1, "events_over_3_hours": 0, "worst_affected_devices": 4, "worst_affected_share": 0.8, "longest_event_minutes": 95.0, "latest_event_start_ist": "2026-07-14 05:00:00", "latest_event_end_ist": "2026-07-14 06:35:00", "severity": "1_to_3_hours"}}, {"type": "Feature", "geometry": {"type": "Polygon", "coordinates": [[[77.49636143020935, 28.783280029699622], [77.49719627282421, 28.781630880856756], [77.49933337669678, 28.781445141225074], [77.50063573452174, 28.78290852912809], [77.499800967946, 28.784557716844116], [77.49766376750266, 28.784743477784865], [77.49636143020935, 28.783280029699622]]]}, "properties": {"h3_id": "893da1ae673ffff", "eligible_devices": 5, "qualifying_events": 1, "events_1_to_3_hours": 1, "events_over_3_hours": 0, "worst_affected_devices": 4, "worst_affected_share": 0.8, "longest_event_minutes": 95.0, "latest_event_start_ist": "2026-07-14 05:00:00", "latest_event_end_ist": "2026-07-14 06:35:00", "severity": "1_to_3_hours"}}, {"type": "Feature", "geometry": {"type": "Polygon", "coordinates": [[[77.49589400547914, 28.780167472664658], [77.4967288214717, 28.778518385022615], [77.49886582878193, 28.778332666697935], [77.50016811665844, 28.7797960147092], [77.49933337669678, 28.781445141225074], [77.49719627282421, 28.781630880856756], [77.49589400547914, 28.780167472664658]]]}, "properties": {"h3_id": "893da1ae67bffff", "eligible_devices": 16, "qualifying_events": 1, "events_1_to_3_hours": 1, "events_over_3_hours": 0, "worst_affected_devices": 16, "worst_affected_share": 1.0, "longest_event_minutes": 95.0, "latest_event_start_ist": "2026-07-14 05:00:00", "latest_event_end_ist": "2026-07-14 06:35:00", "severity": "1_to_3_hours"}}, {"type": "Feature", "geometry": {"type": "Polygon", "coordinates": [[[77.488251363165, 28.75088143050827], [77.48908601555836, 28.74923293282964], [77.49122213972612, 28.7490474652465], [77.49252370798429, 28.750510474063393], [77.49168913153673, 28.752159010628606], [77.4895529108817, 28.752344499491233], [77.488251363165, 28.75088143050827]]]}, "properties": {"h3_id": "893da1af0bbffff", "eligible_devices": 5, "qualifying_events": 1, "events_1_to_3_hours": 1, "events_over_3_hours": 0, "worst_affected_devices": 4, "worst_affected_share": 0.8, "longest_event_minutes": 90.0, "latest_event_start_ist": "2026-07-09 07:25:00", "latest_event_end_ist": "2026-07-09 08:55:00", "severity": "1_to_3_hours"}}, {"type": "Feature", "geometry": {"type": "Polygon", "coordinates": [[[77.47543378861404, 28.75199352481116], [77.47626879798607, 28.750345060235052], [77.47840505714468, 28.75015978640023], [77.47970640343522, 28.751622955893893], [77.47887146998131, 28.75327145938176], [77.47673511431526, 28.753456754465084], [77.47543378861404, 28.75199352481116]]]}, "properties": {"h3_id": "893da1af467ffff", "eligible_devices": 5, "qualifying_events": 3, "events_1_to_3_hours": 1, "events_over_3_hours": 2, "worst_affected_devices": 5, "worst_affected_share": 1.0, "longest_event_minutes": 2135.0, "latest_event_start_ist": "2026-07-24 21:35:00", "latest_event_end_ist": "2026-07-25 11:20:00", "severity": "over_3_hours"}}, {"type": "Feature", "geometry": {"type": "Polygon", "coordinates": [[[77.4974634449842, 28.76899584980841], [77.49829807850197, 28.767346968152996], [77.50043471408851, 28.767161275914404], [77.50173681268157, 28.768624444024628], [77.50090225517282, 28.77027336454995], [77.4987655230585, 28.770459078096014], [77.4974634449842, 28.76899584980841]]]}, "properties": {"h3_id": "893da1af533ffff", "eligible_devices": 7, "qualifying_events": 1, "events_1_to_3_hours": 1, "events_over_3_hours": 0, "worst_affected_devices": 5, "worst_affected_share": 0.7143, "longest_event_minutes": 110.0, "latest_event_start_ist": "2026-07-30 17:45:00", "latest_event_end_ist": "2026-07-30 19:35:00", "severity": "1_to_3_hours"}}, {"type": "Feature", "geometry": {"type": "Polygon", "coordinates": [[[77.48854852945071, 28.774499478558006], [77.48938347083437, 28.77285052989175], [77.49152035266654, 28.772664951152038], [77.49282238966708, 28.774128299792153], [77.49198752428399, 28.775777287346237], [77.48985054589627, 28.775962887373264], [77.48854852945071, 28.774499478558006]]]}, "properties": {"h3_id": "893da1af587ffff", "eligible_devices": 14, "qualifying_events": 1, "events_1_to_3_hours": 1, "events_over_3_hours": 0, "worst_affected_devices": 13, "worst_affected_share": 0.9286, "longest_event_minutes": 95.0, "latest_event_start_ist": "2026-07-14 05:00:00", "latest_event_end_ist": "2026-07-14 06:35:00", "severity": "1_to_3_hours"}}, {"type": "Feature", "geometry": {"type": "Polygon", "coordinates": [[[77.48808152430789, 28.771387161004736], [77.48891643905526, 28.76973827355262], [77.4910532243403, 28.76955271609816], [77.49235519142158, 28.771016024811438], [77.49152035266654, 28.772664951152038], [77.48938347083437, 28.77285052989175], [77.48808152430789, 28.771387161004736]]]}, "properties": {"h3_id": "893da1af58fffff", "eligible_devices": 8, "qualifying_events": 2, "events_1_to_3_hours": 2, "events_over_3_hours": 0, "worst_affected_devices": 8, "worst_affected_share": 1.0, "longest_event_minutes": 95.0, "latest_event_start_ist": "2026-07-27 13:30:00", "latest_event_end_ist": "2026-07-27 14:50:00", "severity": "1_to_3_hours"}}, {"type": "Feature", "geometry": {"type": "Polygon", "coordinates": [[[77.49495928596909, 28.773942661914898], [77.49579404872074, 28.77229369669247], [77.49793086293161, 28.77210802097554], [77.49923301093277, 28.773571289179095], [77.49839832419553, 28.775220293276725], [77.4962614134392, 28.7754059902965], [77.49495928596909, 28.773942661914898]]]}, "properties": {"h3_id": "893da1af5a3ffff", "eligible_devices": 8, "qualifying_events": 1, "events_1_to_3_hours": 1, "events_over_3_hours": 0, "worst_affected_devices": 7, "worst_affected_share": 0.875, "longest_event_minutes": 95.0, "latest_event_start_ist": "2026-07-14 05:00:00", "latest_event_end_ist": "2026-07-14 06:35:00", "severity": "1_to_3_hours"}}, {"type": "Feature", "geometry": {"type": "Polygon", "coordinates": [[[77.49839832419553, 28.775220293276725], [77.49923301093277, 28.773571289179095], [77.5013698395833, 28.77338555432348], [77.50267207803772, 28.774848802254755], [77.50183746732594, 28.77649784522093], [77.49970054213077, 28.77668360138818], [77.49839832419553, 28.775220293276725]]]}, "properties": {"h3_id": "893da1af5a7ffff", "eligible_devices": 5, "qualifying_events": 2, "events_1_to_3_hours": 2, "events_over_3_hours": 0, "worst_affected_devices": 5, "worst_affected_share": 1.0, "longest_event_minutes": 125.0, "latest_event_start_ist": "2026-07-14 05:00:00", "latest_event_end_ist": "2026-07-14 06:35:00", "severity": "1_to_3_hours"}}, {"type": "Feature", "geometry": {"type": "Polygon", "coordinates": [[[77.49198752428399, 28.775777287346237], [77.49282238966708, 28.774128299792153], [77.49495928596909, 28.773942661914898], [77.4962614134392, 28.7754059902965], [77.4954266240677, 28.777055016731733], [77.49328963121098, 28.7772406759051], [77.49198752428399, 28.775777287346237]]]}, "properties": {"h3_id": "893da1af5b3ffff", "eligible_devices": 26, "qualifying_events": 1, "events_1_to_3_hours": 1, "events_over_3_hours": 0, "worst_affected_devices": 26, "worst_affected_share": 1.0, "longest_event_minutes": 95.0, "latest_event_start_ist": "2026-07-14 05:00:00", "latest_event_end_ist": "2026-07-14 06:35:00", "severity": "1_to_3_hours"}}, {"type": "Feature", "geometry": {"type": "Polygon", "coordinates": [[[77.4954266240677, 28.777055016731733], [77.4962614134392, 28.7754059902965], [77.49839832419553, 28.775220293276725], [77.49970054213077, 28.77668360138818], [77.49886582878193, 28.778332666697935], [77.4967288214717, 28.778518385022615], [77.4954266240677, 28.777055016731733]]]}, "properties": {"h3_id": "893da1af5b7ffff", "eligible_devices": 34, "qualifying_events": 1, "events_1_to_3_hours": 1, "events_over_3_hours": 0, "worst_affected_devices": 32, "worst_affected_share": 0.9412, "longest_event_minutes": 95.0, "latest_event_start_ist": "2026-07-14 05:00:00", "latest_event_end_ist": "2026-07-14 06:35:00", "severity": "1_to_3_hours"}}, {"type": "Feature", "geometry": {"type": "Polygon", "coordinates": [[[77.48027096780247, 28.762607085715995], [77.48110598119965, 28.76095839850979], [77.48324254442463, 28.760773001827015], [77.4845441907808, 28.762236271087833], [77.48370925333741, 28.763884997197174], [77.48157259358054, 28.76407041514345], [77.48027096780247, 28.762607085715995]]]}, "properties": {"h3_id": "893da1af5cbffff", "eligible_devices": 7, "qualifying_events": 2, "events_1_to_3_hours": 2, "events_over_3_hours": 0, "worst_affected_devices": 7, "worst_affected_share": 1.0, "longest_event_minutes": 95.0, "latest_event_start_ist": "2026-07-27 13:35:00", "latest_event_end_ist": "2026-07-27 14:50:00", "severity": "1_to_3_hours"}}, {"type": "Feature", "geometry": {"type": "Polygon", "coordinates": [[[77.26130494067047, 28.775118836617064], [77.26214596424239, 28.773470852627558], [77.26428459981447, 28.773288800777834], [77.26558230866466, 28.774754712187825], [77.26474136055486, 28.7764027355095], [77.2626026281292, 28.77658480808989], [77.26130494067047, 28.775118836617064]]]}, "properties": {"h3_id": "893da1b814bffff", "eligible_devices": 7, "qualifying_events": 3, "events_1_to_3_hours": 2, "events_over_3_hours": 1, "worst_affected_devices": 7, "worst_affected_share": 1.0, "longest_event_minutes": 625.0, "latest_event_start_ist": "2026-07-28 16:35:00", "latest_event_end_ist": "2026-07-28 17:50:00", "severity": "over_3_hours"}}, {"type": "Feature", "geometry": {"type": "Polygon", "coordinates": [[[77.26245798046469, 28.760834076392822], [77.26329879239178, 28.7591863585566], [77.26543695935825, 28.75900435133248], [77.2667344112046, 28.760470041216095], [77.26589367470993, 28.762117798381002], [77.263755410933, 28.762299826334466], [77.26245798046469, 28.760834076392822]]]}, "properties": {"h3_id": "893da1b830bffff", "eligible_devices": 6, "qualifying_events": 3, "events_1_to_3_hours": 1, "events_over_3_hours": 2, "worst_affected_devices": 6, "worst_affected_share": 1.0, "longest_event_minutes": 750.0, "latest_event_start_ist": "2026-07-22 01:20:00", "latest_event_end_ist": "2026-07-22 11:40:00", "severity": "over_3_hours"}}, {"type": "Feature", "geometry": {"type": "Polygon", "coordinates": [[[77.25993528487598, 28.76577739566402], [77.26077622670978, 28.764129594949644], [77.26291457177203, 28.76394760527977], [77.26421207182506, 28.765413395600536], [77.26337120542888, 28.767061235648942], [77.26123276353852, 28.767243246043403], [77.25993528487598, 28.76577739566402]]]}, "properties": {"h3_id": "893da1b8313ffff", "eligible_devices": 5, "qualifying_events": 7, "events_1_to_3_hours": 4, "events_over_3_hours": 3, "worst_affected_devices": 5, "worst_affected_share": 1.0, "longest_event_minutes": 540.0, "latest_event_start_ist": "2026-07-24 04:05:00", "latest_event_end_ist": "2026-07-24 05:55:00", "severity": "over_3_hours"}}, {"type": "Feature", "geometry": {"type": "Polygon", "coordinates": [[[77.26337120542888, 28.767061235648942], [77.26421207182506, 28.765413395600536], [77.26635043242095, 28.7652313469157], [77.26764802344456, 28.76669711754674], [77.26680723249713, 28.768344996922583], [77.2646687750738, 28.768527066340816], [77.26337120542888, 28.767061235648942]]]}, "properties": {"h3_id": "893da1b8317ffff", "eligible_devices": 10, "qualifying_events": 5, "events_1_to_3_hours": 1, "events_over_3_hours": 4, "worst_affected_devices": 9, "worst_affected_share": 0.9, "longest_event_minutes": 1055.0, "latest_event_start_ist": "2026-07-22 02:35:00", "latest_event_end_ist": "2026-07-22 11:50:00", "severity": "over_3_hours"}}, {"type": "Feature", "geometry": {"type": "Polygon", "coordinates": [[[77.2574121995134, 28.770720963513497], [77.25825327128076, 28.769073079949067], [77.26039179446, 28.768891107855488], [77.2616893427141, 28.77035699860738], [77.26084834638955, 28.77200492151118], [77.25870972636454, 28.772186914324593], [77.2574121995134, 28.770720963513497]]]}, "properties": {"h3_id": "893da1b8383ffff", "eligible_devices": 11, "qualifying_events": 3, "events_1_to_3_hours": 1, "events_over_3_hours": 2, "worst_affected_devices": 11, "worst_affected_share": 1.0, "longest_event_minutes": 635.0, "latest_event_start_ist": "2026-07-22 01:45:00", "latest_event_end_ist": "2026-07-22 12:20:00", "severity": "over_3_hours"}}, {"type": "Feature", "geometry": {"type": "Polygon", "coordinates": [[[77.26084834638955, 28.77200492151118], [77.2616893427141, 28.77035699860738], [77.26382788144107, 28.770174967486298], [77.26512552068506, 28.771640838541252], [77.26428459981447, 28.773288800777834], [77.26214596424239, 28.773470852627558], [77.26084834638955, 28.77200492151118]]]}, "properties": {"h3_id": "893da1b8387ffff", "eligible_devices": 11, "qualifying_events": 2, "events_1_to_3_hours": 0, "events_over_3_hours": 2, "worst_affected_devices": 11, "worst_affected_share": 1.0, "longest_event_minutes": 595.0, "latest_event_start_ist": "2026-07-22 01:55:00", "latest_event_end_ist": "2026-07-22 11:50:00", "severity": "over_3_hours"}}, {"type": "Feature", "geometry": {"type": "Polygon", "coordinates": [[[77.26039179446, 28.768891107855488], [77.26123276353852, 28.767243246043403], [77.26337120542888, 28.767061235648942], [77.2646687750738, 28.768527066340816], [77.26382788144107, 28.770174967486298], [77.2616893427141, 28.77035699860738], [77.26039179446, 28.768891107855488]]]}, "properties": {"h3_id": "893da1b838fffff", "eligible_devices": 10, "qualifying_events": 2, "events_1_to_3_hours": 0, "events_over_3_hours": 2, "worst_affected_devices": 10, "worst_affected_share": 1.0, "longest_event_minutes": 675.0, "latest_event_start_ist": "2026-07-22 00:45:00", "latest_event_end_ist": "2026-07-22 11:50:00", "severity": "over_3_hours"}}, {"type": "Feature", "geometry": {"type": "Polygon", "coordinates": [[[77.26726407494431, 28.771458748387595], [77.26810489312012, 28.76981080791528], [77.27024336606098, 28.769628679468216], [77.27154111765773, 28.77109447075008], [77.27070037494997, 28.772742450542637], [77.26856180517386, 28.772924599733933], [77.26726407494431, 28.771458748387595]]]}, "properties": {"h3_id": "893da1b83a3ffff", "eligible_devices": 16, "qualifying_events": 3, "events_1_to_3_hours": 1, "events_over_3_hours": 2, "worst_affected_devices": 13, "worst_affected_share": 0.8125, "longest_event_minutes": 620.0, "latest_event_start_ist": "2026-07-22 02:20:00", "latest_event_end_ist": "2026-07-22 12:40:00", "severity": "over_3_hours"}}, {"type": "Feature", "geometry": {"type": "Polygon", "coordinates": [[[77.26680723249713, 28.768344996922583], [77.26764802344456, 28.76669711754674], [77.26978639955864, 28.766515009841868], [77.27108408154854, 28.7679807607715], [77.27024336606098, 28.769628679468216], [77.26810489312012, 28.76981080791528], [77.26680723249713, 28.768344996922583]]]}, "properties": {"h3_id": "893da1b83abffff", "eligible_devices": 9, "qualifying_events": 3, "events_1_to_3_hours": 1, "events_over_3_hours": 2, "worst_affected_devices": 8, "worst_affected_share": 0.8889, "longest_event_minutes": 545.0, "latest_event_start_ist": "2026-07-22 02:50:00", "latest_event_end_ist": "2026-07-22 11:55:00", "severity": "over_3_hours"}}, {"type": "Feature", "geometry": {"type": "Polygon", "coordinates": [[[77.27024336606098, 28.769628679468216], [77.27108408154854, 28.7679807607715], [77.27322247316536, 28.76779859404153], [77.27452024611719, 28.76926432525812], [77.27367960610064, 28.77091228326909], [77.27154111765773, 28.77109447075008], [77.27024336606098, 28.769628679468216]]]}, "properties": {"h3_id": "893da1b83afffff", "eligible_devices": 10, "qualifying_events": 4, "events_1_to_3_hours": 2, "events_over_3_hours": 2, "worst_affected_devices": 8, "worst_affected_share": 0.8, "longest_event_minutes": 545.0, "latest_event_start_ist": "2026-07-22 03:15:00", "latest_event_end_ist": "2026-07-22 12:20:00", "severity": "over_3_hours"}}, {"type": "Feature", "geometry": {"type": "Polygon", "coordinates": [[[77.26428459981447, 28.773288800777834], [77.26512552068506, 28.771640838541252], [77.26726407494431, 28.771458748387595], [77.26856180517386, 28.772924599733933], [77.26772095976835, 28.774572601296722], [77.26558230866466, 28.774754712187825], [77.26428459981447, 28.773288800777834]]]}, "properties": {"h3_id": "893da1b83b3ffff", "eligible_devices": 9, "qualifying_events": 4, "events_1_to_3_hours": 1, "events_over_3_hours": 3, "worst_affected_devices": 9, "worst_affected_share": 1.0, "longest_event_minutes": 570.0, "latest_event_start_ist": "2026-07-22 03:15:00", "latest_event_end_ist": "2026-07-22 12:45:00", "severity": "over_3_hours"}}, {"type": "Feature", "geometry": {"type": "Polygon", "coordinates": [[[77.26382788144107, 28.770174967486298], [77.2646687750738, 28.768527066340816], [77.26680723249713, 28.768344996922583], [77.26810489312012, 28.76981080791528], [77.26726407494431, 28.771458748387595], [77.26512552068506, 28.771640838541252], [77.26382788144107, 28.770174967486298]]]}, "properties": {"h3_id": "893da1b83bbffff", "eligible_devices": 16, "qualifying_events": 3, "events_1_to_3_hours": 1, "events_over_3_hours": 2, "worst_affected_devices": 14, "worst_affected_share": 0.875, "longest_event_minutes": 615.0, "latest_event_start_ist": "2026-07-22 01:45:00", "latest_event_end_ist": "2026-07-22 12:00:00", "severity": "over_3_hours"}}, {"type": "Feature", "geometry": {"type": "Polygon", "coordinates": [[[77.21851127739971, 28.726745664974317], [77.21935282968545, 28.72509878641993], [77.2214902284814, 28.724917610528433], [77.22278617175557, 28.72638329258063], [77.22194469471981, 28.72803021054626], [77.2198071991564, 28.728211407049304], [77.21851127739971, 28.726745664974317]]]}, "properties": {"h3_id": "893da1b9033ffff", "eligible_devices": 26, "qualifying_events": 1, "events_1_to_3_hours": 1, "events_over_3_hours": 0, "worst_affected_devices": 23, "worst_affected_share": 0.8846, "longest_event_minutes": 115.0, "latest_event_start_ist": "2026-07-25 04:05:00", "latest_event_end_ist": "2026-07-25 06:00:00", "severity": "1_to_3_hours"}}, {"type": "Feature", "geometry": {"type": "Polygon", "coordinates": [[[77.245070384242, 28.73079445743823], [77.24591127970322, 28.72914738609073], [77.24804861023755, 28.72896578030558], [77.24934514205238, 28.730431225190884], [77.24850432191381, 28.732078335898326], [77.24636689463425, 28.732259962361386], [77.245070384242, 28.73079445743823]]]}, "properties": {"h3_id": "893da1b912bffff", "eligible_devices": 9, "qualifying_events": 1, "events_1_to_3_hours": 1, "events_over_3_hours": 0, "worst_affected_devices": 7, "worst_affected_share": 0.7778, "longest_event_minutes": 110.0, "latest_event_start_ist": "2026-07-09 09:20:00", "latest_event_end_ist": "2026-07-09 11:10:00", "severity": "1_to_3_hours"}}, {"type": "Feature", "geometry": {"type": "Polygon", "coordinates": [[[77.2187643155969, 28.70624414670642], [77.21960560146137, 28.70459765697059], [77.22174233883581, 28.70441656647644], [77.22303788704968, 28.705881945112747], [77.22219667638937, 28.707528474257487], [77.22005984230752, 28.70770958535786], [77.2187643155969, 28.70624414670642]]]}, "properties": {"h3_id": "893da1b9237ffff", "eligible_devices": 8, "qualifying_events": 1, "events_1_to_3_hours": 0, "events_over_3_hours": 1, "worst_affected_devices": 6, "worst_affected_share": 0.75, "longest_event_minutes": 1370.0, "latest_event_start_ist": "2026-07-31 01:10:00", "latest_event_end_ist": "2026-08-01 00:00:00", "severity": "over_3_hours"}}, {"type": "Feature", "geometry": {"type": "Polygon", "coordinates": [[[77.24027054209422, 28.720173257689734], [77.241111431083, 28.71852640922484], [77.24324845582844, 28.718344924341555], [77.24454468830203, 28.719810267260954], [77.24370387460039, 28.72145715509419], [77.24156675313449, 28.721638660640533], [77.24027054209422, 28.720173257689734]]]}, "properties": {"h3_id": "893da1b93a7ffff", "eligible_devices": 9, "qualifying_events": 1, "events_1_to_3_hours": 1, "events_over_3_hours": 0, "worst_affected_devices": 9, "worst_affected_share": 1.0, "longest_event_minutes": 100.0, "latest_event_start_ist": "2026-07-20 17:00:00", "latest_event_end_ist": "2026-07-20 18:40:00", "severity": "1_to_3_hours"}}, {"type": "Feature", "geometry": {"type": "Polygon", "coordinates": [[[77.2398152895042, 28.717061046796392], [77.24065615123429, 28.715414259515498], [77.24279307926774, 28.715232795293222], [77.24408924227953, 28.716698097691694], [77.24324845582844, 28.718344924341555], [77.241111431083, 28.71852640922484], [77.2398152895042, 28.717061046796392]]]}, "properties": {"h3_id": "893da1b93afffff", "eligible_devices": 6, "qualifying_events": 2, "events_1_to_3_hours": 1, "events_over_3_hours": 1, "worst_affected_devices": 5, "worst_affected_share": 0.8333, "longest_event_minutes": 520.0, "latest_event_start_ist": "2026-07-21 00:50:00", "latest_event_end_ist": "2026-07-21 09:30:00", "severity": "over_3_hours"}}, {"type": "Feature", "geometry": {"type": "Polygon", "coordinates": [[[77.20063371496863, 28.737713643428446], [77.20147588277595, 28.736066634632746], [77.20361376775203, 28.73588568858347], [77.20490958173953, 28.737351730759908], [77.20406748916425, 28.73899877900256], [77.20192950736592, 28.739179745622685], [77.20063371496863, 28.737713643428446]]]}, "properties": {"h3_id": "893da1b9423ffff", "eligible_devices": 7, "qualifying_events": 3, "events_1_to_3_hours": 1, "events_over_3_hours": 2, "worst_affected_devices": 7, "worst_affected_share": 1.0, "longest_event_minutes": 980.0, "latest_event_start_ist": "2026-07-31 15:10:00", "latest_event_end_ist": "2026-07-31 18:15:00", "severity": "over_3_hours"}}, {"type": "Feature", "geometry": {"type": "Polygon", "coordinates": [[[77.1887116676272, 28.745025295824558], [77.18955424591203, 28.743378200427994], [77.19169245489542, 28.74319740781678], [77.19298818244921, 28.74466369005933], [77.19214567938441, 28.74631082492667], [77.19000737354224, 28.746491638081537], [77.1887116676272, 28.745025295824558]]]}, "properties": {"h3_id": "893da1b9487ffff", "eligible_devices": 21, "qualifying_events": 1, "events_1_to_3_hours": 1, "events_over_3_hours": 0, "worst_affected_devices": 17, "worst_affected_share": 0.8095, "longest_event_minutes": 65.0, "latest_event_start_ist": "2026-07-27 08:15:00", "latest_event_end_ist": "2026-07-27 09:20:00", "severity": "1_to_3_hours"}}, {"type": "Feature", "geometry": {"type": "Polygon", "coordinates": [[[77.17822333541426, 28.717549994745376], [77.17906584467578, 28.715903467323763], [77.18120324732604, 28.715722956684736], [77.18249823750332, 28.71718895295821], [77.1816558033745, 28.71883551986848], [77.17951830393218, 28.719016051017473], [77.17822333541426, 28.717549994745376]]]}, "properties": {"h3_id": "893da1b96d7ffff", "eligible_devices": 8, "qualifying_events": 1, "events_1_to_3_hours": 1, "events_over_3_hours": 0, "worst_affected_devices": 6, "worst_affected_share": 0.75, "longest_event_minutes": 80.0, "latest_event_start_ist": "2026-07-02 07:25:00", "latest_event_end_ist": "2026-07-02 08:45:00", "severity": "1_to_3_hours"}}, {"type": "Feature", "geometry": {"type": "Polygon", "coordinates": [[[77.29338523720938, 28.728256701455948], [77.29422481176577, 28.726609468618417], [77.29636169757214, 28.72642712423809], [77.29765910549432, 28.727891991900467], [77.29681960637016, 28.729539264003638], [77.29468262388806, 28.72972162917966], [77.29338523720938, 28.728256701455948]]]}, "properties": {"h3_id": "893da1b982fffff", "eligible_devices": 8, "qualifying_events": 2, "events_1_to_3_hours": 2, "events_over_3_hours": 0, "worst_affected_devices": 7, "worst_affected_share": 0.875, "longest_event_minutes": 145.0, "latest_event_start_ist": "2026-07-21 04:00:00", "latest_event_end_ist": "2026-07-21 05:35:00", "severity": "1_to_3_hours"}}, {"type": "Feature", "geometry": {"type": "Polygon", "coordinates": [[[77.27278125276948, 28.720559676464557], [77.2736212796861, 28.718912679359043], [77.27575807300806, 28.718730688429037], [77.27705493608975, 28.720195673862502], [77.27621498453877, 28.721842710273126], [77.27407809453693, 28.72202472194605], [77.27278125276948, 28.720559676464557]]]}, "properties": {"h3_id": "893da1b985bffff", "eligible_devices": 10, "qualifying_events": 1, "events_1_to_3_hours": 1, "events_over_3_hours": 0, "worst_affected_devices": 9, "worst_affected_share": 0.9, "longest_event_minutes": 80.0, "latest_event_start_ist": "2026-07-09 09:20:00", "latest_event_end_ist": "2026-07-09 10:40:00", "severity": "1_to_3_hours"}}, {"type": "Feature", "geometry": {"type": "Polygon", "coordinates": [[[77.27208799117484, 28.737950593015594], [77.27292825655405, 28.73630326813314], [77.2750656146183, 28.736121211658663], [77.27636280403121, 28.737586459321218], [77.27552261405542, 28.73923382351165], [77.2733851592598, 28.739415900732407], [77.27208799117484, 28.737950593015594]]]}, "properties": {"h3_id": "893da1b9893ffff", "eligible_devices": 9, "qualifying_events": 2, "events_1_to_3_hours": 1, "events_over_3_hours": 1, "worst_affected_devices": 9, "worst_affected_share": 1.0, "longest_event_minutes": 230.0, "latest_event_start_ist": "2026-07-22 00:25:00", "latest_event_end_ist": "2026-07-22 02:50:00", "severity": "over_3_hours"}}, {"type": "Feature", "geometry": {"type": "Polygon", "coordinates": [[[77.27163115801216, 28.734838000837925], [77.27247139620339, 28.733190737121955], [77.27460865754472, 28.733008701391757], [77.27590577741424, 28.734473908634115], [77.2750656146183, 28.736121211658663], [77.27292825655405, 28.73630326813314], [77.27163115801216, 28.734838000837925]]]}, "properties": {"h3_id": "893da1b989bffff", "eligible_devices": 10, "qualifying_events": 3, "events_1_to_3_hours": 3, "events_over_3_hours": 0, "worst_affected_devices": 10, "worst_affected_share": 1.0, "longest_event_minutes": 175.0, "latest_event_start_ist": "2026-07-31 18:35:00", "latest_event_end_ist": "2026-07-31 19:40:00", "severity": "1_to_3_hours"}}, {"type": "Feature", "geometry": {"type": "Polygon", "coordinates": [[[77.29819358745027, 28.738876292758572], [77.29903316792674, 28.737228837099124], [77.30117035914368, 28.737046371373147], [77.30246806658106, 28.738511340496885], [77.30162856157239, 28.740158835413506], [77.29949127365501, 28.740341321950087], [77.29819358745027, 28.738876292758572]]]}, "properties": {"h3_id": "893da1b99c7ffff", "eligible_devices": 5, "qualifying_events": 1, "events_1_to_3_hours": 1, "events_over_3_hours": 0, "worst_affected_devices": 4, "worst_affected_share": 0.8, "longest_event_minutes": 175.0, "latest_event_start_ist": "2026-07-09 17:50:00", "latest_event_end_ist": "2026-07-09 20:45:00", "severity": "1_to_3_hours"}}, {"type": "Feature", "geometry": {"type": "Polygon", "coordinates": [[[77.2901819298847, 28.706473994647105], [77.2910213146079, 28.704827190320994], [77.2931575239213, 28.704644991453492], [77.29445444512443, 28.70610957613154], [77.29361513577636, 28.70775641972766], [77.29147882984651, 28.707938639376607], [77.2901819298847, 28.706473994647105]]]}, "properties": {"h3_id": "893da1b9a2fffff", "eligible_devices": 8, "qualifying_events": 2, "events_1_to_3_hours": 1, "events_over_3_hours": 1, "worst_affected_devices": 6, "worst_affected_share": 0.75, "longest_event_minutes": 650.0, "latest_event_start_ist": "2026-07-30 23:50:00", "latest_event_end_ist": "2026-07-31 10:40:00", "severity": "over_3_hours"}}, {"type": "Feature", "geometry": {"type": "Polygon", "coordinates": [[[77.30139788142058, 28.71654427457759], [77.30223709416768, 28.714897230003245], [77.30437354276691, 28.714714812909328], [77.30567087524682, 28.71617941957873], [77.30483173792442, 28.71782650340208], [77.30269519269388, 28.718008941307904], [77.30139788142058, 28.71654427457759]]]}, "properties": {"h3_id": "893da1b9b03ffff", "eligible_devices": 12, "qualifying_events": 1, "events_1_to_3_hours": 1, "events_over_3_hours": 0, "worst_affected_devices": 9, "worst_affected_share": 0.75, "longest_event_minutes": 75.0, "latest_event_start_ist": "2026-07-09 05:25:00", "latest_event_end_ist": "2026-07-09 06:40:00", "severity": "1_to_3_hours"}}, {"type": "Feature", "geometry": {"type": "Polygon", "coordinates": [[[77.30483173792442, 28.71782650340208], [77.30567087524682, 28.71617941957873], [77.30780733916336, 28.715996943587538], [77.30910476238459, 28.717461530599902], [77.30826570049797, 28.7191086536657], [77.30612913995083, 28.719291150477574], [77.30483173792442, 28.71782650340208]]]}, "properties": {"h3_id": "893da1b9b07ffff", "eligible_devices": 7, "qualifying_events": 4, "events_1_to_3_hours": 1, "events_over_3_hours": 3, "worst_affected_devices": 5, "worst_affected_share": 0.7143, "longest_event_minutes": 715.0, "latest_event_start_ist": "2026-07-27 01:25:00", "latest_event_end_ist": "2026-07-27 13:20:00", "severity": "over_3_hours"}}, {"type": "Feature", "geometry": {"type": "Polygon", "coordinates": [[[77.29796413100621, 28.715261967208875], [77.29880341916693, 28.713614961890144], [77.30093985243343, 28.713432603688442], [77.30223709416768, 28.714897230003245], [77.30139788142058, 28.71654427457759], [77.29926135152208, 28.716726653582384], [77.29796413100621, 28.715261967208875]]]}, "properties": {"h3_id": "893da1b9b1bffff", "eligible_devices": 8, "qualifying_events": 1, "events_1_to_3_hours": 1, "events_over_3_hours": 0, "worst_affected_devices": 6, "worst_affected_share": 0.75, "longest_event_minutes": 170.0, "latest_event_start_ist": "2026-07-23 23:00:00", "latest_event_end_ist": "2026-07-24 01:50:00", "severity": "1_to_3_hours"}}, {"type": "Feature", "geometry": {"type": "Polygon", "coordinates": [[[77.30826570049797, 28.7191086536657], [77.30910476238459, 28.717461530599902], [77.31124124160303, 28.717278995706398], [77.31253875556122, 28.718743563050097], [77.31169976912149, 28.720390725351752], [77.30956319327316, 28.720573281074735], [77.30826570049797, 28.7191086536657]]]}, "properties": {"h3_id": "893da1b9b33ffff", "eligible_devices": 20, "qualifying_events": 1, "events_1_to_3_hours": 0, "events_over_3_hours": 1, "worst_affected_devices": 17, "worst_affected_share": 0.85, "longest_event_minutes": 470.0, "latest_event_start_ist": "2026-07-09 09:35:00", "latest_event_end_ist": "2026-07-09 17:25:00", "severity": "over_3_hours"}}, {"type": "Feature", "geometry": {"type": "Polygon", "coordinates": [[[77.31169976912149, 28.720390725351752], [77.31253875556122, 28.718743563050097], [77.31467525006613, 28.718560969249218], [77.31597285475699, 28.720025516912624], [77.31513394377521, 28.721672718443568], [77.31299735264112, 28.721855333082694], [77.31169976912149, 28.720390725351752]]]}, "properties": {"h3_id": "893da1b9b37ffff", "eligible_devices": 12, "qualifying_events": 1, "events_1_to_3_hours": 0, "events_over_3_hours": 1, "worst_affected_devices": 12, "worst_affected_share": 1.0, "longest_event_minutes": 470.0, "latest_event_start_ist": "2026-07-09 09:35:00", "latest_event_end_ist": "2026-07-09 17:25:00", "severity": "over_3_hours"}}, {"type": "Feature", "geometry": {"type": "Polygon", "coordinates": [[[77.30780733916336, 28.715996943587538], [77.30864637397436, 28.71434988174646], [77.31078275657138, 28.7141673676804], [77.31208020097532, 28.715631894628835], [77.31124124160303, 28.717278995706398], [77.30910476238459, 28.717461530599902], [77.30780733916336, 28.715996943587538]]]}, "properties": {"h3_id": "893da1b9b3bffff", "eligible_devices": 7, "qualifying_events": 1, "events_1_to_3_hours": 1, "events_over_3_hours": 0, "worst_affected_devices": 5, "worst_affected_share": 0.7143, "longest_event_minutes": 90.0, "latest_event_start_ist": "2026-07-29 01:50:00", "latest_event_end_ist": "2026-07-29 03:20:00", "severity": "1_to_3_hours"}}, {"type": "Feature", "geometry": {"type": "Polygon", "coordinates": [[[77.30986591394513, 28.707944416542414], [77.31070479212288, 28.70629749917299], [77.31284090019565, 28.706114988704815], [77.31413822668252, 28.707579374776817], [77.31329942393009, 28.709226331378023], [77.31116321926197, 28.709408862676312], [77.30986591394513, 28.707944416542414]]]}, "properties": {"h3_id": "893da1b9b6fffff", "eligible_devices": 19, "qualifying_events": 1, "events_1_to_3_hours": 1, "events_over_3_hours": 0, "worst_affected_devices": 16, "worst_affected_share": 0.8421, "longest_event_minutes": 65.0, "latest_event_start_ist": "2026-07-29 13:15:00", "latest_event_end_ist": "2026-07-29 14:20:00", "severity": "1_to_3_hours"}}, {"type": "Feature", "geometry": {"type": "Polygon", "coordinates": [[[77.25971932163392, 28.742155034982563], [77.26055997018555, 28.740507683926715], [77.26269755646754, 28.740325801036054], [77.2639945909539, 28.741791248484926], [77.26315401778571, 28.74343863887319], [77.26101633474418, 28.743620542481025], [77.25971932163392, 28.742155034982563]]]}, "properties": {"h3_id": "893da1b9c03ffff", "eligible_devices": 6, "qualifying_events": 1, "events_1_to_3_hours": 1, "events_over_3_hours": 0, "worst_affected_devices": 6, "worst_affected_share": 1.0, "longest_event_minutes": 65.0, "latest_event_start_ist": "2026-07-05 14:50:00", "latest_event_end_ist": "2026-07-05 15:55:00", "severity": "1_to_3_hours"}}, {"type": "Feature", "geometry": {"type": "Polygon", "coordinates": [[[77.26315401778571, 28.74343863887319], [77.2639945909539, 28.741791248484926], [77.26613219275947, 28.741609306644676], [77.26742931815222, 28.743074734467577], [77.2665888203786, 28.744722164181663], [77.26445112181416, 28.74490412674789], [77.26315401778571, 28.74343863887319]]]}, "properties": {"h3_id": "893da1b9c07ffff", "eligible_devices": 34, "qualifying_events": 1, "events_1_to_3_hours": 1, "events_over_3_hours": 0, "worst_affected_devices": 29, "worst_affected_share": 0.8529, "longest_event_minutes": 65.0, "latest_event_start_ist": "2026-07-05 14:50:00", "latest_event_end_ist": "2026-07-05 15:55:00", "severity": "1_to_3_hours"}}, {"type": "Feature", "geometry": {"type": "Polygon", "coordinates": [[[77.25926302660993, 28.739042216863503], [77.26010364793699, 28.737394926958675], [77.26224113746791, 28.73721306478317], [77.2635381024193, 28.738678471798195], [77.26269755646754, 28.740325801036054], [77.26055997018555, 28.740507683926715], [77.25926302660993, 28.739042216863503]]]}, "properties": {"h3_id": "893da1b9c0bffff", "eligible_devices": 29, "qualifying_events": 1, "events_1_to_3_hours": 1, "events_over_3_hours": 0, "worst_affected_devices": 29, "worst_affected_share": 1.0, "longest_event_minutes": 65.0, "latest_event_start_ist": "2026-07-05 14:50:00", "latest_event_end_ist": "2026-07-05 15:55:00", "severity": "1_to_3_hours"}}, {"type": "Feature", "geometry": {"type": "Polygon", "coordinates": [[[77.26269755646754, 28.740325801036054], [77.2635381024193, 28.738678471798195], [77.2656756074745, 28.7384965506819], [77.26697266332481, 28.739961938080373], [77.26613219275947, 28.741609306644676], [77.2639945909539, 28.741791248484926], [77.26269755646754, 28.740325801036054]]]}, "properties": {"h3_id": "893da1b9c0fffff", "eligible_devices": 42, "qualifying_events": 1, "events_1_to_3_hours": 1, "events_over_3_hours": 0, "worst_affected_devices": 33, "worst_affected_share": 0.7857, "longest_event_minutes": 65.0, "latest_event_start_ist": "2026-07-05 14:50:00", "latest_event_end_ist": "2026-07-05 15:55:00", "severity": "1_to_3_hours"}}, {"type": "Feature", "geometry": {"type": "Polygon", "coordinates": [[[77.26956693546597, 28.74289273367266], [77.27040733063379, 28.74124532578846], [77.27254486669128, 28.741063286775372], [77.27384210432648, 28.74252863490578], [77.27300178456731, 28.744176082103262], [77.2708641517608, 28.744358141857916], [77.26956693546597, 28.74289273367266]]]}, "properties": {"h3_id": "893da1b9c23ffff", "eligible_devices": 101, "qualifying_events": 2, "events_1_to_3_hours": 2, "events_over_3_hours": 0, "worst_affected_devices": 91, "worst_affected_share": 0.901, "longest_event_minutes": 165.0, "latest_event_start_ist": "2026-07-22 02:05:00", "latest_event_end_ist": "2026-07-22 03:20:00", "severity": "1_to_3_hours"}}, {"type": "Feature", "geometry": {"type": "Polygon", "coordinates": [[[77.27300178456731, 28.744176082103262], [77.27384210432648, 28.74252863490578], [77.27597965586197, 28.742346536936683], [77.27727698438314, 28.7438118654156], [77.27643674004374, 28.74545935191981], [77.2742990917599, 28.745641470639253], [77.27300178456731, 28.744176082103262]]]}, "properties": {"h3_id": "893da1b9c27ffff", "eligible_devices": 44, "qualifying_events": 2, "events_1_to_3_hours": 2, "events_over_3_hours": 0, "worst_affected_devices": 40, "worst_affected_share": 0.9091, "longest_event_minutes": 165.0, "latest_event_start_ist": "2026-07-22 02:05:00", "latest_event_end_ist": "2026-07-22 03:20:00", "severity": "1_to_3_hours"}}, {"type": "Feature", "geometry": {"type": "Polygon", "coordinates": [[[77.26911018388888, 28.739779958018207], [77.2699505518579, 28.73813261128916], [77.27208799117484, 28.737950593015594], [77.2733851592598, 28.739415900732407], [77.27254486669128, 28.741063286775372], [77.27040733063379, 28.74124532578846], [77.26911018388888, 28.739779958018207]]]}, "properties": {"h3_id": "893da1b9c2bffff", "eligible_devices": 32, "qualifying_events": 1, "events_1_to_3_hours": 1, "events_over_3_hours": 0, "worst_affected_devices": 29, "worst_affected_share": 0.9062, "longest_event_minutes": 170.0, "latest_event_start_ist": "2026-07-09 11:35:00", "latest_event_end_ist": "2026-07-09 14:25:00", "severity": "1_to_3_hours"}}, {"type": "Feature", "geometry": {"type": "Polygon", "coordinates": [[[77.27254486669128, 28.741063286775372], [77.2733851592598, 28.739415900732407], [77.27552261405542, 28.73923382351165], [77.27681987301888, 28.740699111586373], [77.27597965586197, 28.742346536936683], [77.27384210432648, 28.74252863490578], [77.27254486669128, 28.741063286775372]]]}, "properties": {"h3_id": "893da1b9c2fffff", "eligible_devices": 28, "qualifying_events": 1, "events_1_to_3_hours": 1, "events_over_3_hours": 0, "worst_affected_devices": 23, "worst_affected_share": 0.8214, "longest_event_minutes": 175.0, "latest_event_start_ist": "2026-07-09 11:35:00", "latest_event_end_ist": "2026-07-09 14:30:00", "severity": "1_to_3_hours"}}, {"type": "Feature", "geometry": {"type": "Polygon", "coordinates": [[[77.26613219275947, 28.741609306644676], [77.26697266332481, 28.739961938080373], [77.26911018388888, 28.739779958018207], [77.27040733063379, 28.74124532578846], [77.26956693546597, 28.74289273367266], [77.26742931815222, 28.743074734467577], [77.26613219275947, 28.741609306644676]]]}, "properties": {"h3_id": "893da1b9c3bffff", "eligible_devices": 14, "qualifying_events": 2, "events_1_to_3_hours": 2, "events_over_3_hours": 0, "worst_affected_devices": 13, "worst_affected_share": 0.9286, "longest_event_minutes": 165.0, "latest_event_start_ist": "2026-07-22 02:00:00", "latest_event_end_ist": "2026-07-22 03:55:00", "severity": "1_to_3_hours"}}, {"type": "Feature", "geometry": {"type": "Polygon", "coordinates": [[[77.25880677388881, 28.735929500338727], [77.2596473679926, 28.734282271590914], [77.26178476078096, 28.734100430128517], [77.26308165620455, 28.735565796701703], [77.26224113746791, 28.73721306478317], [77.26010364793699, 28.737394926958675], [77.25880677388881, 28.735929500338727]]]}, "properties": {"h3_id": "893da1b9c47ffff", "eligible_devices": 18, "qualifying_events": 2, "events_1_to_3_hours": 1, "events_over_3_hours": 1, "worst_affected_devices": 17, "worst_affected_share": 0.9444, "longest_event_minutes": 185.0, "latest_event_start_ist": "2026-07-09 14:35:00", "latest_event_end_ist": "2026-07-09 17:40:00", "severity": "over_3_hours"}}, {"type": "Feature", "geometry": {"type": "Polygon", "coordinates": [[[77.25835056346473, 28.732816885422228], [77.2591911303466, 28.7311697178374], [77.26132842640087, 28.730987897086106], [77.26262525230382, 28.732453223209426], [77.26178476078096, 28.734100430128517], [77.2596473679926, 28.734282271590914], [77.25835056346473, 28.732816885422228]]]}, "properties": {"h3_id": "893da1b9c4fffff", "eligible_devices": 11, "qualifying_events": 1, "events_1_to_3_hours": 1, "events_over_3_hours": 0, "worst_affected_devices": 10, "worst_affected_share": 0.9091, "longest_event_minutes": 65.0, "latest_event_start_ist": "2026-07-05 14:50:00", "latest_event_end_ist": "2026-07-05 15:55:00", "severity": "1_to_3_hours"}}, {"type": "Feature", "geometry": {"type": "Polygon", "coordinates": [[[77.26521906451786, 28.73538389630732], [77.26605948067063, 28.73373665006053], [77.26819680776072, 28.733554711457774], [77.26949381542728, 28.735019998374007], [77.26865347465574, 28.736667283941916], [77.26651605083289, 28.736849243273358], [77.26521906451786, 28.73538389630732]]]}, "properties": {"h3_id": "893da1b9c63ffff", "eligible_devices": 46, "qualifying_events": 1, "events_1_to_3_hours": 1, "events_over_3_hours": 0, "worst_affected_devices": 33, "worst_affected_share": 0.7174, "longest_event_minutes": 65.0, "latest_event_start_ist": "2026-07-05 14:50:00", "latest_event_end_ist": "2026-07-05 15:55:00", "severity": "1_to_3_hours"}}, {"type": "Feature", "geometry": {"type": "Polygon", "coordinates": [[[77.26865347465574, 28.736667283941916], [77.26949381542728, 28.735019998374007], [77.27163115801216, 28.734838000837925], [77.27292825655405, 28.73630326813314], [77.27208799117484, 28.737950593015594], [77.2699505518579, 28.73813261128916], [77.26865347465574, 28.736667283941916]]]}, "properties": {"h3_id": "893da1b9c67ffff", "eligible_devices": 43, "qualifying_events": 1, "events_1_to_3_hours": 1, "events_over_3_hours": 0, "worst_affected_devices": 32, "worst_affected_share": 0.7442, "longest_event_minutes": 65.0, "latest_event_start_ist": "2026-07-09 13:20:00", "latest_event_end_ist": "2026-07-09 14:25:00", "severity": "1_to_3_hours"}}, {"type": "Feature", "geometry": {"type": "Polygon", "coordinates": [[[77.2647625638837, 28.73227134353494], [77.26560295283218, 28.73062415845587], [77.26774018319801, 28.730442240579794], [77.26903712133613, 28.73190748705698], [77.26819680776072, 28.733554711457774], [77.26605948067063, 28.73373665006053], [77.2647625638837, 28.73227134353494]]]}, "properties": {"h3_id": "893da1b9c6bffff", "eligible_devices": 5, "qualifying_events": 2, "events_1_to_3_hours": 2, "events_over_3_hours": 0, "worst_affected_devices": 4, "worst_affected_share": 0.8, "longest_event_minutes": 125.0, "latest_event_start_ist": "2026-07-06 01:55:00", "latest_event_end_ist": "2026-07-06 03:15:00", "severity": "1_to_3_hours"}}, {"type": "Feature", "geometry": {"type": "Polygon", "coordinates": [[[77.26224113746791, 28.73721306478317], [77.26308165620455, 28.735565796701703], [77.26521906451786, 28.73538389630732], [77.26651605083289, 28.736849243273358], [77.2656756074745, 28.7384965506819], [77.2635381024193, 28.738678471798195], [77.26224113746791, 28.73721306478317]]]}, "properties": {"h3_id": "893da1b9c73ffff", "eligible_devices": 30, "qualifying_events": 1, "events_1_to_3_hours": 1, "events_over_3_hours": 0, "worst_affected_devices": 27, "worst_affected_share": 0.9, "longest_event_minutes": 65.0, "latest_event_start_ist": "2026-07-05 14:50:00", "latest_event_end_ist": "2026-07-05 15:55:00", "severity": "1_to_3_hours"}}, {"type": "Feature", "geometry": {"type": "Polygon", "coordinates": [[[77.26178476078096, 28.734100430128517], [77.26262525230382, 28.732453223209426], [77.2647625638837, 28.73227134353494], [77.26605948067063, 28.73373665006053], [77.26521906451786, 28.73538389630732], [77.26308165620455, 28.735565796701703], [77.26178476078096, 28.734100430128517]]]}, "properties": {"h3_id": "893da1b9c7bffff", "eligible_devices": 26, "qualifying_events": 1, "events_1_to_3_hours": 1, "events_over_3_hours": 0, "worst_affected_devices": 24, "worst_affected_share": 0.9231, "longest_event_minutes": 65.0, "latest_event_start_ist": "2026-07-05 14:50:00", "latest_event_end_ist": "2026-07-05 15:55:00", "severity": "1_to_3_hours"}}, {"type": "Feature", "geometry": {"type": "Polygon", "coordinates": [[[77.26750220264263, 28.750948183922247], [77.26834275483678, 28.749300631926552], [77.2704805656754, 28.749118589660046], [77.2717779210915, 28.75058407865126], [77.27093744431937, 28.752231669964967], [77.26879953670561, 28.752413732970314], [77.26750220264263, 28.750948183922247]]]}, "properties": {"h3_id": "893da1b9ca7ffff", "eligible_devices": 15, "qualifying_events": 2, "events_1_to_3_hours": 1, "events_over_3_hours": 1, "worst_affected_devices": 14, "worst_affected_share": 0.9333, "longest_event_minutes": 545.0, "latest_event_start_ist": "2026-07-22 04:50:00", "latest_event_end_ist": "2026-07-22 13:55:00", "severity": "over_3_hours"}}, {"type": "Feature", "geometry": {"type": "Polygon", "coordinates": [[[77.2636105214282, 28.74655157828056], [77.26445112181416, 28.74490412674789], [77.2665888203786, 28.744722164181663], [77.26788601532093, 28.746187632420963], [77.26704549033772, 28.747835123278854], [77.26490769500592, 28.74801710657308], [77.2636105214282, 28.74655157828056]]]}, "properties": {"h3_id": "893da1b9cabffff", "eligible_devices": 8, "qualifying_events": 2, "events_1_to_3_hours": 0, "events_over_3_hours": 2, "worst_affected_devices": 8, "worst_affected_share": 1.0, "longest_event_minutes": 525.0, "latest_event_start_ist": "2026-07-22 05:55:00", "latest_event_end_ist": "2026-07-22 13:55:00", "severity": "over_3_hours"}}, {"type": "Feature", "geometry": {"type": "Polygon", "coordinates": [[[77.28926216879775, 28.744365959385384], [77.29010205704864, 28.742718438028913], [77.29223949227827, 28.742536086786508], [77.29353713598144, 28.744001236111153], [77.29269732318954, 28.745648796742692], [77.29055979123196, 28.745831168775386], [77.28926216879775, 28.744365959385384]]]}, "properties": {"h3_id": "893da1b9d63ffff", "eligible_devices": 12, "qualifying_events": 1, "events_1_to_3_hours": 1, "events_over_3_hours": 0, "worst_affected_devices": 12, "worst_affected_share": 1.0, "longest_event_minutes": 135.0, "latest_event_start_ist": "2026-07-29 15:05:00", "latest_event_end_ist": "2026-07-29 17:20:00", "severity": "1_to_3_hours"}}, {"type": "Feature", "geometry": {"type": "Polygon", "coordinates": [[[77.27093744431937, 28.752231669964967], [77.2717779210915, 28.75058407865126], [77.27391574742153, 28.75040197740741], [77.27521319375035, 28.751867446730504], [77.27437279241134, 28.75351507735565], [77.27223486930687, 28.753697199347137], [77.27093744431937, 28.752231669964967]]]}, "properties": {"h3_id": "893da1b9dd3ffff", "eligible_devices": 20, "qualifying_events": 1, "events_1_to_3_hours": 0, "events_over_3_hours": 1, "worst_affected_devices": 15, "worst_affected_share": 0.75, "longest_event_minutes": 225.0, "latest_event_start_ist": "2026-07-22 10:10:00", "latest_event_end_ist": "2026-07-22 13:55:00", "severity": "over_3_hours"}}, {"type": "Feature", "geometry": {"type": "Polygon", "coordinates": [[[77.25607014559644, 28.717255335453405], [77.25691057638858, 28.715608473773163], [77.25904738889953, 28.715426756546947], [77.26034386730656, 28.71689188030087], [77.25950351183266, 28.718538781318458], [77.25736660263, 28.718720519245633], [77.25607014559644, 28.717255335453405]]]}, "properties": {"h3_id": "893da1b9e0bffff", "eligible_devices": 7, "qualifying_events": 1, "events_1_to_3_hours": 0, "events_over_3_hours": 1, "worst_affected_devices": 6, "worst_affected_share": 0.8571, "longest_event_minutes": 285.0, "latest_event_start_ist": "2026-07-10 12:45:00", "latest_event_end_ist": "2026-07-10 17:30:00", "severity": "over_3_hours"}}, {"type": "Feature", "geometry": {"type": "Polygon", "coordinates": [[[77.26980424878249, 28.722388648228222], [77.270644378235, 28.72074162923801], [77.27278125276948, 28.720559676464557], [77.27407809453693, 28.72202472194605], [77.2732380404471, 28.723671780247333], [77.2711010692236, 28.72385375375692], [77.26980424878249, 28.722388648228222]]]}, "properties": {"h3_id": "893da1b9e27ffff", "eligible_devices": 27, "qualifying_events": 1, "events_1_to_3_hours": 1, "events_over_3_hours": 0, "worst_affected_devices": 21, "worst_affected_share": 0.7778, "longest_event_minutes": 75.0, "latest_event_start_ist": "2026-07-09 03:45:00", "latest_event_end_ist": "2026-07-09 05:00:00", "severity": "1_to_3_hours"}}, {"type": "Feature", "geometry": {"type": "Polygon", "coordinates": [[[77.24804861023755, 28.72896578030558], [77.24888940312971, 28.727318730762985], [77.25102665251455, 28.72713708675084], [77.25232320573983, 28.72860247159746], [77.25148248817331, 28.730249560494048], [77.24934514205238, 28.730431225190884], [77.24804861023755, 28.72896578030558]]]}, "properties": {"h3_id": "893da1b9e93ffff", "eligible_devices": 12, "qualifying_events": 1, "events_1_to_3_hours": 1, "events_over_3_hours": 0, "worst_affected_devices": 11, "worst_affected_share": 0.9167, "longest_event_minutes": 165.0, "latest_event_start_ist": "2026-07-09 06:50:00", "latest_event_end_ist": "2026-07-09 09:35:00", "severity": "1_to_3_hours"}}, {"type": "Feature", "geometry": {"type": "Polygon", "coordinates": [[[77.24759294080562, 28.725853326365197], [77.24843370645273, 28.724206337993415], [77.25057085910996, 28.724024714663933], [77.25186734284418, 28.72549005902445], [77.25102665251455, 28.72713708675084], [77.24888940312971, 28.727318730762985], [77.24759294080562, 28.725853326365197]]]}, "properties": {"h3_id": "893da1b9e9bffff", "eligible_devices": 5, "qualifying_events": 1, "events_1_to_3_hours": 1, "events_over_3_hours": 0, "worst_affected_devices": 4, "worst_affected_share": 0.8, "longest_event_minutes": 125.0, "latest_event_start_ist": "2026-07-28 16:20:00", "latest_event_end_ist": "2026-07-28 18:25:00", "severity": "1_to_3_hours"}}, {"type": "Feature", "geometry": {"type": "Polygon", "coordinates": [[[77.26132842640087, 28.730987897086106], [77.26216889071128, 28.729340751335357], [77.26430610556623, 28.72915889237874], [77.26560295283218, 28.73062415845587], [77.2647625638837, 28.73227134353494], [77.26262525230382, 28.732453223209426], [77.26132842640087, 28.730987897086106]]]}, "properties": {"h3_id": "893da1b9eb7ffff", "eligible_devices": 13, "qualifying_events": 1, "events_1_to_3_hours": 1, "events_over_3_hours": 0, "worst_affected_devices": 12, "worst_affected_share": 0.9231, "longest_event_minutes": 65.0, "latest_event_start_ist": "2026-07-05 14:50:00", "latest_event_end_ist": "2026-07-05 15:55:00", "severity": "1_to_3_hours"}}, {"type": "Feature", "geometry": {"type": "Polygon", "coordinates": [[[77.1863735315953, 28.77359316263295], [77.18721653469645, 28.771945535469538], [77.18935568090414, 28.771764655343542], [77.19065192095228, 28.77323138183568], [77.18980899313026, 28.774879048476915], [77.18766974997745, 28.775059949149068], [77.1863735315953, 28.77359316263295]]]}, "properties": {"h3_id": "893da1bb027ffff", "eligible_devices": 16, "qualifying_events": 1, "events_1_to_3_hours": 1, "events_over_3_hours": 0, "worst_affected_devices": 16, "worst_affected_share": 1.0, "longest_event_minutes": 70.0, "latest_event_start_ist": "2026-07-19 11:55:00", "latest_event_end_ist": "2026-07-19 13:05:00", "severity": "1_to_3_hours"}}, {"type": "Feature", "geometry": {"type": "Polygon", "coordinates": [[[77.18592038581195, 28.77047878945449], [77.18676336146602, 28.768831223336864], [77.1889024107371, 28.76865036375502], [77.1901985812872, 28.77011704974749], [77.18935568090414, 28.771764655343542], [77.18721653469645, 28.771945535469538], [77.18592038581195, 28.77047878945449]]]}, "properties": {"h3_id": "893da1bb02fffff", "eligible_devices": 16, "qualifying_events": 1, "events_1_to_3_hours": 1, "events_over_3_hours": 0, "worst_affected_devices": 15, "worst_affected_share": 0.9375, "longest_event_minutes": 70.0, "latest_event_start_ist": "2026-07-19 11:55:00", "latest_event_end_ist": "2026-07-19 13:05:00", "severity": "1_to_3_hours"}}, {"type": "Feature", "geometry": {"type": "Polygon", "coordinates": [[[77.18339119851241, 28.775421653017176], [77.18423430433812, 28.773774004297774], [77.1863735315953, 28.77359316263295], [77.18766974997745, 28.775059949149068], [77.18682671942784, 28.776707637352278], [77.18468739521643, 28.77688849955643], [77.18339119851241, 28.775421653017176]]]}, "properties": {"h3_id": "893da1bb037ffff", "eligible_devices": 5, "qualifying_events": 3, "events_1_to_3_hours": 3, "events_over_3_hours": 0, "worst_affected_devices": 5, "worst_affected_share": 1.0, "longest_event_minutes": 105.0, "latest_event_start_ist": "2026-07-19 11:55:00", "latest_event_end_ist": "2026-07-19 13:05:00", "severity": "1_to_3_hours"}}, {"type": "Feature", "geometry": {"type": "Polygon", "coordinates": [[[77.18203226046428, 28.766078593415237], [77.1828752839243, 28.76443112783505], [77.18501422036975, 28.7642503477762], [77.18631023028037, 28.765717012765094], [77.18546728207204, 28.76736451783089], [77.18332824869786, 28.767545318423057], [77.18203226046428, 28.766078593415237]]]}, "properties": {"h3_id": "893da1bb067ffff", "eligible_devices": 8, "qualifying_events": 1, "events_1_to_3_hours": 0, "events_over_3_hours": 1, "worst_affected_devices": 7, "worst_affected_share": 0.875, "longest_event_minutes": 375.0, "latest_event_start_ist": "2026-07-20 05:30:00", "latest_event_end_ist": "2026-07-20 11:45:00", "severity": "over_3_hours"}}, {"type": "Feature", "geometry": {"type": "Polygon", "coordinates": [[[77.17814461703344, 28.76167846047476], [77.17898768827334, 28.76003109544575], [77.18112651188501, 28.75985039488516], [77.18242236117406, 28.761317038831955], [77.18157936516656, 28.762964443353738], [77.17944044463405, 28.76314516443681], [77.17814461703344, 28.76167846047476]]]}, "properties": {"h3_id": "893da1bb06bffff", "eligible_devices": 7, "qualifying_events": 1, "events_1_to_3_hours": 1, "events_over_3_hours": 0, "worst_affected_devices": 5, "worst_affected_share": 0.7143, "longest_event_minutes": 90.0, "latest_event_start_ist": "2026-07-31 09:30:00", "latest_event_end_ist": "2026-07-31 11:00:00", "severity": "1_to_3_hours"}}, {"type": "Feature", "geometry": {"type": "Polygon", "coordinates": [[[77.18157936516656, 28.762964443353738], [77.18242236117406, 28.761317038831955], [77.1845612006993, 28.761136279304417], [77.18585714113372, 28.762602903768208], [77.18501422036975, 28.7642503477762], [77.1828752839243, 28.76443112783505], [77.18157936516656, 28.762964443353738]]]}, "properties": {"h3_id": "893da1bb06fffff", "eligible_devices": 5, "qualifying_events": 1, "events_1_to_3_hours": 1, "events_over_3_hours": 0, "worst_affected_devices": 5, "worst_affected_share": 1.0, "longest_event_minutes": 90.0, "latest_event_start_ist": "2026-07-31 09:30:00", "latest_event_end_ist": "2026-07-31 11:00:00", "severity": "1_to_3_hours"}}, {"type": "Feature", "geometry": {"type": "Polygon", "coordinates": [[[77.17516253849941, 28.763506509176455], [77.17600571242933, 28.76185912258717], [77.17814461703344, 28.76167846047476], [77.17944044463405, 28.76314516443681], [77.17859734593351, 28.76479259052483], [77.17645834439942, 28.764973273152926], [77.17516253849941, 28.763506509176455]]]}, "properties": {"h3_id": "893da1bb07bffff", "eligible_devices": 7, "qualifying_events": 1, "events_1_to_3_hours": 1, "events_over_3_hours": 0, "worst_affected_devices": 6, "worst_affected_share": 0.8571, "longest_event_minutes": 175.0, "latest_event_start_ist": "2026-07-02 08:10:00", "latest_event_end_ist": "2026-07-02 11:05:00", "severity": "1_to_3_hours"}}, {"type": "Feature", "geometry": {"type": "Polygon", "coordinates": [[[77.18274954222008, 28.748681021526572], [77.18359232578258, 28.747033882897615], [77.1857306967357, 28.746853167068437], [77.18702638099984, 28.748319569339], [77.18618367265132, 28.74996674745062], [77.18404520482116, 28.75014748380987], [77.18274954222008, 28.748681021526572]]]}, "properties": {"h3_id": "893da1bb22fffff", "eligible_devices": 5, "qualifying_events": 1, "events_1_to_3_hours": 1, "events_over_3_hours": 0, "worst_affected_devices": 4, "worst_affected_share": 0.8, "longest_event_minutes": 170.0, "latest_event_start_ist": "2026-07-17 03:30:00", "latest_event_end_ist": "2026-07-17 06:20:00", "severity": "1_to_3_hours"}}, {"type": "Feature", "geometry": {"type": "Polygon", "coordinates": [[[77.17678668231318, 28.752336679998226], [77.17762967117928, 28.750689498182265], [77.17976820407951, 28.75050885917712], [77.18106384500541, 28.75197538147231], [77.18022093134728, 28.753622602782848], [77.17808230155174, 28.753803262304473], [77.17678668231318, 28.752336679998226]]]}, "properties": {"h3_id": "893da1bb233ffff", "eligible_devices": 10, "qualifying_events": 1, "events_1_to_3_hours": 0, "events_over_3_hours": 1, "worst_affected_devices": 9, "worst_affected_share": 0.9, "longest_event_minutes": 560.0, "latest_event_start_ist": "2026-07-05 01:10:00", "latest_event_end_ist": "2026-07-05 10:30:00", "severity": "over_3_hours"}}, {"type": "Feature", "geometry": {"type": "Polygon", "coordinates": [[[77.1935056051041, 28.755651686105658], [77.1943481904043, 28.754004367962363], [77.19648670584397, 28.75382345476199], [77.19778273286354, 28.755289839147252], [77.19694022281892, 28.756937196752922], [77.1948016104956, 28.757118130511817], [77.1935056051041, 28.755651686105658]]]}, "properties": {"h3_id": "893da1bb30bffff", "eligible_devices": 27, "qualifying_events": 1, "events_1_to_3_hours": 1, "events_over_3_hours": 0, "worst_affected_devices": 23, "worst_affected_share": 0.8519, "longest_event_minutes": 135.0, "latest_event_start_ist": "2026-07-20 05:30:00", "latest_event_end_ist": "2026-07-20 07:45:00", "severity": "1_to_3_hours"}}, {"type": "Feature", "geometry": {"type": "Polygon", "coordinates": [[[77.19052432066725, 28.757479900658513], [77.19136700863456, 28.755832560903578], [77.1935056051041, 28.755651686105658], [77.1948016104956, 28.757118130511817], [77.19395899778088, 28.758765509735095], [77.19182030441854, 28.75894640508473], [77.19052432066725, 28.757479900658513]]]}, "properties": {"h3_id": "893da1bb31bffff", "eligible_devices": 12, "qualifying_events": 1, "events_1_to_3_hours": 1, "events_over_3_hours": 0, "worst_affected_devices": 12, "worst_affected_share": 1.0, "longest_event_minutes": 135.0, "latest_event_start_ist": "2026-07-20 05:30:00", "latest_event_end_ist": "2026-07-20 07:45:00", "severity": "1_to_3_hours"}}, {"type": "Feature", "geometry": {"type": "Polygon", "coordinates": [[[77.19305225448295, 28.75253796408511], [77.19389481237, 28.750890707027803], [77.1960332309345, 28.750709814383924], [77.19732918848356, 28.752176158241696], [77.19648670584397, 28.75382345476199], [77.1943481904043, 28.754004367962363], [77.19305225448295, 28.75253796408511]]]}, "properties": {"h3_id": "893da1bb347ffff", "eligible_devices": 44, "qualifying_events": 1, "events_1_to_3_hours": 1, "events_over_3_hours": 0, "worst_affected_devices": 37, "worst_affected_share": 0.8409, "longest_event_minutes": 135.0, "latest_event_start_ist": "2026-07-20 05:30:00", "latest_event_end_ist": "2026-07-20 07:45:00", "severity": "1_to_3_hours"}}, {"type": "Feature", "geometry": {"type": "Polygon", "coordinates": [[[77.18916476783882, 28.748138794576693], [77.19000737354224, 28.746491638081537], [77.19214567938441, 28.74631082492667], [77.19344147638691, 28.74777714772213], [77.19259894591164, 28.749424343687444], [77.19046054320219, 28.749605177387984], [77.18916476783882, 28.748138794576693]]]}, "properties": {"h3_id": "893da1bb34bffff", "eligible_devices": 35, "qualifying_events": 1, "events_1_to_3_hours": 1, "events_over_3_hours": 0, "worst_affected_devices": 25, "worst_affected_share": 0.7143, "longest_event_minutes": 170.0, "latest_event_start_ist": "2026-07-17 03:30:00", "latest_event_end_ist": "2026-07-17 06:20:00", "severity": "1_to_3_hours"}}, {"type": "Feature", "geometry": {"type": "Polygon", "coordinates": [[[77.19259894591164, 28.749424343687444], [77.19344147638691, 28.74777714772213], [77.19557979808474, 28.747596275632738], [77.19687568617044, 28.749062578955005], [77.1960332309345, 28.750709814383924], [77.19389481237, 28.750890707027803], [77.19259894591164, 28.749424343687444]]]}, "properties": {"h3_id": "893da1bb34fffff", "eligible_devices": 38, "qualifying_events": 1, "events_1_to_3_hours": 1, "events_over_3_hours": 0, "worst_affected_devices": 34, "worst_affected_share": 0.8947, "longest_event_minutes": 135.0, "latest_event_start_ist": "2026-07-20 05:30:00", "latest_event_end_ist": "2026-07-20 07:45:00", "severity": "1_to_3_hours"}}, {"type": "Feature", "geometry": {"type": "Polygon", "coordinates": [[[77.19007109435306, 28.754366097007665], [77.19091375489771, 28.75271881833334], [77.19305225448295, 28.75253796408511], [77.1943481904043, 28.754004367962363], [77.1935056051041, 28.755651686105658], [77.19136700863456, 28.755832560903578], [77.19007109435306, 28.754366097007665]]]}, "properties": {"h3_id": "893da1bb357ffff", "eligible_devices": 56, "qualifying_events": 1, "events_1_to_3_hours": 1, "events_over_3_hours": 0, "worst_affected_devices": 42, "worst_affected_share": 0.75, "longest_event_minutes": 130.0, "latest_event_start_ist": "2026-07-20 05:30:00", "latest_event_end_ist": "2026-07-20 07:40:00", "severity": "1_to_3_hours"}}, {"type": "Feature", "geometry": {"type": "Polygon", "coordinates": [[[77.19648670584397, 28.75382345476199], [77.19732918848356, 28.752176158241696], [77.1994676228877, 28.751995206649372], [77.2007636715232, 28.753461531012885], [77.19992126414219, 28.75510886698962], [77.19778273286354, 28.755289839147252], [77.19648670584397, 28.75382345476199]]]}, "properties": {"h3_id": "893da1bb373ffff", "eligible_devices": 20, "qualifying_events": 1, "events_1_to_3_hours": 1, "events_over_3_hours": 0, "worst_affected_devices": 16, "worst_affected_share": 0.8, "longest_event_minutes": 135.0, "latest_event_start_ist": "2026-07-20 05:30:00", "latest_event_end_ist": "2026-07-20 07:45:00", "severity": "1_to_3_hours"}}, {"type": "Feature", "geometry": {"type": "Polygon", "coordinates": [[[77.19486590932458, 28.76499346176461], [77.19570857687238, 28.76334596039933], [77.19784738298854, 28.763164985517395], [77.19914361846257, 28.764631491437054], [77.1983010261948, 28.766279032262904], [77.19616212316944, 28.766460027709375], [77.19486590932458, 28.76499346176461]]]}, "properties": {"h3_id": "893da1bb3bbffff", "eligible_devices": 9, "qualifying_events": 1, "events_1_to_3_hours": 1, "events_over_3_hours": 0, "worst_affected_devices": 7, "worst_affected_share": 0.7778, "longest_event_minutes": 80.0, "latest_event_start_ist": "2026-07-15 11:20:00", "latest_event_end_ist": "2026-07-15 12:40:00", "severity": "1_to_3_hours"}}, {"type": "Feature", "geometry": {"type": "Polygon", "coordinates": [[[77.18708975054399, 28.75619421312977], [77.18793251375271, 28.75454691284975], [77.19007109435306, 28.754366097007665], [77.19136700863456, 28.755832560903578], [77.19052432066725, 28.757479900658513], [77.18838564317349, 28.757660737043494], [77.18708975054399, 28.75619421312977]]]}, "properties": {"h3_id": "893da1bb3cfffff", "eligible_devices": 11, "qualifying_events": 1, "events_1_to_3_hours": 1, "events_over_3_hours": 0, "worst_affected_devices": 11, "worst_affected_share": 1.0, "longest_event_minutes": 140.0, "latest_event_start_ist": "2026-07-20 05:25:00", "latest_event_end_ist": "2026-07-20 07:45:00", "severity": "1_to_3_hours"}}, {"type": "Feature", "geometry": {"type": "Polygon", "coordinates": [[[76.66964721209179, 28.32559900768709], [76.67049819204016, 28.32396224951876], [76.67262665249265, 28.3237912326536], [76.67390422927139, 28.32525695480775], [76.67305332235372, 28.326893753398533], [76.67092476562311, 28.32706478941353], [76.66964721209179, 28.32559900768709]]]}, "properties": {"h3_id": "893da1ca393ffff", "eligible_devices": 5, "qualifying_events": 1, "events_1_to_3_hours": 1, "events_over_3_hours": 0, "worst_affected_devices": 4, "worst_affected_share": 0.8, "longest_event_minutes": 115.0, "latest_event_start_ist": "2026-07-14 17:45:00", "latest_event_end_ist": "2026-07-14 19:40:00", "severity": "1_to_3_hours"}}, {"type": "Feature", "geometry": {"type": "Polygon", "coordinates": [[[76.74712126609062, 28.325626424442884], [76.74797020776433, 28.32398931428258], [76.75009813500073, 28.323817108945825], [76.75137721674606, 28.325281994429943], [76.7505283482913, 28.326919144865684], [76.74840032486873, 28.32709136954268], [76.74712126609062, 28.325626424442884]]]}, "properties": {"h3_id": "893da1cab17ffff", "eligible_devices": 5, "qualifying_events": 3, "events_1_to_3_hours": 1, "events_over_3_hours": 2, "worst_affected_devices": 5, "worst_affected_share": 1.0, "longest_event_minutes": 1215.0, "latest_event_start_ist": "2026-07-29 18:10:00", "latest_event_end_ist": "2026-07-30 14:25:00", "severity": "over_3_hours"}}, {"type": "Feature", "geometry": {"type": "Polygon", "coordinates": [[[77.7222858046483, 27.494168551280612], [77.72309868565179, 27.49254378847407], [77.72519303710473, 27.492360594903495], [77.72647460016013, 27.493802142698453], [77.72566179281513, 27.495426943816692], [77.72356734875295, 27.49561015882919], [77.7222858046483, 27.494168551280612]]]}, "properties": {"h3_id": "893da325d87ffff", "eligible_devices": 5, "qualifying_events": 1, "events_1_to_3_hours": 1, "events_over_3_hours": 0, "worst_affected_devices": 4, "worst_affected_share": 0.8, "longest_event_minutes": 85.0, "latest_event_start_ist": "2026-07-08 03:55:00", "latest_event_end_ist": "2026-07-08 05:20:00", "severity": "1_to_3_hours"}}, {"type": "Feature", "geometry": {"type": "Polygon", "coordinates": [[[79.40400103340887, 28.33513285550845], [79.4047788971053, 28.333485396725564], [79.40688500679786, 28.33327278985637], [79.4082133453117, 28.334707616053283], [79.40743556082907, 28.336355109856232], [79.40532935861556, 28.33656774244327], [79.40400103340887, 28.33513285550845]]]}, "properties": {"h3_id": "893da802d5bffff", "eligible_devices": 5, "qualifying_events": 1, "events_1_to_3_hours": 1, "events_over_3_hours": 0, "worst_affected_devices": 4, "worst_affected_share": 0.8, "longest_event_minutes": 65.0, "latest_event_start_ist": "2026-07-12 02:30:00", "latest_event_end_ist": "2026-07-12 03:35:00", "severity": "1_to_3_hours"}}, {"type": "Feature", "geometry": {"type": "Polygon", "coordinates": [[[79.44510000658265, 28.367069843296054], [79.44587712473884, 28.365421622185924], [79.4479838487336, 28.36520821636148], [79.44931354711389, 28.366643005821796], [79.44853650833272, 28.36829126186815], [79.44642969179301, 28.368504693519032], [79.44510000658265, 28.367069843296054]]]}, "properties": {"h3_id": "893da815863ffff", "eligible_devices": 11, "qualifying_events": 1, "events_1_to_3_hours": 0, "events_over_3_hours": 1, "worst_affected_devices": 8, "worst_affected_share": 0.7273, "longest_event_minutes": 415.0, "latest_event_start_ist": "2026-07-27 01:05:00", "latest_event_end_ist": "2026-07-27 08:00:00", "severity": "over_3_hours"}}, {"type": "Feature", "geometry": {"type": "Polygon", "coordinates": [[[79.44565255257481, 28.370152977524818], [79.44642969179301, 28.368504693519032], [79.44853650833272, 28.36829126186815], [79.44986627820367, 28.36972608839518], [79.449089218369, 28.3713744073361], [79.44698230927665, 28.371587864815915], [79.44565255257481, 28.370152977524818]]]}, "properties": {"h3_id": "893da815877ffff", "eligible_devices": 7, "qualifying_events": 1, "events_1_to_3_hours": 0, "events_over_3_hours": 1, "worst_affected_devices": 5, "worst_affected_share": 0.7143, "longest_event_minutes": 410.0, "latest_event_start_ist": "2026-07-27 01:10:00", "latest_event_end_ist": "2026-07-27 08:00:00", "severity": "over_3_hours"}}, {"type": "Feature", "geometry": {"type": "Polygon", "coordinates": [[[79.11990469496074, 28.034534608489285], [79.12068673549385, 28.032894051131223], [79.12278603641388, 28.032687374028946], [79.12410338892415, 28.034121229349573], [79.1233214263035, 28.03576182229818], [79.1212220332569, 28.035968524336646], [79.11990469496074, 28.034534608489285]]]}, "properties": {"h3_id": "893da857223ffff", "eligible_devices": 7, "qualifying_events": 3, "events_1_to_3_hours": 3, "events_over_3_hours": 0, "worst_affected_devices": 7, "worst_affected_share": 1.0, "longest_event_minutes": 165.0, "latest_event_start_ist": "2026-07-20 22:40:00", "latest_event_end_ist": "2026-07-21 00:10:00", "severity": "1_to_3_hours"}}, {"type": "Feature", "geometry": {"type": "Polygon", "coordinates": [[[79.1233214263035, 28.03576182229818], [79.12410338892415, 28.034121229349573], [79.1262026965481, 28.0339144945982], [79.12752013367297, 28.0353483278518], [79.12673824897475, 28.036988956384064], [79.12463884922605, 28.0371957160801], [79.1233214263035, 28.03576182229818]]]}, "properties": {"h3_id": "893da857227ffff", "eligible_devices": 10, "qualifying_events": 4, "events_1_to_3_hours": 4, "events_over_3_hours": 0, "worst_affected_devices": 8, "worst_affected_share": 0.8, "longest_event_minutes": 170.0, "latest_event_start_ist": "2026-07-20 22:40:00", "latest_event_end_ist": "2026-07-21 00:05:00", "severity": "1_to_3_hours"}}, {"type": "Feature", "geometry": {"type": "Polygon", "coordinates": [[[79.11702316846569, 28.03638183803589], [79.11780530863159, 28.03474125287433], [79.11990469496074, 28.034534608489285], [79.1212220332569, 28.035968524336646], [79.12043997100177, 28.037609145094645], [79.11834049253652, 28.037815814409868], [79.11702316846569, 28.03638183803589]]]}, "properties": {"h3_id": "893da857233ffff", "eligible_devices": 5, "qualifying_events": 4, "events_1_to_3_hours": 4, "events_over_3_hours": 0, "worst_affected_devices": 5, "worst_affected_share": 1.0, "longest_event_minutes": 170.0, "latest_event_start_ist": "2026-07-20 22:40:00", "latest_event_end_ist": "2026-07-21 00:05:00", "severity": "1_to_3_hours"}}, {"type": "Feature", "geometry": {"type": "Polygon", "coordinates": [[[79.13879799095945, 28.032673453652258], [79.13957949885517, 28.031032873069478], [79.14167856346832, 28.030825924956535], [79.14299621227504, 28.032259532447775], [79.14221478232679, 28.033900148582767], [79.14011562562114, 28.03410712167534], [79.13879799095945, 28.032673453652258]]]}, "properties": {"h3_id": "893da85736bffff", "eligible_devices": 5, "qualifying_events": 4, "events_1_to_3_hours": 4, "events_over_3_hours": 0, "worst_affected_devices": 4, "worst_affected_share": 0.8, "longest_event_minutes": 160.0, "latest_event_start_ist": "2026-07-20 22:40:00", "latest_event_end_ist": "2026-07-21 00:05:00", "severity": "1_to_3_hours"}}, {"type": "Feature", "geometry": {"type": "Polygon", "coordinates": [[[78.77089541315188, 28.836656995507397], [78.77169649105674, 28.83500184535794], [78.77382456784306, 28.834796134627275], [78.7751516616393, 28.836245549638207], [78.77435066279854, 28.837900736113475], [78.77222249109407, 28.838106471253003], [78.77089541315188, 28.836656995507397]]]}, "properties": {"h3_id": "893dac2a44bffff", "eligible_devices": 6, "qualifying_events": 1, "events_1_to_3_hours": 0, "events_over_3_hours": 1, "worst_affected_devices": 5, "worst_affected_share": 0.8333, "longest_event_minutes": 350.0, "latest_event_start_ist": "2026-07-24 04:50:00", "latest_event_end_ist": "2026-07-24 10:40:00", "severity": "over_3_hours"}}, {"type": "Feature", "geometry": {"type": "Polygon", "coordinates": [[[78.77036948482619, 28.833552406923836], [78.77117053952412, 28.831897318493386], [78.77329852140042, 28.831691632169214], [78.77462554348546, 28.83314100987001], [78.77382456784306, 28.834796134627275], [78.77169649105674, 28.83500184535794], [78.77036948482619, 28.833552406923836]]]}, "properties": {"h3_id": "893dac2a687ffff", "eligible_devices": 5, "qualifying_events": 20, "events_1_to_3_hours": 8, "events_over_3_hours": 12, "worst_affected_devices": 5, "worst_affected_share": 1.0, "longest_event_minutes": 460.0, "latest_event_start_ist": "2026-07-24 04:50:00", "latest_event_end_ist": "2026-07-24 10:05:00", "severity": "over_3_hours"}}, {"type": "Feature", "geometry": {"type": "Polygon", "coordinates": [[[78.76744025959519, 28.83541317172387], [78.76824141655362, 28.833758057907232], [78.77036948482619, 28.833552406923836], [78.77169649105674, 28.83500184535794], [78.77089541315188, 28.836656995507397], [78.76876724995952, 28.836862670890948], [78.76744025959519, 28.83541317172387]]]}, "properties": {"h3_id": "893dac2a697ffff", "eligible_devices": 6, "qualifying_events": 1, "events_1_to_3_hours": 0, "events_over_3_hours": 1, "worst_affected_devices": 5, "worst_affected_share": 0.8333, "longest_event_minutes": 205.0, "latest_event_start_ist": "2026-07-31 07:10:00", "latest_event_end_ist": "2026-07-31 10:35:00", "severity": "over_3_hours"}}, {"type": "Feature", "geometry": {"type": "Polygon", "coordinates": [[[78.74076125356224, 28.8695489332403], [78.7415635500822, 28.867893257905713], [78.74369295724236, 28.867687839210262], [78.74502016293708, 28.869138071502004], [78.74421794549363, 28.87079378322469], [78.74208844327553, 28.870999226268538], [78.74076125356224, 28.8695489332403]]]}, "properties": {"h3_id": "893dac38e77ffff", "eligible_devices": 8, "qualifying_events": 5, "events_1_to_3_hours": 2, "events_over_3_hours": 3, "worst_affected_devices": 8, "worst_affected_share": 1.0, "longest_event_minutes": 670.0, "latest_event_start_ist": "2026-07-31 10:35:00", "latest_event_end_ist": "2026-07-31 11:40:00", "severity": "over_3_hours"}}, {"type": "Feature", "geometry": {"type": "Polygon", "coordinates": [[[78.13200659646294, 29.390732782764314], [78.13283187931401, 29.389069566597794], [78.1349834761391, 29.388871029286374], [78.13630988758091, 29.390335685092513], [78.13548468367648, 29.391998938898823], [78.13333298938005, 29.392197499260167], [78.13200659646294, 29.390732782764314]]]}, "properties": {"h3_id": "893dac94057ffff", "eligible_devices": 7, "qualifying_events": 1, "events_1_to_3_hours": 1, "events_over_3_hours": 0, "worst_affected_devices": 6, "worst_affected_share": 0.8571, "longest_event_minutes": 110.0, "latest_event_start_ist": "2026-07-01 09:50:00", "latest_event_end_ist": "2026-07-01 11:40:00", "severity": "1_to_3_hours"}}, {"type": "Feature", "geometry": {"type": "Polygon", "coordinates": [[[78.14538427858196, 29.372041718549326], [78.1462089640298, 29.37037879670294], [78.14835983967629, 29.3701801385586], [78.14968612726842, 29.3716443791849], [78.14886152075361, 29.373307338643393], [78.1467105477101, 29.373506019864447], [78.14538427858196, 29.372041718549326]]]}, "properties": {"h3_id": "893dac9422fffff", "eligible_devices": 6, "qualifying_events": 1, "events_1_to_3_hours": 1, "events_over_3_hours": 0, "worst_affected_devices": 6, "worst_affected_share": 1.0, "longest_event_minutes": 125.0, "latest_event_start_ist": "2026-07-17 19:50:00", "latest_event_end_ist": "2026-07-17 21:55:00", "severity": "1_to_3_hours"}}, {"type": "Feature", "geometry": {"type": "Polygon", "coordinates": [[[78.13742780221465, 29.3632560076072], [78.13825259483112, 29.361593281684808], [78.14040325243755, 29.361394791727], [78.14172921480659, 29.362859004638008], [78.14090450108377, 29.364521768188286], [78.13875374609471, 29.36472028120062], [78.13742780221465, 29.3632560076072]]]}, "properties": {"h3_id": "893dac9426bffff", "eligible_devices": 14, "qualifying_events": 1, "events_1_to_3_hours": 0, "events_over_3_hours": 1, "worst_affected_devices": 13, "worst_affected_share": 0.9286, "longest_event_minutes": 835.0, "latest_event_start_ist": "2026-07-02 19:15:00", "latest_event_end_ist": "2026-07-03 09:10:00", "severity": "over_3_hours"}}, {"type": "Feature", "geometry": {"type": "Polygon", "coordinates": [[[78.13692672300323, 29.360129045387012], [78.13775149028913, 29.35846637981347], [78.13990205052141, 29.358267912907966], [78.14122794083842, 29.359732088524655], [78.14040325243755, 29.361394791727], [78.13825259483112, 29.361593281684808], [78.13692672300323, 29.360129045387012]]]}, "properties": {"h3_id": "893dac951a7ffff", "eligible_devices": 9, "qualifying_events": 1, "events_1_to_3_hours": 0, "events_over_3_hours": 1, "worst_affected_devices": 8, "worst_affected_share": 0.8889, "longest_event_minutes": 695.0, "latest_event_start_ist": "2026-07-09 00:20:00", "latest_event_end_ist": "2026-07-09 11:55:00", "severity": "over_3_hours"}}, {"type": "Feature", "geometry": {"type": "Polygon", "coordinates": [[[77.78578886522344, 28.72314392892254], [77.7866151939173, 28.721494726010853], [77.78874807505872, 28.721304779811415], [77.79005472351055, 28.722764014528344], [77.78922847139438, 28.72441325573859], [77.78709549424522, 28.724603223934256], [77.78578886522344, 28.72314392892254]]]}, "properties": {"h3_id": "893daccb463ffff", "eligible_devices": 15, "qualifying_events": 3, "events_1_to_3_hours": 3, "events_over_3_hours": 0, "worst_affected_devices": 14, "worst_affected_share": 0.9333, "longest_event_minutes": 145.0, "latest_event_start_ist": "2026-07-27 06:40:00", "latest_event_end_ist": "2026-07-27 08:35:00", "severity": "1_to_3_hours"}}, {"type": "Feature", "geometry": {"type": "Polygon", "coordinates": [[[77.78922847139438, 28.72441325573859], [77.79005472351055, 28.722764014528344], [77.79218761771305, 28.722574009213858], [77.79349435580262, 28.72403322310555], [77.79266818027503, 28.725682502607636], [77.79053519006582, 28.72587252992711], [77.78922847139438, 28.72441325573859]]]}, "properties": {"h3_id": "893daccb467ffff", "eligible_devices": 10, "qualifying_events": 1, "events_1_to_3_hours": 0, "events_over_3_hours": 1, "worst_affected_devices": 9, "worst_affected_share": 0.9, "longest_event_minutes": 445.0, "latest_event_start_ist": "2026-07-18 12:25:00", "latest_event_end_ist": "2026-07-18 19:50:00", "severity": "over_3_hours"}}, {"type": "Feature", "geometry": {"type": "Polygon", "coordinates": [[[77.78530863510785, 28.720035470480237], [77.78613493800641, 28.718386329044467], [77.78826772314845, 28.718196404839123], [77.78957430138786, 28.719655600076358], [77.78874807505872, 28.721304779811415], [77.7866151939173, 28.721494726010853], [77.78530863510785, 28.720035470480237]]]}, "properties": {"h3_id": "893daccb46bffff", "eligible_devices": 7, "qualifying_events": 3, "events_1_to_3_hours": 3, "events_over_3_hours": 0, "worst_affected_devices": 7, "worst_affected_share": 1.0, "longest_event_minutes": 130.0, "latest_event_start_ist": "2026-07-27 06:40:00", "latest_event_end_ist": "2026-07-27 08:35:00", "severity": "1_to_3_hours"}}, {"type": "Feature", "geometry": {"type": "Polygon", "coordinates": [[[77.78234936178241, 28.72187452217586], [77.78317576704306, 28.72022535756945], [77.78530863510785, 28.720035470480237], [77.7866151939173, 28.721494726010853], [77.78578886522344, 28.72314392892254], [77.78365590114987, 28.72333383799924], [77.78234936178241, 28.72187452217586]]]}, "properties": {"h3_id": "893daccb47bffff", "eligible_devices": 9, "qualifying_events": 3, "events_1_to_3_hours": 3, "events_over_3_hours": 0, "worst_affected_devices": 9, "worst_affected_share": 1.0, "longest_event_minutes": 130.0, "latest_event_start_ist": "2026-07-27 06:35:00", "latest_event_end_ist": "2026-07-27 08:35:00", "severity": "1_to_3_hours"}}, {"type": "Feature", "geometry": {"type": "Polygon", "coordinates": [[[77.7176417713843, 28.976919028791404], [77.71847310278086, 28.975265278294625], [77.72061470543746, 28.975075208514998], [77.72192507353215, 28.976538867324138], [77.72109381914187, 28.978192656270906], [77.7189521196471, 28.97838274795944], [77.7176417713843, 28.976919028791404]]]}, "properties": {"h3_id": "893dacd04c3ffff", "eligible_devices": 5, "qualifying_events": 2, "events_1_to_3_hours": 1, "events_over_3_hours": 1, "worst_affected_devices": 4, "worst_affected_share": 0.8, "longest_event_minutes": 310.0, "latest_event_start_ist": "2026-07-28 01:30:00", "latest_event_end_ist": "2026-07-28 06:40:00", "severity": "over_3_hours"}}, {"type": "Feature", "geometry": {"type": "Polygon", "coordinates": [[[77.67743304122129, 29.012087250207706], [77.678265896746, 29.010433003683104], [77.68040895664204, 29.010243399816932], [77.6817192580055, 29.011708020655], [77.68088647947431, 29.01336230571149], [77.67874332258262, 29.013551931398943], [77.67743304122129, 29.012087250207706]]]}, "properties": {"h3_id": "893dacd2693ffff", "eligible_devices": 5, "qualifying_events": 6, "events_1_to_3_hours": 4, "events_over_3_hours": 2, "worst_affected_devices": 4, "worst_affected_share": 0.8, "longest_event_minutes": 255.0, "latest_event_start_ist": "2026-07-14 01:10:00", "latest_event_end_ist": "2026-07-14 02:45:00", "severity": "over_3_hours"}}, {"type": "Feature", "geometry": {"type": "Polygon", "coordinates": [[[77.67075410333952, 28.968431900864122], [77.67158659055647, 28.966778506595332], [77.67372829340292, 28.966589208004844], [77.67503760590596, 28.9680532818924], [77.67420519556553, 28.969706714703555], [77.67206339584203, 28.969896035085696], [77.67075410333952, 28.968431900864122]]]}, "properties": {"h3_id": "893dacd3093ffff", "eligible_devices": 9, "qualifying_events": 2, "events_1_to_3_hours": 1, "events_over_3_hours": 1, "worst_affected_devices": 7, "worst_affected_share": 0.7778, "longest_event_minutes": 220.0, "latest_event_start_ist": "2026-07-17 10:50:00", "latest_event_end_ist": "2026-07-17 12:35:00", "severity": "over_3_hours"}}, {"type": "Feature", "geometry": {"type": "Polygon", "coordinates": [[[77.6702773686321, 28.965314411504604], [77.6711098295502, 28.96366107815694], [77.673251435528, 28.963471801356008], [77.67456067745282, 28.964935836114083], [77.67372829340292, 28.966589208004844], [77.67158659055647, 28.966778506595332], [77.6702773686321, 28.965314411504604]]]}, "properties": {"h3_id": "893dacd309bffff", "eligible_devices": 12, "qualifying_events": 2, "events_1_to_3_hours": 0, "events_over_3_hours": 2, "worst_affected_devices": 12, "worst_affected_share": 1.0, "longest_event_minutes": 455.0, "latest_event_start_ist": "2026-07-17 08:25:00", "latest_event_end_ist": "2026-07-17 12:40:00", "severity": "over_3_hours"}}, {"type": "Feature", "geometry": {"type": "Polygon", "coordinates": [[[77.6693240320271, 28.9590797329804], [77.67015644035105, 28.957426521493268], [77.67229785261698, 28.957237288265066], [77.67360695340717, 28.958701244739583], [77.67277462193472, 28.96035449477131], [77.6706331128171, 28.960543749784822], [77.6693240320271, 28.9590797329804]]]}, "properties": {"h3_id": "893dacd30c3ffff", "eligible_devices": 7, "qualifying_events": 2, "events_1_to_3_hours": 0, "events_over_3_hours": 2, "worst_affected_devices": 7, "worst_affected_share": 1.0, "longest_event_minutes": 455.0, "latest_event_start_ist": "2026-07-17 08:50:00", "latest_event_end_ist": "2026-07-17 12:40:00", "severity": "over_3_hours"}}, {"type": "Feature", "geometry": {"type": "Polygon", "coordinates": [[[77.67277462193472, 28.96035449477131], [77.67360695340717, 28.958701244739583], [77.67574837937441, 28.95851195178952], [77.67705757071646, 28.959975887077924], [77.6762253161066, 28.961629175647495], [77.6740837932886, 28.96181849039171], [77.67277462193472, 28.96035449477131]]]}, "properties": {"h3_id": "893dacd30c7ffff", "eligible_devices": 10, "qualifying_events": 2, "events_1_to_3_hours": 0, "events_over_3_hours": 2, "worst_affected_devices": 10, "worst_affected_share": 1.0, "longest_event_minutes": 455.0, "latest_event_start_ist": "2026-07-17 08:25:00", "latest_event_end_ist": "2026-07-17 12:35:00", "severity": "over_3_hours"}}, {"type": "Feature", "geometry": {"type": "Polygon", "coordinates": [[[77.66884743011735, 28.95596254384429], [77.66967981214597, 28.95430939329654], [77.67182112756865, 28.954120181851547], [77.67313015780245, 28.955584099171997], [77.67229785261698, 28.957237288265066], [77.67015644035105, 28.957426521493268], [77.66884743011735, 28.95596254384429]]]}, "properties": {"h3_id": "893dacd30cbffff", "eligible_devices": 13, "qualifying_events": 1, "events_1_to_3_hours": 1, "events_over_3_hours": 0, "worst_affected_devices": 12, "worst_affected_share": 0.9231, "longest_event_minutes": 145.0, "latest_event_start_ist": "2026-07-10 05:30:00", "latest_event_end_ist": "2026-07-10 07:55:00", "severity": "1_to_3_hours"}}, {"type": "Feature", "geometry": {"type": "Polygon", "coordinates": [[[77.66635002515632, 28.960922162137948], [77.66718253662553, 28.959268928268106], [77.6693240320271, 28.9590797329804], [77.6706331128171, 28.960543749784822], [77.66980067819668, 28.962197022205263], [77.66765908593396, 28.96238623927158], [77.66635002515632, 28.960922162137948]]]}, "properties": {"h3_id": "893dacd30d3ffff", "eligible_devices": 8, "qualifying_events": 2, "events_1_to_3_hours": 0, "events_over_3_hours": 2, "worst_affected_devices": 8, "worst_affected_share": 1.0, "longest_event_minutes": 460.0, "latest_event_start_ist": "2026-07-17 08:50:00", "latest_event_end_ist": "2026-07-17 12:40:00", "severity": "over_3_hours"}}, {"type": "Feature", "geometry": {"type": "Polygon", "coordinates": [[[77.66980067819668, 28.962197022205263], [77.6706331128171, 28.960543749784822], [77.67277462193472, 28.96035449477131], [77.6740837932886, 28.96181849039171], [77.673251435528, 28.963471801356008], [77.6711098295502, 28.96366107815694], [77.66980067819668, 28.962197022205263]]]}, "properties": {"h3_id": "893dacd30d7ffff", "eligible_devices": 15, "qualifying_events": 3, "events_1_to_3_hours": 1, "events_over_3_hours": 2, "worst_affected_devices": 15, "worst_affected_share": 1.0, "longest_event_minutes": 455.0, "latest_event_start_ist": "2026-07-21 11:20:00", "latest_event_end_ist": "2026-07-21 12:25:00", "severity": "over_3_hours"}}, {"type": "Feature", "geometry": {"type": "Polygon", "coordinates": [[[77.66587354640406, 28.95780489029131], [77.66670603156842, 28.956151717355517], [77.66884743011735, 28.95596254384429], [77.67015644035105, 28.957426521493268], [77.6693240320271, 28.9590797329804], [77.66718253662553, 28.959268928268106], [77.66587354640406, 28.95780489029131]]]}, "properties": {"h3_id": "893dacd30dbffff", "eligible_devices": 11, "qualifying_events": 2, "events_1_to_3_hours": 0, "events_over_3_hours": 2, "worst_affected_devices": 10, "worst_affected_share": 0.9091, "longest_event_minutes": 455.0, "latest_event_start_ist": "2026-07-17 08:55:00", "latest_event_end_ist": "2026-07-17 12:35:00", "severity": "over_3_hours"}}, {"type": "Feature", "geometry": {"type": "Polygon", "coordinates": [[[77.71025937665925, 28.971254134096526], [77.71109083584017, 28.96960052145042], [77.71323231465477, 28.969410593125904], [77.71454243111666, 28.970874255559266], [77.71371104891156, 28.972527906669633], [77.71156947326527, 28.97271785688328], [77.71025937665925, 28.971254134096526]]]}, "properties": {"h3_id": "893dacd3133ffff", "eligible_devices": 6, "qualifying_events": 1, "events_1_to_3_hours": 0, "events_over_3_hours": 1, "worst_affected_devices": 6, "worst_affected_share": 1.0, "longest_event_minutes": 235.0, "latest_event_start_ist": "2026-07-31 08:35:00", "latest_event_end_ist": "2026-07-31 12:30:00", "severity": "over_3_hours"}}, {"type": "Feature", "geometry": {"type": "Polygon", "coordinates": [[[77.66943816615493, 28.93853615167443], [77.67027031364333, 28.936883328340915], [77.67241106189202, 28.93669418789058], [77.67371975944039, 28.93815784899535], [77.67288768875618, 28.93981071087192], [77.6707468437159, 28.939999873101574], [77.66943816615493, 28.93853615167443]]]}, "properties": {"h3_id": "893dacd32c7ffff", "eligible_devices": 5, "qualifying_events": 2, "events_1_to_3_hours": 0, "events_over_3_hours": 2, "worst_affected_devices": 4, "worst_affected_share": 0.8, "longest_event_minutes": 545.0, "latest_event_start_ist": "2026-07-15 03:00:00", "latest_event_end_ist": "2026-07-15 08:45:00", "severity": "over_3_hours"}}, {"type": "Feature", "geometry": {"type": "Polygon", "coordinates": [[[77.66837087246128, 28.95284545481121], [77.66920322819576, 28.951192365208946], [77.67134444678365, 28.95100317554502], [77.67265340646833, 28.9524670537032], [77.67182112756865, 28.954120181851547], [77.66967981214597, 28.95430939329654], [77.66837087246128, 28.95284545481121]]]}, "properties": {"h3_id": "893dacd3627ffff", "eligible_devices": 16, "qualifying_events": 1, "events_1_to_3_hours": 1, "events_over_3_hours": 0, "worst_affected_devices": 16, "worst_affected_share": 1.0, "longest_event_minutes": 170.0, "latest_event_start_ist": "2026-07-10 05:25:00", "latest_event_end_ist": "2026-07-10 08:15:00", "severity": "1_to_3_hours"}}, {"type": "Feature", "geometry": {"type": "Polygon", "coordinates": [[[78.04104124901387, 27.881639074180903], [78.04185040257286, 27.880005326112975], [78.04395438786057, 27.879815535217517], [78.0452493128494, 27.881259470057774], [78.04444023452574, 27.882893255856597], [78.0423361559746, 27.883083069085203], [78.04104124901387, 27.881639074180903]]]}, "properties": {"h3_id": "893dae1102bffff", "eligible_devices": 5, "qualifying_events": 1, "events_1_to_3_hours": 0, "events_over_3_hours": 1, "worst_affected_devices": 4, "worst_affected_share": 0.8, "longest_event_minutes": 235.0, "latest_event_start_ist": "2026-07-26 01:15:00", "latest_event_end_ist": "2026-07-26 05:10:00", "severity": "over_3_hours"}}, {"type": "Feature", "geometry": {"type": "Polygon", "coordinates": [[[78.05026620349392, 27.879245979583782], [78.05107508240741, 27.877612244787066], [78.05317891587598, 27.877422327865204], [78.05447396367187, 27.87886612338665], [78.0536651600088, 27.880499895895966], [78.05156123329613, 27.880689835172156], [78.05026620349392, 27.879245979583782]]]}, "properties": {"h3_id": "893dae11387ffff", "eligible_devices": 6, "qualifying_events": 1, "events_1_to_3_hours": 0, "events_over_3_hours": 1, "worst_affected_devices": 6, "worst_affected_share": 1.0, "longest_event_minutes": 230.0, "latest_event_start_ist": "2026-07-26 01:15:00", "latest_event_end_ist": "2026-07-26 05:05:00", "severity": "over_3_hours"}}, {"type": "Feature", "geometry": {"type": "Polygon", "coordinates": [[[78.04735330971114, 27.88106962225454], [78.04816228832638, 27.87943586195144], [78.05026620349392, 27.879245979583782], [78.05156123329613, 27.880689835172156], [78.05075232992894, 27.882323633193714], [78.0486483215082, 27.88251353790936], [78.04735330971114, 27.88106962225454]]]}, "properties": {"h3_id": "893dae11397ffff", "eligible_devices": 9, "qualifying_events": 1, "events_1_to_3_hours": 0, "events_over_3_hours": 1, "worst_affected_devices": 8, "worst_affected_share": 0.8889, "longest_event_minutes": 230.0, "latest_event_start_ist": "2026-07-26 01:15:00", "latest_event_end_ist": "2026-07-26 05:05:00", "severity": "over_3_hours"}}, {"type": "Feature", "geometry": {"type": "Polygon", "coordinates": [[[78.08327094774532, 27.865338845018595], [78.08407877908985, 27.86370526494502], [78.086181899851, 27.863514923750607], [78.08747728242416, 27.864958140202617], [78.0866695263718, 27.86659175792287], [78.0845663124508, 27.866782121545356], [78.08327094774532, 27.865338845018595]]]}, "properties": {"h3_id": "893dae11adbffff", "eligible_devices": 7, "qualifying_events": 2, "events_1_to_3_hours": 2, "events_over_3_hours": 0, "worst_affected_devices": 5, "worst_affected_share": 0.7143, "longest_event_minutes": 175.0, "latest_event_start_ist": "2026-07-23 19:00:00", "latest_event_end_ist": "2026-07-23 20:20:00", "severity": "1_to_3_hours"}}, {"type": "Feature", "geometry": {"type": "Polygon", "coordinates": [[[72.79657680330968, 19.439283446347645], [72.79599970182441, 19.44093991579323], [72.79426468091984, 19.441174730666095], [72.79310679392873, 19.439753111181275], [72.79368388618843, 19.438096669414676], [72.7954188746655, 19.437861819453875], [72.79657680330968, 19.439283446347645]]]}, "properties": {"h3_id": "8942db48a03ffff", "eligible_devices": 18, "qualifying_events": 2, "events_1_to_3_hours": 0, "events_over_3_hours": 2, "worst_affected_devices": 18, "worst_affected_share": 1.0, "longest_event_minutes": 3590.0, "latest_event_start_ist": "2026-07-15 02:45:00", "latest_event_end_ist": "2026-07-15 08:45:00", "severity": "over_3_hours"}}, {"type": "Feature", "geometry": {"type": "Polygon", "coordinates": [[[72.79715765531533, 19.44236154669053], [72.79658054624886, 19.444017985049044], [72.79484549291601, 19.444252764835092], [72.79368758107859, 19.44283114134939], [72.79426468091984, 19.441174730666095], [72.79599970182441, 19.44093991579323], [72.79715765531533, 19.44236154669053]]]}, "properties": {"h3_id": "8942db48a17ffff", "eligible_devices": 5, "qualifying_events": 1, "events_1_to_3_hours": 0, "events_over_3_hours": 1, "worst_affected_devices": 4, "worst_affected_share": 0.8, "longest_event_minutes": 3585.0, "latest_event_start_ist": "2026-07-06 08:05:00", "latest_event_end_ist": "2026-07-08 19:50:00", "severity": "over_3_hours"}}, {"type": "Feature", "geometry": {"type": "Polygon", "coordinates": [[[72.7925333754597, 19.44614387285803], [72.79195626968232, 19.447800193678457], [72.79022130295263, 19.448034870754935], [72.78906347442931, 19.44661326210218], [72.78964057097676, 19.444956968954934], [72.79137550527814, 19.44472225678717], [72.7925333754597, 19.44614387285803]]]}, "properties": {"h3_id": "8942db48a83ffff", "eligible_devices": 13, "qualifying_events": 2, "events_1_to_3_hours": 0, "events_over_3_hours": 2, "worst_affected_devices": 13, "worst_affected_share": 1.0, "longest_event_minutes": 3550.0, "latest_event_start_ist": "2026-07-15 02:45:00", "latest_event_end_ist": "2026-07-15 08:45:00", "severity": "over_3_hours"}}, {"type": "Feature", "geometry": {"type": "Polygon", "coordinates": [[[72.79542632217759, 19.44733077190336], [72.79484920717299, 19.448987120394214], [72.79311416471047, 19.449221813737843], [72.79195626968232, 19.447800193678457], [72.7925333754597, 19.44614387285803], [72.79426838549311, 19.445909144426476], [72.79542632217759, 19.44733077190336]]]}, "properties": {"h3_id": "8942db48a87ffff", "eligible_devices": 23, "qualifying_events": 3, "events_1_to_3_hours": 1, "events_over_3_hours": 2, "worst_affected_devices": 20, "worst_affected_share": 0.8696, "longest_event_minutes": 4530.0, "latest_event_start_ist": "2026-07-17 18:10:00", "latest_event_end_ist": "2026-07-17 20:15:00", "severity": "over_3_hours"}}, {"type": "Feature", "geometry": {"type": "Polygon", "coordinates": [[[72.79484549291601, 19.444252764835092], [72.79426838549311, 19.445909144426476], [72.7925333754597, 19.44614387285803], [72.79137550527814, 19.44472225678717], [72.79195260347346, 19.443065904869982], [72.79368758107859, 19.44283114134939], [72.79484549291601, 19.444252764835092]]]}, "properties": {"h3_id": "8942db48a8fffff", "eligible_devices": 10, "qualifying_events": 3, "events_1_to_3_hours": 0, "events_over_3_hours": 3, "worst_affected_devices": 9, "worst_affected_share": 0.9, "longest_event_minutes": 3550.0, "latest_event_start_ist": "2026-07-17 11:35:00", "latest_event_end_ist": "2026-07-17 16:15:00", "severity": "over_3_hours"}}, {"type": "Feature", "geometry": {"type": "Polygon", "coordinates": [[[72.79311416471047, 19.449221813737843], [72.7925370513509, 19.450878103452865], [72.79080205219213, 19.4511127454392], [72.78964419882264, 19.44969113280055], [72.79022130295263, 19.448034870754935], [72.79195626968232, 19.447800193678457], [72.79311416471047, 19.449221813737843]]]}, "properties": {"h3_id": "8942db48a97ffff", "eligible_devices": 36, "qualifying_events": 2, "events_1_to_3_hours": 0, "events_over_3_hours": 2, "worst_affected_devices": 34, "worst_affected_share": 0.9444, "longest_event_minutes": 3560.0, "latest_event_start_ist": "2026-07-15 02:45:00", "latest_event_end_ist": "2026-07-15 08:45:00", "severity": "over_3_hours"}}, {"type": "Feature", "geometry": {"type": "Polygon", "coordinates": [[[72.80063169848296, 19.446626470172443], [72.8000545726131, 19.44828290510399], [72.79831941112613, 19.448517666078146], [72.79716140793953, 19.447096027203003], [72.79773852458726, 19.44543961994015], [72.79947365364434, 19.445204823883646], [72.80063169848296, 19.446626470172443]]]}, "properties": {"h3_id": "8942db48aa3ffff", "eligible_devices": 6, "qualifying_events": 4, "events_1_to_3_hours": 1, "events_over_3_hours": 3, "worst_affected_devices": 6, "worst_affected_share": 1.0, "longest_event_minutes": 3630.0, "latest_event_start_ist": "2026-07-15 02:45:00", "latest_event_end_ist": "2026-07-15 08:40:00", "severity": "over_3_hours"}}, {"type": "Feature", "geometry": {"type": "Polygon", "coordinates": [[[72.80005077193329, 19.443548357852677], [72.79947365364434, 19.445204823883646], [72.79773852458726, 19.44543961994015], [72.79658054624886, 19.444017985049044], [72.79715765531533, 19.44236154669053], [72.79889275194334, 19.442126715550582], [72.80005077193329, 19.443548357852677]]]}, "properties": {"h3_id": "8942db48aabffff", "eligible_devices": 5, "qualifying_events": 2, "events_1_to_3_hours": 0, "events_over_3_hours": 2, "worst_affected_devices": 5, "worst_affected_share": 1.0, "longest_event_minutes": 3595.0, "latest_event_start_ist": "2026-07-15 02:45:00", "latest_event_end_ist": "2026-07-15 08:45:00", "severity": "over_3_hours"}}, {"type": "Feature", "geometry": {"type": "Polygon", "coordinates": [[[72.82493238836994, 19.448072428860492], [72.82435520235684, 19.449729206061306], [72.82261945681113, 19.449964218884208], [72.82146092971381, 19.448542489561795], [72.82203810652834, 19.446885740016338], [72.8237738196394, 19.446650692137908], [72.82493238836994, 19.448072428860492]]]}, "properties": {"h3_id": "8942db48b23ffff", "eligible_devices": 8, "qualifying_events": 2, "events_1_to_3_hours": 0, "events_over_3_hours": 2, "worst_affected_devices": 8, "worst_affected_share": 1.0, "longest_event_minutes": 3625.0, "latest_event_start_ist": "2026-07-15 02:45:00", "latest_event_end_ist": "2026-07-15 08:45:00", "severity": "over_3_hours"}}, {"type": "Feature", "geometry": {"type": "Polygon", "coordinates": [[[72.77982273048632, 19.4636432682236], [72.77924561945262, 19.465299174060146], [72.77751084777644, 19.465533472788078], [72.77635321956454, 19.464111900781734], [72.7769303213548, 19.46245602260464], [72.77866506060106, 19.462221688774374], [72.77982273048632, 19.4636432682236]]]}, "properties": {"h3_id": "8942db48c4bffff", "eligible_devices": 11, "qualifying_events": 3, "events_1_to_3_hours": 0, "events_over_3_hours": 3, "worst_affected_devices": 11, "worst_affected_share": 1.0, "longest_event_minutes": 4805.0, "latest_event_start_ist": "2026-07-15 02:45:00", "latest_event_end_ist": "2026-07-15 08:45:00", "severity": "over_3_hours"}}, {"type": "Feature", "geometry": {"type": "Polygon", "coordinates": [[[72.77751084777644, 19.465533472788078], [72.77693373840086, 19.467189319817198], [72.77519901005847, 19.467423567181545], [72.77404142352223, 19.46600200262128], [72.77461852365207, 19.46434618325064], [72.77635321956454, 19.464111900781734], [72.77751084777644, 19.465533472788078]]]}, "properties": {"h3_id": "8942db48c5bffff", "eligible_devices": 7, "qualifying_events": 3, "events_1_to_3_hours": 0, "events_over_3_hours": 3, "worst_affected_devices": 7, "worst_affected_share": 1.0, "longest_event_minutes": 3560.0, "latest_event_start_ist": "2026-07-15 02:45:00", "latest_event_end_ist": "2026-07-15 08:45:00", "severity": "over_3_hours"}}, {"type": "Feature", "geometry": {"type": "Polygon", "coordinates": [[[72.82898975940864, 19.455416199246873], [72.82841254904548, 19.457072941852147], [72.82667666293884, 19.457307900887837], [72.82551801963308, 19.455886152368084], [72.82609522080116, 19.454229437407918], [72.82783107447072, 19.453994443322344], [72.82898975940864, 19.455416199246873]]]}, "properties": {"h3_id": "8942db4d6c3ffff", "eligible_devices": 5, "qualifying_events": 4, "events_1_to_3_hours": 2, "events_over_3_hours": 2, "worst_affected_devices": 4, "worst_affected_share": 0.8, "longest_event_minutes": 3620.0, "latest_event_start_ist": "2026-07-17 11:05:00", "latest_event_end_ist": "2026-07-17 12:35:00", "severity": "over_3_hours"}}, {"type": "Feature", "geometry": {"type": "Polygon", "coordinates": [[[73.15105950302355, 19.248421983852843], [73.15048197177374, 19.25008613703266], [73.14873976742909, 19.250327469656266], [73.14757512678048, 19.24890468382451], [73.14815264916366, 19.247240558362524], [73.14989482106272, 19.246999191014396], [73.15105950302355, 19.248421983852843]]]}, "properties": {"h3_id": "89608a24b0fffff", "eligible_devices": 11, "qualifying_events": 1, "events_1_to_3_hours": 1, "events_over_3_hours": 0, "worst_affected_devices": 8, "worst_affected_share": 0.7273, "longest_event_minutes": 85.0, "latest_event_start_ist": "2026-07-23 13:45:00", "latest_event_end_ist": "2026-07-23 15:10:00", "severity": "1_to_3_hours"}}, {"type": "Feature", "geometry": {"type": "Polygon", "coordinates": [[[73.14873976742909, 19.250327469656266], [73.14816223752811, 19.251991564510583], [73.14642007584692, 19.252232845816394], [73.14525547651297, 19.250810066994614], [73.14583299754491, 19.24914599985716], [73.14757512678048, 19.24890468382451], [73.14873976742909, 19.250327469656266]]]}, "properties": {"h3_id": "89608a24b77ffff", "eligible_devices": 7, "qualifying_events": 1, "events_1_to_3_hours": 1, "events_over_3_hours": 0, "worst_affected_devices": 7, "worst_affected_share": 1.0, "longest_event_minutes": 95.0, "latest_event_start_ist": "2026-07-24 09:45:00", "latest_event_end_ist": "2026-07-24 11:20:00", "severity": "1_to_3_hours"}}, {"type": "Feature", "geometry": {"type": "Polygon", "coordinates": [[[72.87779087179688, 19.077315804205586], [72.87721430822823, 19.078978085371133], [72.87547955813169, 19.079218680537217], [72.8743214039649, 19.077797029588975], [72.87489795841007, 19.076134776469853], [72.87663267614619, 19.07589414625247], [72.87779087179688, 19.077315804205586]]]}, "properties": {"h3_id": "89608b0b60bffff", "eligible_devices": 20, "qualifying_events": 1, "events_1_to_3_hours": 1, "events_over_3_hours": 0, "worst_affected_devices": 19, "worst_affected_share": 0.95, "longest_event_minutes": 160.0, "latest_event_start_ist": "2026-07-04 15:00:00", "latest_event_end_ist": "2026-07-04 17:40:00", "severity": "1_to_3_hours"}}, {"type": "Feature", "geometry": {"type": "Polygon", "coordinates": [[[72.87489795841007, 19.076134776469853], [72.8743214039649, 19.077797029588975], [72.87258672928813, 19.07803760868084], [72.87142864141683, 19.076615969708126], [72.87200518673579, 19.074953744638186], [72.87373982905294, 19.074713130491677], [72.87489795841007, 19.076134776469853]]]}, "properties": {"h3_id": "89608b0b60fffff", "eligible_devices": 5, "qualifying_events": 1, "events_1_to_3_hours": 1, "events_over_3_hours": 0, "worst_affected_devices": 5, "worst_affected_share": 1.0, "longest_event_minutes": 160.0, "latest_event_start_ist": "2026-07-04 15:00:00", "latest_event_end_ist": "2026-07-04 17:40:00", "severity": "1_to_3_hours"}}, {"type": "Feature", "geometry": {"type": "Polygon", "coordinates": [[[72.87952055054649, 19.072328784290093], [72.87894399295612, 19.073991153662543], [72.87720923216493, 19.074231835004685], [72.87605106132435, 19.072810182024345], [72.87662760979323, 19.071147840703066], [72.87836233822485, 19.070907124310875], [72.87952055054649, 19.072328784290093]]]}, "properties": {"h3_id": "89608b0b613ffff", "eligible_devices": 7, "qualifying_events": 1, "events_1_to_3_hours": 1, "events_over_3_hours": 0, "worst_affected_devices": 5, "worst_affected_share": 0.7143, "longest_event_minutes": 85.0, "latest_event_start_ist": "2026-07-04 16:20:00", "latest_event_end_ist": "2026-07-04 17:45:00", "severity": "1_to_3_hours"}}, {"type": "Feature", "geometry": {"type": "Polygon", "coordinates": [[[72.88010223008833, 19.07541281861723], [72.87952566494847, 19.077075157912432], [72.87779087179688, 19.077315804205586], [72.87663267614619, 19.07589414625247], [72.87720923216493, 19.074231835004685], [72.87894399295612, 19.073991153662543], [72.88010223008833, 19.07541281861723]]]}, "properties": {"h3_id": "89608b0b61bffff", "eligible_devices": 28, "qualifying_events": 1, "events_1_to_3_hours": 0, "events_over_3_hours": 1, "worst_affected_devices": 27, "worst_affected_share": 0.9643, "longest_event_minutes": 245.0, "latest_event_start_ist": "2026-07-04 14:55:00", "latest_event_end_ist": "2026-07-04 19:00:00", "severity": "over_3_hours"}}, {"type": "Feature", "geometry": {"type": "Polygon", "coordinates": [[[72.88241363299976, 19.073509723776883], [72.88183706629066, 19.075172121197706], [72.88010223008833, 19.07541281861723], [72.87894399295612, 19.073991153662543], [72.87952055054649, 19.072328784290093], [72.88125535438847, 19.072088051823886], [72.88241363299976, 19.073509723776883]]]}, "properties": {"h3_id": "89608b0b6c7ffff", "eligible_devices": 43, "qualifying_events": 1, "events_1_to_3_hours": 1, "events_over_3_hours": 0, "worst_affected_devices": 41, "worst_affected_share": 0.9535, "longest_event_minutes": 85.0, "latest_event_start_ist": "2026-07-04 16:15:00", "latest_event_end_ist": "2026-07-04 17:40:00", "severity": "1_to_3_hours"}}, {"type": "Feature", "geometry": {"type": "Polygon", "coordinates": [[[72.86641103952977, 19.257597129951048], [72.86583414011727, 19.259256964043995], [72.86409856836369, 19.259495006858135], [72.86293992842232, 19.258073250618263], [72.8635168186888, 19.2564134443751], [72.8652523580433, 19.25617536652199], [72.86641103952977, 19.257597129951048]]]}, "properties": {"h3_id": "89608b45467ffff", "eligible_devices": 5, "qualifying_events": 2, "events_1_to_3_hours": 1, "events_over_3_hours": 1, "worst_affected_devices": 4, "worst_affected_share": 0.8, "longest_event_minutes": 305.0, "latest_event_start_ist": "2026-07-09 04:10:00", "latest_event_end_ist": "2026-07-09 06:45:00", "severity": "over_3_hours"}}, {"type": "Feature", "geometry": {"type": "Polygon", "coordinates": [[[72.7883601458686, 19.282503347168166], [72.78778337978882, 19.284161705450828], [72.7860495034742, 19.284398545495613], [72.78489242563046, 19.282977062378635], [72.78546918248678, 19.281318731955785], [72.78720302641094, 19.281081856790035], [72.7883601458686, 19.282503347168166]]]}, "properties": {"h3_id": "89608b45b43ffff", "eligible_devices": 13, "qualifying_events": 7, "events_1_to_3_hours": 3, "events_over_3_hours": 4, "worst_affected_devices": 13, "worst_affected_share": 1.0, "longest_event_minutes": 435.0, "latest_event_start_ist": "2026-07-26 11:50:00", "latest_event_end_ist": "2026-07-26 13:20:00", "severity": "over_3_hours"}}, {"type": "Feature", "geometry": {"type": "Polygon", "coordinates": [[[72.78546918248678, 19.281318731955785], [72.78489242563046, 19.282977062378635], [72.78315862497156, 19.283213886302196], [72.78200161355929, 19.28179241492716], [72.78257836118945, 19.280134112366863], [72.7843121294587, 19.279897253318968], [72.78546918248678, 19.281318731955785]]]}, "properties": {"h3_id": "89608b45b47ffff", "eligible_devices": 11, "qualifying_events": 7, "events_1_to_3_hours": 3, "events_over_3_hours": 4, "worst_affected_devices": 11, "worst_affected_share": 1.0, "longest_event_minutes": 440.0, "latest_event_start_ist": "2026-07-26 11:50:00", "latest_event_end_ist": "2026-07-26 13:20:00", "severity": "over_3_hours"}}, {"type": "Feature", "geometry": {"type": "Polygon", "coordinates": [[[72.78894052406329, 19.285583200302046], [72.78836375040943, 19.28724152793417], [72.78662984170353, 19.28747833285905], [72.7854727390434, 19.286056845271645], [72.7860495034742, 19.284398545495613], [72.78778337978882, 19.284161705450828], [72.78894052406329, 19.285583200302046]]]}, "properties": {"h3_id": "89608b45b4bffff", "eligible_devices": 7, "qualifying_events": 7, "events_1_to_3_hours": 3, "events_over_3_hours": 4, "worst_affected_devices": 7, "worst_affected_share": 1.0, "longest_event_minutes": 440.0, "latest_event_start_ist": "2026-07-26 11:50:00", "latest_event_end_ist": "2026-07-26 13:20:00", "severity": "over_3_hours"}}, {"type": "Feature", "geometry": {"type": "Polygon", "coordinates": [[[72.78777978491667, 19.279423467865488], [72.78720302641094, 19.281081856790035], [72.78546918248678, 19.281318731955785], [72.7843121294587, 19.279897253318968], [72.78488887874062, 19.278238892257995], [72.78662269027511, 19.278001981970192], [72.78777978491667, 19.279423467865488]]]}, "properties": {"h3_id": "89608b45b57ffff", "eligible_devices": 6, "qualifying_events": 6, "events_1_to_3_hours": 2, "events_over_3_hours": 4, "worst_affected_devices": 6, "worst_affected_share": 1.0, "longest_event_minutes": 435.0, "latest_event_start_ist": "2026-07-26 11:50:00", "latest_event_end_ist": "2026-07-26 13:20:00", "severity": "over_3_hours"}}, {"type": "Feature", "geometry": {"type": "Polygon", "coordinates": [[[72.79298156537514, 19.278712621278355], [72.7924047960032, 19.280371096562504], [72.79067083317098, 19.280608039094247], [72.78951367210178, 19.27918654145821], [72.79009043225497, 19.277528094035876], [72.79182436269679, 19.277291116387673], [72.79298156537514, 19.278712621278355]]]}, "properties": {"h3_id": "89608b45bcbffff", "eligible_devices": 8, "qualifying_events": 6, "events_1_to_3_hours": 2, "events_over_3_hours": 4, "worst_affected_devices": 8, "worst_affected_share": 1.0, "longest_event_minutes": 435.0, "latest_event_start_ist": "2026-07-26 11:50:00", "latest_event_end_ist": "2026-07-26 13:20:00", "severity": "over_3_hours"}}, {"type": "Feature", "geometry": {"type": "Polygon", "coordinates": [[[72.87212498476228, 19.18882737700307], [72.87154821034493, 19.190488168633493], [72.86981291984736, 19.190727200753383], [72.86865443615237, 19.189305476285238], [72.86923120143365, 19.18764471257902], [72.87096645954665, 19.187405645416696], [72.87212498476228, 19.18882737700307]]]}, "properties": {"h3_id": "89608b462dbffff", "eligible_devices": 6, "qualifying_events": 1, "events_1_to_3_hours": 0, "events_over_3_hours": 1, "worst_affected_devices": 5, "worst_affected_share": 0.8333, "longest_event_minutes": 355.0, "latest_event_start_ist": "2026-07-10 09:30:00", "latest_event_end_ist": "2026-07-10 15:25:00", "severity": "over_3_hours"}}, {"type": "Feature", "geometry": {"type": "Polygon", "coordinates": [[[72.81659890189485, 19.17750004462699], [72.81602228046229, 19.179160155889154], [72.81428837088268, 19.17939872534495], [72.81313111510826, 19.177977218643576], [72.81370772735154, 19.17631713534562], [72.81544160455918, 19.17607853078475], [72.81659890189485, 19.17750004462699]]]}, "properties": {"h3_id": "89608b46e63ffff", "eligible_devices": 7, "qualifying_events": 4, "events_1_to_3_hours": 2, "events_over_3_hours": 2, "worst_affected_devices": 7, "worst_affected_share": 1.0, "longest_event_minutes": 295.0, "latest_event_start_ist": "2026-07-21 19:00:00", "latest_event_end_ist": "2026-07-21 21:05:00", "severity": "over_3_hours"}}, {"type": "Feature", "geometry": {"type": "Polygon", "coordinates": [[[72.81913161428295, 19.431492938728642], [72.81855447535635, 19.43314984370603], [72.81681896766304, 19.433385015525886], [72.81566063132686, 19.431963317432793], [72.81623776105033, 19.43030644013228], [72.81797323631378, 19.43007123324794], [72.81913161428295, 19.431492938728642]]]}, "properties": {"h3_id": "89608b4db53ffff", "eligible_devices": 12, "qualifying_events": 2, "events_1_to_3_hours": 1, "events_over_3_hours": 1, "worst_affected_devices": 11, "worst_affected_share": 0.9167, "longest_event_minutes": 255.0, "latest_event_start_ist": "2026-07-07 05:20:00", "latest_event_end_ist": "2026-07-07 09:35:00", "severity": "over_3_hours"}}, {"type": "Feature", "geometry": {"type": "Polygon", "coordinates": [[[72.82086301915608, 19.42652204420342], [72.82028588618292, 19.42817903897488], [72.81855036766304, 19.428414297210033], [72.81739201454599, 19.426992595737055], [72.81796913831799, 19.425335628647275], [72.81970462440883, 19.425100335348716], [72.82086301915608, 19.42652204420342]]]}, "properties": {"h3_id": "89608b4dbc3ffff", "eligible_devices": 5, "qualifying_events": 7, "events_1_to_3_hours": 6, "events_over_3_hours": 1, "worst_affected_devices": 5, "worst_affected_share": 1.0, "longest_event_minutes": 330.0, "latest_event_start_ist": "2026-07-22 06:30:00", "latest_event_end_ist": "2026-07-22 07:55:00", "severity": "over_3_hours"}}, {"type": "Feature", "geometry": {"type": "Polygon", "coordinates": [[[72.82144430578273, 19.429600751839946], [72.8208671652327, 19.43125771555576], [72.81913161428295, 19.431492938728642], [72.81797323631378, 19.43007123324794], [72.81855036766304, 19.428414297210033], [72.82028588618292, 19.42817903897488], [72.82144430578273, 19.429600751839946]]]}, "properties": {"h3_id": "89608b4dbcbffff", "eligible_devices": 21, "qualifying_events": 1, "events_1_to_3_hours": 1, "events_over_3_hours": 0, "worst_affected_devices": 19, "worst_affected_share": 0.9048, "longest_event_minutes": 100.0, "latest_event_start_ist": "2026-07-06 09:55:00", "latest_event_end_ist": "2026-07-06 11:35:00", "severity": "1_to_3_hours"}}, {"type": "Feature", "geometry": {"type": "Polygon", "coordinates": [[[72.86472418262002, 19.305243343934222], [72.86414719123236, 19.306902545599364], [72.86241137077094, 19.307139927887693], [72.86125257410743, 19.305718143544677], [72.86182955634439, 19.30405896967657], [72.86356534439626, 19.30382155235439], [72.86472418262002, 19.305243343934222]]]}, "properties": {"h3_id": "89608b4e117ffff", "eligible_devices": 13, "qualifying_events": 1, "events_1_to_3_hours": 1, "events_over_3_hours": 0, "worst_affected_devices": 11, "worst_affected_share": 0.8462, "longest_event_minutes": 85.0, "latest_event_start_ist": "2026-07-10 10:50:00", "latest_event_end_ist": "2026-07-10 12:15:00", "severity": "1_to_3_hours"}}, {"type": "Feature", "geometry": {"type": "Polygon", "coordinates": [[[72.85893507203157, 19.302874590731626], [72.85835809894807, 19.304533736799954], [72.85662242960727, 19.304771086602873], [72.85546376575861, 19.303349325377898], [72.85604072968593, 19.301690207112074], [72.85777636661876, 19.301452822268615], [72.85893507203157, 19.302874590731626]]]}, "properties": {"h3_id": "89608b4e1afffff", "eligible_devices": 5, "qualifying_events": 1, "events_1_to_3_hours": 0, "events_over_3_hours": 1, "worst_affected_devices": 4, "worst_affected_share": 0.8, "longest_event_minutes": 515.0, "latest_event_start_ist": "2026-07-08 01:00:00", "latest_event_end_ist": "2026-07-08 09:35:00", "severity": "over_3_hours"}}, {"type": "Feature", "geometry": {"type": "Polygon", "coordinates": [[[72.88264611296661, 19.286985170329743], [72.88206911651757, 19.288644870684344], [72.88033298342893, 19.288882698215193], [72.87917387919858, 19.28746086040814], [72.87975086651552, 19.2858011878623], [72.88148696719554, 19.285563325314655], [72.88264611296661, 19.286985170329743]]]}, "properties": {"h3_id": "89608b4e587ffff", "eligible_devices": 7, "qualifying_events": 1, "events_1_to_3_hours": 1, "events_over_3_hours": 0, "worst_affected_devices": 7, "worst_affected_share": 1.0, "longest_event_minutes": 100.0, "latest_event_start_ist": "2026-07-06 09:55:00", "latest_event_end_ist": "2026-07-06 11:35:00", "severity": "1_to_3_hours"}}, {"type": "Feature", "geometry": {"type": "Polygon", "coordinates": [[[72.84388332639861, 19.293871877886577], [72.84330640668992, 19.295530915605813], [72.84157114761646, 19.295768219339404], [72.84041284065555, 19.294346520412134], [72.84098975119397, 19.292687510512916], [72.84272497786424, 19.292450171720922], [72.84388332639861, 19.293871877886577]]]}, "properties": {"h3_id": "89608b4ecbbffff", "eligible_devices": 5, "qualifying_events": 1, "events_1_to_3_hours": 0, "events_over_3_hours": 1, "worst_affected_devices": 5, "worst_affected_share": 1.0, "longest_event_minutes": 1760.0, "latest_event_start_ist": "2026-07-06 10:55:00", "latest_event_end_ist": "2026-07-07 16:15:00", "severity": "over_3_hours"}}, {"type": "Feature", "geometry": {"type": "Polygon", "coordinates": [[[72.99890099258891, 19.166567174644054], [72.99832396984304, 19.168230123354107], [72.99658582760141, 19.16847086048771], [72.99542474050808, 19.167048683816567], [72.99600175424297, 19.165385762992724], [72.99773986408285, 19.165144990953745], [72.99890099258891, 19.166567174644054]]]}, "properties": {"h3_id": "89608b50923ffff", "eligible_devices": 20, "qualifying_events": 1, "events_1_to_3_hours": 1, "events_over_3_hours": 0, "worst_affected_devices": 15, "worst_affected_share": 0.75, "longest_event_minutes": 175.0, "latest_event_start_ist": "2026-07-19 13:10:00", "latest_event_end_ist": "2026-07-19 16:05:00", "severity": "1_to_3_hours"}}, {"type": "Feature", "geometry": {"type": "Polygon", "coordinates": [[[72.99600175424297, 19.165385762992724], [72.99542474050808, 19.167048683816567], [72.99368667355753, 19.167289404636335], [72.99252565274354, 19.165867239540923], [72.99310265746468, 19.164204346606017], [72.99484069201422, 19.163963590877515], [72.99600175424297, 19.165385762992724]]]}, "properties": {"h3_id": "89608b50927ffff", "eligible_devices": 10, "qualifying_events": 3, "events_1_to_3_hours": 2, "events_over_3_hours": 1, "worst_affected_devices": 10, "worst_affected_share": 1.0, "longest_event_minutes": 295.0, "latest_event_start_ist": "2026-07-18 06:00:00", "latest_event_end_ist": "2026-07-18 10:55:00", "severity": "over_3_hours"}}, {"type": "Feature", "geometry": {"type": "Polygon", "coordinates": [[[72.99831687929235, 19.163482011893212], [72.99773986408285, 19.165144990953745], [72.99600175424297, 19.165385762992724], [72.99484069201422, 19.163963590877515], [72.99541769821235, 19.162300639706917], [72.99715577565127, 19.162059832761518], [72.99831687929235, 19.163482011893212]]]}, "properties": {"h3_id": "89608b50937ffff", "eligible_devices": 6, "qualifying_events": 3, "events_1_to_3_hours": 2, "events_over_3_hours": 1, "worst_affected_devices": 6, "worst_affected_share": 1.0, "longest_event_minutes": 260.0, "latest_event_start_ist": "2026-07-18 06:00:00", "latest_event_end_ist": "2026-07-18 10:20:00", "severity": "over_3_hours"}}, {"type": "Feature", "geometry": {"type": "Polygon", "coordinates": [[[73.00004791279464, 19.158492897567733], [72.99947090364833, 19.160155965197678], [72.99773278332444, 19.160396823359243], [72.99657170454765, 19.158974648795972], [72.99714870468456, 19.15731160906066], [72.99888679260835, 19.15707071599392], [73.00004791279464, 19.158492897567733]]]}, "properties": {"h3_id": "89608b509a7ffff", "eligible_devices": 8, "qualifying_events": 1, "events_1_to_3_hours": 1, "events_over_3_hours": 0, "worst_affected_devices": 7, "worst_affected_share": 0.875, "longest_event_minutes": 105.0, "latest_event_start_ist": "2026-07-05 14:40:00", "latest_event_end_ist": "2026-07-05 16:25:00", "severity": "1_to_3_hours"}}, {"type": "Feature", "geometry": {"type": "Polygon", "coordinates": [[[73.12660756323984, 19.218544406584964], [73.126030146754, 19.2202085795331], [73.12428869531735, 19.220450039386254], [73.12312469280208, 19.21902736104726], [73.12370210039906, 19.21736321586277], [73.12544351940085, 19.217121721253562], [73.12660756323984, 19.218544406584964]]]}, "properties": {"h3_id": "89608b5140fffff", "eligible_devices": 5, "qualifying_events": 6, "events_1_to_3_hours": 3, "events_over_3_hours": 3, "worst_affected_devices": 4, "worst_affected_share": 0.8, "longest_event_minutes": 410.0, "latest_event_start_ist": "2026-07-30 16:40:00", "latest_event_end_ist": "2026-07-30 17:55:00", "severity": "over_3_hours"}}, {"type": "Feature", "geometry": {"type": "Polygon", "coordinates": [[[73.13708532511959, 19.23134880611011], [73.13650785942822, 19.233012970700262], [73.13476608530804, 19.23325437594912], [73.13360180931939, 19.23183165135029], [73.13417926613141, 19.230167514504142], [73.13592100781212, 19.22992607451275], [73.13708532511959, 19.23134880611011]]]}, "properties": {"h3_id": "89608b51683ffff", "eligible_devices": 13, "qualifying_events": 2, "events_1_to_3_hours": 2, "events_over_3_hours": 0, "worst_affected_devices": 11, "worst_affected_share": 0.8462, "longest_event_minutes": 85.0, "latest_event_start_ist": "2026-07-23 18:25:00", "latest_event_end_ist": "2026-07-23 19:30:00", "severity": "1_to_3_hours"}}, {"type": "Feature", "geometry": {"type": "Polygon", "coordinates": [[[73.13417926613141, 19.230167514504142], [73.13360180931939, 19.23183165135029], [73.13186011032022, 19.232073040041755], [73.13069590057248, 19.230650326632958], [73.13127334850236, 19.228986217533574], [73.1330150150628, 19.22874479409618], [73.13417926613141, 19.230167514504142]]]}, "properties": {"h3_id": "89608b51687ffff", "eligible_devices": 6, "qualifying_events": 1, "events_1_to_3_hours": 1, "events_over_3_hours": 0, "worst_affected_devices": 6, "worst_affected_share": 1.0, "longest_event_minutes": 85.0, "latest_event_start_ist": "2026-07-17 08:05:00", "latest_event_end_ist": "2026-07-17 09:30:00", "severity": "1_to_3_hours"}}, {"type": "Feature", "geometry": {"type": "Polygon", "coordinates": [[[72.94500577944655, 19.1502883012374], [72.944428913294, 19.151950659051064], [72.942692137423, 19.15219101713217], [72.9415322600939, 19.150769052366822], [72.94210911718382, 19.14910672248451], [72.9438458606661, 19.14886632943611], [72.94500577944655, 19.1502883012374]]]}, "properties": {"h3_id": "89608b5427bffff", "eligible_devices": 10, "qualifying_events": 1, "events_1_to_3_hours": 0, "events_over_3_hours": 1, "worst_affected_devices": 9, "worst_affected_share": 0.9, "longest_event_minutes": 190.0, "latest_event_start_ist": "2026-07-04 14:45:00", "latest_event_end_ist": "2026-07-04 17:55:00", "severity": "over_3_hours"}}, {"type": "Feature", "geometry": {"type": "Polygon", "coordinates": [[[72.9009556915491, 19.101003749737668], [72.90037902645498, 19.10266607647779], [72.89864358667774, 19.102906609177822], [72.89748484436514, 19.101484850160208], [72.89806150035679, 19.0998225514285], [72.89979690776416, 19.0995819837059], [72.9009556915491, 19.101003749737668]]]}, "properties": {"h3_id": "89608b54c17ffff", "eligible_devices": 8, "qualifying_events": 1, "events_1_to_3_hours": 1, "events_over_3_hours": 0, "worst_affected_devices": 8, "worst_affected_share": 1.0, "longest_event_minutes": 110.0, "latest_event_start_ist": "2026-07-07 15:40:00", "latest_event_end_ist": "2026-07-07 17:30:00", "severity": "1_to_3_hours"}}, {"type": "Feature", "geometry": {"type": "Polygon", "coordinates": [[[72.99310265746468, 19.164204346606017], [72.99252565274354, 19.165867239540923], [72.9907876610877, 19.16610794405179], [72.98962670655385, 19.164685790539785], [72.99020370225848, 19.163022925496634], [72.9919416615141, 19.162782186073656], [72.99310265746468, 19.164204346606017]]]}, "properties": {"h3_id": "89608b55453ffff", "eligible_devices": 7, "qualifying_events": 3, "events_1_to_3_hours": 2, "events_over_3_hours": 1, "worst_affected_devices": 6, "worst_affected_share": 0.8571, "longest_event_minutes": 325.0, "latest_event_start_ist": "2026-07-18 06:00:00", "latest_event_end_ist": "2026-07-18 11:25:00", "severity": "over_3_hours"}}, {"type": "Feature", "geometry": {"type": "Polygon", "coordinates": [[[72.99541769821235, 19.162300639706917], [72.99484069201422, 19.163963590877515], [72.99310265746468, 19.164204346606017], [72.9919416615141, 19.162782186073656], [72.99251865869812, 19.16111926279575], [72.99425666084746, 19.160878472157457], [72.99541769821235, 19.162300639706917]]]}, "properties": {"h3_id": "89608b554cbffff", "eligible_devices": 18, "qualifying_events": 3, "events_1_to_3_hours": 2, "events_over_3_hours": 1, "worst_affected_devices": 16, "worst_affected_share": 0.8889, "longest_event_minutes": 295.0, "latest_event_start_ist": "2026-07-18 06:00:00", "latest_event_end_ist": "2026-07-18 10:55:00", "severity": "over_3_hours"}}, {"type": "Feature", "geometry": {"type": "Polygon", "coordinates": [[[72.99714870468456, 19.15731160906066], [72.99657170454765, 19.158974648795972], [72.9948336595089, 19.15921549064885], [72.99367264700712, 19.15779332767493], [72.99424963813195, 19.156130315837046], [72.99598765077131, 19.15588943907562], [72.99714870468456, 19.15731160906066]]]}, "properties": {"h3_id": "89608b554d3ffff", "eligible_devices": 7, "qualifying_events": 2, "events_1_to_3_hours": 2, "events_over_3_hours": 0, "worst_affected_devices": 7, "worst_affected_share": 1.0, "longest_event_minutes": 110.0, "latest_event_start_ist": "2026-07-17 21:50:00", "latest_event_end_ist": "2026-07-17 23:15:00", "severity": "1_to_3_hours"}}, {"type": "Feature", "geometry": {"type": "Polygon", "coordinates": [[[72.99773278332444, 19.160396823359243], [72.99715577565127, 19.162059832761518], [72.99541769821235, 19.162300639706917], [72.99425666084746, 19.160878472157457], [72.9948336595089, 19.15921549064885], [72.99657170454765, 19.158974648795972], [72.99773278332444, 19.160396823359243]]]}, "properties": {"h3_id": "89608b554dbffff", "eligible_devices": 18, "qualifying_events": 2, "events_1_to_3_hours": 2, "events_over_3_hours": 0, "worst_affected_devices": 17, "worst_affected_share": 0.9444, "longest_event_minutes": 105.0, "latest_event_start_ist": "2026-07-17 21:55:00", "latest_event_end_ist": "2026-07-17 23:15:00", "severity": "1_to_3_hours"}}, {"type": "Feature", "geometry": {"type": "Polygon", "coordinates": [[[72.99719113400309, 19.18579921040228], [72.99661407651988, 19.187461890691832], [72.9948758580401, 19.18770235084788], [72.99371472945002, 19.186280165618953], [72.99429177791934, 19.184617513194883], [72.99602996399331, 19.184377018134224], [72.99719113400309, 19.18579921040228]]]}, "properties": {"h3_id": "89608b55653ffff", "eligible_devices": 5, "qualifying_events": 1, "events_1_to_3_hours": 0, "events_over_3_hours": 1, "worst_affected_devices": 4, "worst_affected_share": 0.8, "longest_event_minutes": 795.0, "latest_event_start_ist": "2026-07-08 00:30:00", "latest_event_end_ist": "2026-07-08 13:45:00", "severity": "over_3_hours"}}, {"type": "Feature", "geometry": {"type": "Polygon", "coordinates": [[[72.99833815165002, 19.17772599804266], [72.99776110776733, 19.179388797392285], [72.99602291120483, 19.179629378587805], [72.99486179092986, 19.17820719533811], [72.99543882580032, 19.176544423862484], [72.99717698995866, 19.176303807762505], [72.99833815165002, 19.17772599804266]]]}, "properties": {"h3_id": "89608b556d7ffff", "eligible_devices": 6, "qualifying_events": 1, "events_1_to_3_hours": 1, "events_over_3_hours": 0, "worst_affected_devices": 6, "worst_affected_share": 1.0, "longest_event_minutes": 70.0, "latest_event_start_ist": "2026-07-05 20:00:00", "latest_event_end_ist": "2026-07-05 21:10:00", "severity": "1_to_3_hours"}}, {"type": "Feature", "geometry": {"type": "Polygon", "coordinates": [[[72.94037853989018, 19.154093623597674], [72.93980167677655, 19.155755864941117], [72.9380649868544, 19.155996120629172], [72.93690519243528, 19.15457416994559], [72.93748204648152, 19.1529119565315], [72.93921870401489, 19.15267166587157], [72.94037853989018, 19.154093623597674]]]}, "properties": {"h3_id": "89608b55cd3ffff", "eligible_devices": 11, "qualifying_events": 1, "events_1_to_3_hours": 1, "events_over_3_hours": 0, "worst_affected_devices": 8, "worst_affected_share": 0.7273, "longest_event_minutes": 135.0, "latest_event_start_ist": "2026-07-02 00:40:00", "latest_event_end_ist": "2026-07-02 02:55:00", "severity": "1_to_3_hours"}}, {"type": "Feature", "geometry": {"type": "Polygon", "coordinates": [[[72.91770684992439, 19.07652293163285], [72.91713019509746, 19.078185813862884], [72.91539450835052, 19.078426860755158], [72.91423550879846, 19.077005060424664], [72.91481215454081, 19.075342206222142], [72.91654780892046, 19.07510112432255], [72.91770684992439, 19.07652293163285]]]}, "properties": {"h3_id": "89608b56843ffff", "eligible_devices": 14, "qualifying_events": 1, "events_1_to_3_hours": 1, "events_over_3_hours": 0, "worst_affected_devices": 12, "worst_affected_share": 0.8571, "longest_event_minutes": 70.0, "latest_event_start_ist": "2026-07-09 12:00:00", "latest_event_end_ist": "2026-07-09 13:10:00", "severity": "1_to_3_hours"}}, {"type": "Feature", "geometry": {"type": "Polygon", "coordinates": [[[72.92001923602677, 19.074618893259302], [72.91944257966153, 19.076281833603705], [72.91770684992439, 19.07652293163285], [72.91654780892046, 19.07510112432255], [72.91712445620348, 19.07343821200661], [72.91886015357332, 19.07319707897247], [72.92001923602677, 19.074618893259302]]]}, "properties": {"h3_id": "89608b56853ffff", "eligible_devices": 39, "qualifying_events": 1, "events_1_to_3_hours": 1, "events_over_3_hours": 0, "worst_affected_devices": 35, "worst_affected_share": 0.8974, "longest_event_minutes": 70.0, "latest_event_start_ist": "2026-07-09 12:00:00", "latest_event_end_ist": "2026-07-09 13:10:00", "severity": "1_to_3_hours"}}, {"type": "Feature", "geometry": {"type": "Polygon", "coordinates": [[[72.91712445620348, 19.07343821200661], [72.91654780892046, 19.07510112432255], [72.91481215454081, 19.075342206222142], [72.91365317981139, 19.073920410814083], [72.91422981800946, 19.07225752652937], [72.91596544002257, 19.072016409621437], [72.91712445620348, 19.07343821200661]]]}, "properties": {"h3_id": "89608b56857ffff", "eligible_devices": 9, "qualifying_events": 1, "events_1_to_3_hours": 1, "events_over_3_hours": 0, "worst_affected_devices": 8, "worst_affected_share": 0.8889, "longest_event_minutes": 70.0, "latest_event_start_ist": "2026-07-09 12:00:00", "latest_event_end_ist": "2026-07-09 13:10:00", "severity": "1_to_3_hours"}}, {"type": "Feature", "geometry": {"type": "Polygon", "coordinates": [[[72.92060168693921, 19.077703652808612], [72.92002502303042, 19.079366563063353], [72.91828926092516, 19.079607626088546], [72.91713019509746, 19.078185813862884], [72.91770684992439, 19.07652293163285], [72.91944257966153, 19.076281833603705], [72.92060168693921, 19.077703652808612]]]}, "properties": {"h3_id": "89608b5685bffff", "eligible_devices": 9, "qualifying_events": 1, "events_1_to_3_hours": 1, "events_over_3_hours": 0, "worst_affected_devices": 9, "worst_affected_share": 1.0, "longest_event_minutes": 75.0, "latest_event_start_ist": "2026-07-09 12:00:00", "latest_event_end_ist": "2026-07-09 13:15:00", "severity": "1_to_3_hours"}}, {"type": "Feature", "geometry": {"type": "Polygon", "coordinates": [[[72.92233166665142, 19.072714745639278], [72.92175500874981, 19.074377744094043], [72.92001923602677, 19.074618893259302], [72.91886015357332, 19.07319707897247], [72.9194368023951, 19.071534108547127], [72.92117254275082, 19.071292924379154], [72.92233166665142, 19.072714745639278]]]}, "properties": {"h3_id": "89608b568cbffff", "eligible_devices": 13, "qualifying_events": 1, "events_1_to_3_hours": 1, "events_over_3_hours": 0, "worst_affected_devices": 13, "worst_affected_share": 1.0, "longest_event_minutes": 70.0, "latest_event_start_ist": "2026-07-09 12:00:00", "latest_event_end_ist": "2026-07-09 13:10:00", "severity": "1_to_3_hours"}}, {"type": "Feature", "geometry": {"type": "Polygon", "coordinates": [[[72.9194368023951, 19.071534108547127], [72.91886015357332, 19.07319707897247], [72.91712445620348, 19.07343821200661], [72.91596544002257, 19.072016409621437], [72.91654207976174, 19.0703534672283], [72.9182777447651, 19.070112299188125], [72.9194368023951, 19.071534108547127]]]}, "properties": {"h3_id": "89608b568cfffff", "eligible_devices": 8, "qualifying_events": 1, "events_1_to_3_hours": 1, "events_over_3_hours": 0, "worst_affected_devices": 7, "worst_affected_share": 0.875, "longest_event_minutes": 75.0, "latest_event_start_ist": "2026-07-09 12:00:00", "latest_event_end_ist": "2026-07-09 13:15:00", "severity": "1_to_3_hours"}}, {"type": "Feature", "geometry": {"type": "Polygon", "coordinates": [[[72.92866884119275, 19.049671261756217], [72.92809221487032, 19.051334642804097], [72.92635643207502, 19.05157617148422], [72.92519730796607, 19.050154354115026], [72.9257739252163, 19.048491001119192], [72.92750967564837, 19.0482494374404], [72.92866884119275, 19.049671261756217]]]}, "properties": {"h3_id": "89608b56cbbffff", "eligible_devices": 5, "qualifying_events": 29, "events_1_to_3_hours": 2, "events_over_3_hours": 27, "worst_affected_devices": 5, "worst_affected_share": 1.0, "longest_event_minutes": 2440.0, "latest_event_start_ist": "2026-07-31 03:00:00", "latest_event_end_ist": "2026-07-31 11:00:00", "severity": "over_3_hours"}}, {"type": "Feature", "geometry": {"type": "Polygon", "coordinates": [[[72.92291415747499, 19.07579957027486], [72.9223374920303, 19.077462538644973], [72.92060168693921, 19.077703652808612], [72.91944257966153, 19.076281833603705], [72.92001923602677, 19.074618893259302], [72.92175500874981, 19.074377744094043], [72.92291415747499, 19.07579957027486]]]}, "properties": {"h3_id": "89608b56e27ffff", "eligible_devices": 19, "qualifying_events": 1, "events_1_to_3_hours": 1, "events_over_3_hours": 0, "worst_affected_devices": 19, "worst_affected_share": 1.0, "longest_event_minutes": 75.0, "latest_event_start_ist": "2026-07-09 12:00:00", "latest_event_end_ist": "2026-07-09 13:15:00", "severity": "1_to_3_hours"}}, {"type": "Feature", "geometry": {"type": "Polygon", "coordinates": [[[73.0023201454733, 19.128095943084], [73.0017431921927, 19.129759427632656], [73.0000052024179, 19.130000718654045], [72.99884419831801, 19.128578560033457], [72.99942114259339, 19.126915103412298], [73.00115909997454, 19.126673777484157], [73.0023201454733, 19.128095943084]]]}, "properties": {"h3_id": "89608b57057ffff", "eligible_devices": 5, "qualifying_events": 3, "events_1_to_3_hours": 2, "events_over_3_hours": 1, "worst_affected_devices": 5, "worst_affected_share": 1.0, "longest_event_minutes": 190.0, "latest_event_start_ist": "2026-07-19 13:10:00", "latest_event_end_ist": "2026-07-19 14:50:00", "severity": "over_3_hours"}}, {"type": "Feature", "geometry": {"type": "Polygon", "coordinates": [[[72.99479146937475, 19.130724456756127], [72.99421452804793, 19.132387797023895], [72.99247669929657, 19.13262896937042], [72.99131584426563, 19.131206836363912], [72.99189277657969, 19.12954352402449], [72.99363057293809, 19.129302316763177], [72.99479146937475, 19.130724456756127]]]}, "properties": {"h3_id": "89608b57063ffff", "eligible_devices": 6, "qualifying_events": 4, "events_1_to_3_hours": 1, "events_over_3_hours": 3, "worst_affected_devices": 5, "worst_affected_share": 0.8333, "longest_event_minutes": 275.0, "latest_event_start_ist": "2026-07-19 13:10:00", "latest_event_end_ist": "2026-07-19 14:50:00", "severity": "over_3_hours"}}, {"type": "Feature", "geometry": {"type": "Polygon", "coordinates": [[[72.99769030370564, 19.13190538485301], [72.9971133533688, 19.133568753046344], [72.99537544934277, 19.133809941676112], [72.99421452804793, 19.132387797023895], [72.99479146937475, 19.130724456756127], [72.99652934100706, 19.130483233214942], [72.99769030370564, 19.13190538485301]]]}, "properties": {"h3_id": "89608b5707bffff", "eligible_devices": 25, "qualifying_events": 3, "events_1_to_3_hours": 2, "events_over_3_hours": 1, "worst_affected_devices": 20, "worst_affected_share": 0.8, "longest_event_minutes": 240.0, "latest_event_start_ist": "2026-07-19 13:10:00", "latest_event_end_ist": "2026-07-19 14:50:00", "severity": "over_3_hours"}}, {"type": "Feature", "geometry": {"type": "Polygon", "coordinates": [[[72.9988796929713, 19.15232231276576], [72.99830269889651, 19.153985441043023], [72.99656464337208, 19.154226369016023], [72.99540361432163, 19.152804203618977], [72.9959805993863, 19.151141103243837], [72.9977186225122, 19.150900140363525], [72.9988796929713, 19.15232231276576]]]}, "properties": {"h3_id": "89608b57263ffff", "eligible_devices": 25, "qualifying_events": 1, "events_1_to_3_hours": 1, "events_over_3_hours": 0, "worst_affected_devices": 23, "worst_affected_share": 0.92, "longest_event_minutes": 110.0, "latest_event_start_ist": "2026-07-05 14:40:00", "latest_event_end_ist": "2026-07-05 16:30:00", "severity": "1_to_3_hours"}}, {"type": "Feature", "geometry": {"type": "Polygon", "coordinates": [[[72.99946379421885, 19.15540761803594], [72.99888679260835, 19.15707071599392], [72.99714870468456, 19.15731160906066], [72.99598765077131, 19.15588943907562], [72.99656464337208, 19.154226369016023], [72.99830269889651, 19.153985441043023], [72.99946379421885, 19.15540761803594]]]}, "properties": {"h3_id": "89608b5726bffff", "eligible_devices": 8, "qualifying_events": 1, "events_1_to_3_hours": 1, "events_over_3_hours": 0, "worst_affected_devices": 8, "worst_affected_share": 1.0, "longest_event_minutes": 110.0, "latest_event_start_ist": "2026-07-05 14:40:00", "latest_event_end_ist": "2026-07-05 16:30:00", "severity": "1_to_3_hours"}}, {"type": "Feature", "geometry": {"type": "Polygon", "coordinates": [[[72.99656464337208, 19.154226369016023], [72.99598765077131, 19.15588943907562], [72.99424963813195, 19.156130315837046], [72.99308865049258, 19.154708157448493], [72.99366563408083, 19.153045115290045], [72.99540361432163, 19.152804203618977], [72.99656464337208, 19.154226369016023]]]}, "properties": {"h3_id": "89608b5726fffff", "eligible_devices": 6, "qualifying_events": 4, "events_1_to_3_hours": 4, "events_over_3_hours": 0, "worst_affected_devices": 5, "worst_affected_share": 0.8333, "longest_event_minutes": 105.0, "latest_event_start_ist": "2026-07-15 17:10:00", "latest_event_end_ist": "2026-07-15 18:30:00", "severity": "1_to_3_hours"}}, {"type": "Feature", "geometry": {"type": "Polygon", "coordinates": [[[72.99829560905135, 19.149236981775694], [72.9977186225122, 19.150900140363525], [72.9959805993863, 19.151141103243837], [72.99481959519795, 19.14971894244462], [72.9953965727266, 19.148055811762646], [72.99713456345475, 19.14781481397395], [72.99829560905135, 19.149236981775694]]]}, "properties": {"h3_id": "89608b57277ffff", "eligible_devices": 7, "qualifying_events": 3, "events_1_to_3_hours": 3, "events_over_3_hours": 0, "worst_affected_devices": 5, "worst_affected_share": 0.7143, "longest_event_minutes": 120.0, "latest_event_start_ist": "2026-07-10 15:10:00", "latest_event_end_ist": "2026-07-10 17:10:00", "severity": "1_to_3_hours"}}, {"type": "Feature", "geometry": {"type": "Polygon", "coordinates": [[[73.00924342714391, 19.108131830372503], [73.00866649812664, 19.10979566842354], [73.00692846647588, 19.110037303815467], [73.00576739623334, 19.108615136058003], [73.00634431625338, 19.10695132595329], [73.0080823155138, 19.106709655659664], [73.00924342714391, 19.108131830372503]]]}, "properties": {"h3_id": "89608b57433ffff", "eligible_devices": 22, "qualifying_events": 2, "events_1_to_3_hours": 1, "events_over_3_hours": 1, "worst_affected_devices": 17, "worst_affected_share": 0.7727, "longest_event_minutes": 370.0, "latest_event_start_ist": "2026-07-26 01:50:00", "latest_event_end_ist": "2026-07-26 08:00:00", "severity": "over_3_hours"}}, {"type": "Feature", "geometry": {"type": "Polygon", "coordinates": [[[72.99996250053951, 19.1015043792499], [72.99938560605506, 19.103168163630524], [72.99764783253917, 19.10340978511175], [72.99648698589564, 19.101987657125164], [72.99706387137421, 19.100323900702953], [72.99880161250286, 19.10008224430884], [72.99996250053951, 19.1015043792499]]]}, "properties": {"h3_id": "89608b575c7ffff", "eligible_devices": 6, "qualifying_events": 16, "events_1_to_3_hours": 2, "events_over_3_hours": 14, "worst_affected_devices": 6, "worst_affected_share": 1.0, "longest_event_minutes": 370.0, "latest_event_start_ist": "2026-07-31 02:45:00", "latest_event_end_ist": "2026-07-31 07:10:00", "severity": "over_3_hours"}}, {"type": "Feature", "geometry": {"type": "Polygon", "coordinates": [[[73.06699107540422, 19.313865743210183], [73.0664136014707, 19.31552782492441], [73.06467296822778, 19.315767344446083], [73.06350984136566, 19.31434481706236], [73.06408730634571, 19.312682763035205], [73.06582790714205, 19.312443208704646], [73.06699107540422, 19.313865743210183]]]}, "properties": {"h3_id": "89608b58c3bffff", "eligible_devices": 10, "qualifying_events": 3, "events_1_to_3_hours": 1, "events_over_3_hours": 2, "worst_affected_devices": 8, "worst_affected_share": 0.8, "longest_event_minutes": 400.0, "latest_event_start_ist": "2026-07-27 12:05:00", "latest_event_end_ist": "2026-07-27 18:45:00", "severity": "over_3_hours"}}, {"type": "Feature", "geometry": {"type": "Polygon", "coordinates": [[[73.08785602978885, 19.296746391559115], [73.08727854316946, 19.29840899927681], [73.08553752472895, 19.29864898084413], [73.08437402535465, 19.297226389481814], [73.08495150304218, 19.295563809459853], [73.08669248903651, 19.295323793104394], [73.08785602978885, 19.296746391559115]]]}, "properties": {"h3_id": "89608b5aa17ffff", "eligible_devices": 8, "qualifying_events": 8, "events_1_to_3_hours": 0, "events_over_3_hours": 8, "worst_affected_devices": 7, "worst_affected_share": 0.875, "longest_event_minutes": 1300.0, "latest_event_start_ist": "2026-07-23 20:35:00", "latest_event_end_ist": "2026-07-24 18:15:00", "severity": "over_3_hours"}}, {"type": "Feature", "geometry": {"type": "Polygon", "coordinates": [[[73.08726996812625, 19.29366115465852], [73.08669248903651, 19.295323793104394], [73.08495150304218, 19.295563809459853], [73.0837880285836, 19.29414122215862], [73.08436549874109, 19.29247861141224], [73.08610645229007, 19.292238560267535], [73.08726996812625, 19.29366115465852]]]}, "properties": {"h3_id": "89608b5aabbffff", "eligible_devices": 9, "qualifying_events": 2, "events_1_to_3_hours": 1, "events_over_3_hours": 1, "worst_affected_devices": 7, "worst_affected_share": 0.7778, "longest_event_minutes": 210.0, "latest_event_start_ist": "2026-07-07 21:10:00", "latest_event_end_ist": "2026-07-07 22:45:00", "severity": "over_3_hours"}}, {"type": "Feature", "geometry": {"type": "Polygon", "coordinates": [[[72.79011223319591, 19.305956506305318], [72.78953541574171, 19.307614591311367], [72.7878013559365, 19.30785113427973], [72.78664414598221, 19.30642962735753], [72.78722095421317, 19.304771570184023], [72.7889549816223, 19.304534992100084], [72.79011223319591, 19.305956506305318]]]}, "properties": {"h3_id": "89608b7b44fffff", "eligible_devices": 18, "qualifying_events": 5, "events_1_to_3_hours": 2, "events_over_3_hours": 3, "worst_affected_devices": 16, "worst_affected_share": 0.8889, "longest_event_minutes": 1475.0, "latest_event_start_ist": "2026-07-28 14:20:00", "latest_event_end_ist": "2026-07-28 15:35:00", "severity": "over_3_hours"}}, {"type": "Feature", "geometry": {"type": "Polygon", "coordinates": [[[73.01783040259728, 19.040409088027424], [73.0172535898981, 19.04207390237457], [73.0155157660875, 19.042316540360364], [73.01435478735331, 19.04089439889986], [73.01493159106793, 19.03922961257035], [73.01666938250199, 19.038986939683614], [73.01783040259728, 19.040409088027424]]]}, "properties": {"h3_id": "89608bcce7bffff", "eligible_devices": 10, "qualifying_events": 1, "events_1_to_3_hours": 0, "events_over_3_hours": 1, "worst_affected_devices": 10, "worst_affected_share": 1.0, "longest_event_minutes": 915.0, "latest_event_start_ist": "2026-07-18 18:20:00", "latest_event_end_ist": "2026-07-19 09:35:00", "severity": "over_3_hours"}}, {"type": "Feature", "geometry": {"type": "Polygon", "coordinates": [[[73.10195742847624, 19.07461188602689], [73.10138035642885, 19.076277511673638], [73.09964035348284, 19.07652062259689], [73.09847745498324, 19.07509814267612], [73.09905451812642, 19.073432544966167], [73.10079448867408, 19.073189399240135], [73.10195742847624, 19.07461188602689]]]}, "properties": {"h3_id": "89608bcd44fffff", "eligible_devices": 5, "qualifying_events": 1, "events_1_to_3_hours": 1, "events_over_3_hours": 0, "worst_affected_devices": 4, "worst_affected_share": 0.8, "longest_event_minutes": 70.0, "latest_event_start_ist": "2026-07-06 13:10:00", "latest_event_end_ist": "2026-07-06 14:20:00", "severity": "1_to_3_hours"}}, {"type": "Feature", "geometry": {"type": "Polygon", "coordinates": [[[73.09846870013551, 19.070344441927922], [73.09789164450855, 19.072010069741694], [73.09615174905143, 19.072253199093822], [73.09498894161878, 19.070830735439376], [73.09556598833836, 19.06916513556893], [73.09730585139866, 19.06892197140956], [73.09846870013551, 19.070344441927922]]]}, "properties": {"h3_id": "89608bcd473ffff", "eligible_devices": 22, "qualifying_events": 1, "events_1_to_3_hours": 1, "events_over_3_hours": 0, "worst_affected_devices": 18, "worst_affected_share": 0.8182, "longest_event_minutes": 70.0, "latest_event_start_ist": "2026-07-06 13:10:00", "latest_event_end_ist": "2026-07-06 14:20:00", "severity": "1_to_3_hours"}}, {"type": "Feature", "geometry": {"type": "Polygon", "coordinates": [[[73.00749090868904, 19.098873625148606], [73.00691400226685, 19.100537553737876], [73.00517606778472, 19.100779293838094], [73.0040150721134, 19.099357140253897], [73.00459196953726, 19.097693239622185], [73.00632987163144, 19.097451464617066], [73.00749090868904, 19.098873625148606]]]}, "properties": {"h3_id": "89608bcdb6bffff", "eligible_devices": 5, "qualifying_events": 1, "events_1_to_3_hours": 0, "events_over_3_hours": 1, "worst_affected_devices": 4, "worst_affected_share": 0.8, "longest_event_minutes": 335.0, "latest_event_start_ist": "2026-07-07 03:45:00", "latest_event_end_ist": "2026-07-07 09:20:00", "severity": "over_3_hours"}}, {"type": "Feature", "geometry": {"type": "Polygon", "coordinates": [[[73.01616641755456, 19.088163478003473], [73.015589512816, 19.08982766919205], [73.01385143934506, 19.090069648885056], [73.01269030300034, 19.088647472286066], [73.01326719874973, 19.086983309062653], [73.01500523983366, 19.08674129447302], [73.01616641755456, 19.088163478003473]]]}, "properties": {"h3_id": "89608bcdbc7ffff", "eligible_devices": 6, "qualifying_events": 1, "events_1_to_3_hours": 1, "events_over_3_hours": 0, "worst_affected_devices": 5, "worst_affected_share": 0.8333, "longest_event_minutes": 80.0, "latest_event_start_ist": "2026-07-25 12:30:00", "latest_event_end_ist": "2026-07-25 13:50:00", "severity": "1_to_3_hours"}}, {"type": "Feature", "geometry": {"type": "Polygon", "coordinates": [[[73.1012923373396, 19.028734662958314], [73.1007153588226, 19.03040085324564], [73.09897564893924, 19.030644570137905], [73.09781294996147, 19.029222131552142], [73.09838991957645, 19.027555969253036], [73.1001295970719, 19.02731221755142], [73.1012923373396, 19.028734662958314]]]}, "properties": {"h3_id": "89608bcf027ffff", "eligible_devices": 21, "qualifying_events": 1, "events_1_to_3_hours": 1, "events_over_3_hours": 0, "worst_affected_devices": 20, "worst_affected_share": 0.9524, "longest_event_minutes": 65.0, "latest_event_start_ist": "2026-07-31 09:45:00", "latest_event_end_ist": "2026-07-31 10:50:00", "severity": "1_to_3_hours"}}, {"type": "Feature", "geometry": {"type": "Polygon", "coordinates": [[[73.10478074021921, 19.03300203211269], [73.10420374528972, 19.03466822039465], [73.10246392795226, 19.03491191882475], [73.10130113793441, 19.03348946377776], [73.10187812396502, 19.03182330347748], [73.10361790891304, 19.03157957024247], [73.10478074021921, 19.03300203211269]]]}, "properties": {"h3_id": "89608bcf02bffff", "eligible_devices": 5, "qualifying_events": 3, "events_1_to_3_hours": 2, "events_over_3_hours": 1, "worst_affected_devices": 5, "worst_affected_share": 1.0, "longest_event_minutes": 250.0, "latest_event_start_ist": "2026-07-31 09:45:00", "latest_event_end_ist": "2026-07-31 13:55:00", "severity": "over_3_hours"}}, {"type": "Feature", "geometry": {"type": "Polygon", "coordinates": [[[73.10187812396502, 19.03182330347748], [73.10130113793441, 19.03348946377776], [73.09956139566233, 19.03373314586173], [73.09839867181026, 19.032310702453653], [73.09897564893924, 19.030644570137905], [73.1007153588226, 19.03040085324564], [73.10187812396502, 19.03182330347748]]]}, "properties": {"h3_id": "89608bcf02fffff", "eligible_devices": 9, "qualifying_events": 2, "events_1_to_3_hours": 1, "events_over_3_hours": 1, "worst_affected_devices": 8, "worst_affected_share": 0.8889, "longest_event_minutes": 195.0, "latest_event_start_ist": "2026-07-31 09:40:00", "latest_event_end_ist": "2026-07-31 10:50:00", "severity": "over_3_hours"}}, {"type": "Feature", "geometry": {"type": "Polygon", "coordinates": [[[73.10592584632023, 19.02491452125548], [73.10534886503298, 19.026580827473648], [73.10360906980206, 19.026824646662526], [73.10244628824685, 19.025402194437817], [73.10302326063686, 19.02373591620981], [73.10476302347999, 19.02349206221626], [73.10592584632023, 19.02491452125548]]]}, "properties": {"h3_id": "89608bcf0afffff", "eligible_devices": 12, "qualifying_events": 1, "events_1_to_3_hours": 1, "events_over_3_hours": 0, "worst_affected_devices": 11, "worst_affected_share": 0.9167, "longest_event_minutes": 80.0, "latest_event_start_ist": "2026-07-26 11:30:00", "latest_event_end_ist": "2026-07-26 12:50:00", "severity": "1_to_3_hours"}}, {"type": "Feature", "geometry": {"type": "Polygon", "coordinates": [[[73.10246392795226, 19.03491191882475], [73.10188693440797, 19.03657804912915], [73.10014715974638, 19.036821696405852], [73.09898441101927, 19.03539924818535], [73.09956139566233, 19.03373314586173], [73.10130113793441, 19.03348946377776], [73.10246392795226, 19.03491191882475]]]}, "properties": {"h3_id": "89608bcf393ffff", "eligible_devices": 14, "qualifying_events": 1, "events_1_to_3_hours": 1, "events_over_3_hours": 0, "worst_affected_devices": 11, "worst_affected_share": 0.7857, "longest_event_minutes": 65.0, "latest_event_start_ist": "2026-07-31 09:45:00", "latest_event_end_ist": "2026-07-31 10:50:00", "severity": "1_to_3_hours"}}, {"type": "Feature", "geometry": {"type": "Polygon", "coordinates": [[[73.10363558801482, 19.04108907392906], [73.10305857944294, 19.04275514421538], [73.10131874, 19.042998721880686], [73.10015594152067, 19.04157626406478], [73.10073294119205, 19.039910221751708], [73.10247274824393, 19.039666609281237], [73.10363558801482, 19.04108907392906]]]}, "properties": {"h3_id": "89608bcf3d7ffff", "eligible_devices": 13, "qualifying_events": 1, "events_1_to_3_hours": 1, "events_over_3_hours": 0, "worst_affected_devices": 12, "worst_affected_share": 0.9231, "longest_event_minutes": 150.0, "latest_event_start_ist": "2026-07-14 11:40:00", "latest_event_end_ist": "2026-07-14 14:10:00", "severity": "1_to_3_hours"}}]}